ALTER SESSION SET NLS_LANGUAGE='AMERICAN';
--------------------------------------------------------
--  File created - Wednesday-May-29-2013   
--------------------------------------------------------
  DROP TABLE "OA"."ANNOUNCEMENTS";
  DROP TABLE "OA"."CLASSROOM_BATCH_RESERVATION";
  DROP TABLE "OA"."CLASSROOM_CALENDAR";
  DROP TABLE "OA"."CONF_ROOM_CALENDAR";
  DROP TABLE "OA"."DEPARTMENTS";
  DROP TABLE "OA"."EMPLOYEES";
  DROP TABLE "OA"."HELPDESK_CALLS";
  DROP TABLE "OA"."HELPDESK_ROLES";
  DROP TABLE "OA"."ITEM_CATEGORY_APPROVAL";
  DROP TABLE "OA"."LOCATIONS";
  DROP TABLE "OA"."LOVS";
  DROP TABLE "OA"."MENUS";
  DROP TABLE "OA"."NOTIFICATIONS";
  DROP TABLE "OA"."PS_TXN";
  DROP TABLE "OA"."PURCHASE_ORDERS";
  DROP TABLE "OA"."PURCHASE_ORDER_HISTORYS";
  DROP TABLE "OA"."PURCHASE_ORDER_LINES";
  DROP TABLE "OA"."REPAIR_CALLS";
  DROP TABLE "OA"."ROLES";
  DROP TABLE "OA"."ROLE_MENUS";
  DROP TABLE "OA"."ROLE_USERS";
  DROP TABLE "OA"."TASKS";
  DROP TABLE "OA"."VEHICLE_CALENDAR";
  DROP SEQUENCE "OA"."ANNOUNCEMENTS_SEQ";
  DROP SEQUENCE "OA"."BATCH_SEQ";
  DROP SEQUENCE "OA"."CLASSROOM_BATCH_RESERVATI_SEQ";
  DROP SEQUENCE "OA"."CLASSROOM_CALENDAR_SEQ";
  DROP SEQUENCE "OA"."CONF_ROOM_CALENDAR_SEQ";
  DROP SEQUENCE "OA"."DEPARTMENT_SEQ";
  DROP SEQUENCE "OA"."EMPLOYEES_SEQ";
  DROP SEQUENCE "OA"."HELPDESK_CALLS_SEQ";
  DROP SEQUENCE "OA"."LOCATIONS_SEQ";
  DROP SEQUENCE "OA"."LOVS_SEQ";
  DROP SEQUENCE "OA"."NOTIFICATIONS_SEQ";
  DROP SEQUENCE "OA"."PS_TXN_SEQ";
  DROP SEQUENCE "OA"."PURCHASE_ORDERS_SEQ";
  DROP SEQUENCE "OA"."PURCHASE_ORDER_HISTORYS_SEQ";
  DROP SEQUENCE "OA"."PURCHASE_ORDER_LINES_SEQ";
  DROP SEQUENCE "OA"."REPAIR_CALLS_SEQ";
  DROP SEQUENCE "OA"."ROLES_SEQ";
  DROP SEQUENCE "OA"."TASKS_SEQ";
  DROP SEQUENCE "OA"."VEHICLE_ALENDAR_SEQ";
  DROP TYPE "OA"."CHARTABLETYPE";
--------------------------------------------------------
--  DDL for Type CHARTABLETYPE
--------------------------------------------------------

  CREATE OR REPLACE TYPE "OA"."CHARTABLETYPE" as table of varchar2(4000);

/

--------------------------------------------------------
--  DDL for Sequence ANNOUNCEMENTS_SEQ
--------------------------------------------------------

   CREATE SEQUENCE  "OA"."ANNOUNCEMENTS_SEQ"  MINVALUE 1 MAXVALUE 9999999999999999999999999999 INCREMENT BY 1 START WITH 1 CACHE 20 NOORDER  NOCYCLE ;
--------------------------------------------------------
--  DDL for Sequence BATCH_SEQ
--------------------------------------------------------

   CREATE SEQUENCE  "OA"."BATCH_SEQ"  MINVALUE 0 MAXVALUE 9999999999999999999999999999 INCREMENT BY 1 START WITH 100 CACHE 20 NOORDER  NOCYCLE ;
--------------------------------------------------------
--  DDL for Sequence CLASSROOM_BATCH_RESERVATI_SEQ
--------------------------------------------------------

   CREATE SEQUENCE  "OA"."CLASSROOM_BATCH_RESERVATI_SEQ"  MINVALUE 1 MAXVALUE 9999999999999999999999999999 INCREMENT BY 1 START WITH 145 CACHE 20 NOORDER  NOCYCLE ;
--------------------------------------------------------
--  DDL for Sequence CLASSROOM_CALENDAR_SEQ
--------------------------------------------------------

   CREATE SEQUENCE  "OA"."CLASSROOM_CALENDAR_SEQ"  MINVALUE 1 MAXVALUE 9999999999999999999999999999 INCREMENT BY 1 START WITH 746 CACHE 20 NOORDER  NOCYCLE ;
--------------------------------------------------------
--  DDL for Sequence CONF_ROOM_CALENDAR_SEQ
--------------------------------------------------------

   CREATE SEQUENCE  "OA"."CONF_ROOM_CALENDAR_SEQ"  MINVALUE 1 MAXVALUE 9999999999999999999999999999 INCREMENT BY 1 START WITH 284 CACHE 20 NOORDER  NOCYCLE ;
--------------------------------------------------------
--  DDL for Sequence DEPARTMENT_SEQ
--------------------------------------------------------

   CREATE SEQUENCE  "OA"."DEPARTMENT_SEQ"  MINVALUE 1 MAXVALUE 9999999999999999999999999999 INCREMENT BY 1 START WITH 45 CACHE 20 NOORDER  NOCYCLE ;
--------------------------------------------------------
--  DDL for Sequence EMPLOYEES_SEQ
--------------------------------------------------------

   CREATE SEQUENCE  "OA"."EMPLOYEES_SEQ"  MINVALUE 1 MAXVALUE 9999999999999999999999999999 INCREMENT BY 1 START WITH 521 CACHE 20 NOORDER  NOCYCLE ;
--------------------------------------------------------
--  DDL for Sequence HELPDESK_CALLS_SEQ
--------------------------------------------------------

   CREATE SEQUENCE  "OA"."HELPDESK_CALLS_SEQ"  MINVALUE 1 MAXVALUE 9999999999999999999999999999 INCREMENT BY 1 START WITH 100061 CACHE 20 NOORDER  NOCYCLE ;
--------------------------------------------------------
--  DDL for Sequence LOCATIONS_SEQ
--------------------------------------------------------

   CREATE SEQUENCE  "OA"."LOCATIONS_SEQ"  MINVALUE 1 MAXVALUE 9999999999999999999999999999 INCREMENT BY 1 START WITH 100 CACHE 20 NOORDER  NOCYCLE ;
--------------------------------------------------------
--  DDL for Sequence LOVS_SEQ
--------------------------------------------------------

   CREATE SEQUENCE  "OA"."LOVS_SEQ"  MINVALUE 1 MAXVALUE 9999999999999999999999999999 INCREMENT BY 1 START WITH 521 CACHE 20 NOORDER  NOCYCLE ;
--------------------------------------------------------
--  DDL for Sequence NOTIFICATIONS_SEQ
--------------------------------------------------------

   CREATE SEQUENCE  "OA"."NOTIFICATIONS_SEQ"  MINVALUE 1 MAXVALUE 9999999999999999999999999999 INCREMENT BY 1 START WITH 1143 CACHE 20 NOORDER  NOCYCLE ;
--------------------------------------------------------
--  DDL for Sequence PS_TXN_SEQ
--------------------------------------------------------

   CREATE SEQUENCE  "OA"."PS_TXN_SEQ"  MINVALUE 1 MAXVALUE 9999999999999999999999999999 INCREMENT BY 50 START WITH 20301 CACHE 20 NOORDER  NOCYCLE ;
--------------------------------------------------------
--  DDL for Sequence PURCHASE_ORDERS_SEQ
--------------------------------------------------------

   CREATE SEQUENCE  "OA"."PURCHASE_ORDERS_SEQ"  MINVALUE 1 MAXVALUE 9999999999999999999999999999 INCREMENT BY 1 START WITH 100101 CACHE 20 NOORDER  NOCYCLE ;
--------------------------------------------------------
--  DDL for Sequence PURCHASE_ORDER_HISTORYS_SEQ
--------------------------------------------------------

   CREATE SEQUENCE  "OA"."PURCHASE_ORDER_HISTORYS_SEQ"  MINVALUE 1 MAXVALUE 9999999999999999999999999999 INCREMENT BY 1 START WITH 141 CACHE 20 NOORDER  NOCYCLE ;
--------------------------------------------------------
--  DDL for Sequence PURCHASE_ORDER_LINES_SEQ
--------------------------------------------------------

   CREATE SEQUENCE  "OA"."PURCHASE_ORDER_LINES_SEQ"  MINVALUE 1 MAXVALUE 9999999999999999999999999999 INCREMENT BY 1 START WITH 101 CACHE 20 NOORDER  NOCYCLE ;
--------------------------------------------------------
--  DDL for Sequence REPAIR_CALLS_SEQ
--------------------------------------------------------

   CREATE SEQUENCE  "OA"."REPAIR_CALLS_SEQ"  MINVALUE 1 MAXVALUE 9999999999999999999999999999 INCREMENT BY 1 START WITH 1 CACHE 20 NOORDER  NOCYCLE ;
--------------------------------------------------------
--  DDL for Sequence ROLES_SEQ
--------------------------------------------------------

   CREATE SEQUENCE  "OA"."ROLES_SEQ"  MINVALUE 1 MAXVALUE 9999999999999999999999999999 INCREMENT BY 1 START WITH 62 CACHE 20 NOORDER  NOCYCLE ;
--------------------------------------------------------
--  DDL for Sequence TASKS_SEQ
--------------------------------------------------------

   CREATE SEQUENCE  "OA"."TASKS_SEQ"  MINVALUE 1 MAXVALUE 9999999999999999999999999999 INCREMENT BY 1 START WITH 434 CACHE 20 NOORDER  NOCYCLE ;
--------------------------------------------------------
--  DDL for Sequence VEHICLE_ALENDAR_SEQ
--------------------------------------------------------

   CREATE SEQUENCE  "OA"."VEHICLE_ALENDAR_SEQ"  MINVALUE 1 MAXVALUE 9999999999999999999999999999 INCREMENT BY 1 START WITH 223 CACHE 20 NOORDER  NOCYCLE ;
--------------------------------------------------------
--  DDL for Table ANNOUNCEMENTS
--------------------------------------------------------

  CREATE TABLE "OA"."ANNOUNCEMENTS" 
   (	"ID" VARCHAR2(20 BYTE), 
	"SENDER_ID" VARCHAR2(20 BYTE), 
	"SENDER_NAME" VARCHAR2(20 BYTE), 
	"TITLE" VARCHAR2(200 BYTE), 
	"CONTENT" VARCHAR2(2000 BYTE), 
	"ATTACHMENT_PATH" VARCHAR2(100 BYTE), 
	"SENT_DATE" DATE, 
	"EXPIRE_DATE" DATE, 
	"CATEGORY" VARCHAR2(20 BYTE), 
	"IMPORTANCE" VARCHAR2(20 BYTE)
   ) ;
--------------------------------------------------------
--  DDL for Table CLASSROOM_BATCH_RESERVATION
--------------------------------------------------------

  CREATE TABLE "OA"."CLASSROOM_BATCH_RESERVATION" 
   (	"ID" VARCHAR2(20 BYTE), 
	"BATCH_NO" VARCHAR2(20 BYTE), 
	"ACT_TITLE" VARCHAR2(200 BYTE), 
	"ACT_START_TIME" TIMESTAMP (6), 
	"ACT_END_TIME" TIMESTAMP (6), 
	"USER_ID" VARCHAR2(20 BYTE), 
	"USER_DISPLAY_NAME" VARCHAR2(20 BYTE), 
	"NUM_OF_PEOPLE" NUMBER(*,0), 
	"CLASSROOM" VARCHAR2(20 BYTE), 
	"COMMENTS" VARCHAR2(200 BYTE), 
	"BATCH_EFFECTIVE_DATE" DATE, 
	"BATCH_EXPIRE_DATE" DATE, 
	"RECURRENCE_TYPE" VARCHAR2(20 BYTE), 
	"FST_WK_MON" VARCHAR2(20 BYTE), 
	"FST_WK_TUE" VARCHAR2(20 BYTE), 
	"FST_WK_WED" VARCHAR2(20 BYTE), 
	"FST_WK_THU" VARCHAR2(20 BYTE), 
	"FST_WK_FRI" VARCHAR2(20 BYTE), 
	"FST_WK_SAT" VARCHAR2(20 BYTE), 
	"FST_WK_SUN" VARCHAR2(20 BYTE), 
	"SND_WK_MON" VARCHAR2(20 BYTE), 
	"SND_WK_TUE" VARCHAR2(20 BYTE), 
	"SND_WK_WED" VARCHAR2(20 BYTE), 
	"SND_WK_THU" VARCHAR2(20 BYTE), 
	"SND_WK_FRI" VARCHAR2(20 BYTE), 
	"SND_WK_SAT" VARCHAR2(20 BYTE), 
	"SND_WK_SUN" VARCHAR2(20 BYTE), 
	"LOCATION_ID" VARCHAR2(20 BYTE), 
	"LOCATION_NAME" VARCHAR2(20 BYTE), 
	"CLASSROOM_ID" VARCHAR2(20 BYTE), 
	"ALL_DAY" VARCHAR2(10 BYTE)
   ) ;
--------------------------------------------------------
--  DDL for Table CLASSROOM_CALENDAR
--------------------------------------------------------

  CREATE TABLE "OA"."CLASSROOM_CALENDAR" 
   (	"ID" VARCHAR2(20 BYTE), 
	"ACT_TITLE" VARCHAR2(200 BYTE), 
	"ACT_START_TIME" TIMESTAMP (6), 
	"ACT_END_TIME" TIMESTAMP (6), 
	"USER_ID" VARCHAR2(20 BYTE), 
	"USER_DISPLAY_NAME" VARCHAR2(20 BYTE), 
	"NUM_OF_PEOPLE" NUMBER(*,0), 
	"CLASSROOM" VARCHAR2(50 BYTE), 
	"COMMENTS" VARCHAR2(200 BYTE), 
	"CREATED_AT" DATE, 
	"BATCH_ID" VARCHAR2(20 BYTE), 
	"BATCH_NO" VARCHAR2(20 BYTE), 
	"LOCATION_ID" VARCHAR2(20 BYTE), 
	"LOCATION_NAME" VARCHAR2(20 BYTE), 
	"CLASSROOM_ID" VARCHAR2(20 BYTE), 
	"ALL_DAY" VARCHAR2(10 BYTE)
   ) ;
--------------------------------------------------------
--  DDL for Table CONF_ROOM_CALENDAR
--------------------------------------------------------

  CREATE TABLE "OA"."CONF_ROOM_CALENDAR" 
   (	"ID" VARCHAR2(20 BYTE), 
	"USER_ID" VARCHAR2(20 BYTE), 
	"USER_DISPLAY_NAME" VARCHAR2(20 BYTE), 
	"LOCATION_ID" VARCHAR2(20 BYTE), 
	"LOCATION_NAME" VARCHAR2(20 BYTE), 
	"MEETING_ROOM" VARCHAR2(20 BYTE), 
	"MEETING_ROOM_ID" VARCHAR2(20 BYTE), 
	"TITLE" VARCHAR2(200 BYTE), 
	"PARTICIPANTS" VARCHAR2(100 BYTE), 
	"START_TIME" TIMESTAMP (6), 
	"END_TIME" TIMESTAMP (6), 
	"COMMENTS" VARCHAR2(500 BYTE), 
	"NEED_PROJECTOR" VARCHAR2(5 BYTE), 
	"NEED_LOUDSPEAKER" VARCHAR2(5 BYTE), 
	"NEED_BEVERAGE" VARCHAR2(5 BYTE), 
	"NEED_FRUITS" VARCHAR2(5 BYTE), 
	"NEED_SNACKS" VARCHAR2(5 BYTE), 
	"SNACK_LEVEL" VARCHAR2(20 BYTE), 
	"NUM_OF_PEOPLE" NUMBER, 
	"STATE" VARCHAR2(20 BYTE), 
	"PR_ID" VARCHAR2(20 BYTE), 
	"ALLDAY" VARCHAR2(20 BYTE), 
	"SUBMIT_DATE" DATE
   ) ;
--------------------------------------------------------
--  DDL for Table DEPARTMENTS
--------------------------------------------------------

  CREATE TABLE "OA"."DEPARTMENTS" 
   (	"DEPT_ID" VARCHAR2(20 BYTE), 
	"DEPT_NAME" VARCHAR2(50 BYTE), 
	"LOCATION_ID" VARCHAR2(20 BYTE), 
	"MGR_ID" VARCHAR2(20 BYTE), 
	"CREATED_AT" DATE, 
	"CREATED_BY" VARCHAR2(20 BYTE), 
	"LAST_UPDATED_AT" DATE, 
	"LAST_UPDATED_BY" VARCHAR2(20 BYTE), 
	"MGR_NAME" VARCHAR2(20 BYTE), 
	"SUPERVISOR_ID" VARCHAR2(20 BYTE), 
	"EXPIRED" VARCHAR2(20 BYTE)
   ) ;
--------------------------------------------------------
--  DDL for Table EMPLOYEES
--------------------------------------------------------

  CREATE TABLE "OA"."EMPLOYEES" 
   (	"USER_NAME" VARCHAR2(20 BYTE), 
	"PASSWORD" VARCHAR2(20 BYTE), 
	"FIRST_NAME" VARCHAR2(20 BYTE), 
	"LAST_NAME" VARCHAR2(20 BYTE), 
	"GENDER" VARCHAR2(20 BYTE), 
	"MGR_ID" VARCHAR2(20 BYTE), 
	"DEPT_ID" VARCHAR2(20 BYTE), 
	"EMAIL" VARCHAR2(100 BYTE), 
	"MOBILE" VARCHAR2(20 BYTE), 
	"OFFICE_PHONE" VARCHAR2(40 BYTE), 
	"HOME_PHONE" VARCHAR2(20 BYTE), 
	"FAX" VARCHAR2(20 BYTE), 
	"LOCATION_ID" VARCHAR2(20 BYTE), 
	"HOME_ADDRESS" VARCHAR2(40 BYTE), 
	"OFFICE_ADDRESS" VARCHAR2(40 BYTE), 
	"PHOTO" BLOB, 
	"LAST_UPDATED_BY" VARCHAR2(20 BYTE), 
	"LAST_UPDATED_AT" DATE, 
	"CREATED_BY" VARCHAR2(20 BYTE), 
	"CREATED_AT" DATE, 
	"TITLE" VARCHAR2(20 BYTE), 
	"ID" VARCHAR2(20 BYTE), 
	"MGR_NAME" VARCHAR2(20 BYTE), 
	"DEPT_NAME" VARCHAR2(20 BYTE), 
	"EXPIRED" VARCHAR2(20 BYTE)
   ) 
 LOB ("PHOTO") STORE AS BASICFILE "SYS_LOB0000020052C00016$$"(ENABLE STORAGE IN ROW CHUNK 8192 RETENTION 
  NOCACHE LOGGING ) ;
--------------------------------------------------------
--  DDL for Table HELPDESK_CALLS
--------------------------------------------------------

  CREATE TABLE "OA"."HELPDESK_CALLS" 
   (	"CALL_ID" VARCHAR2(20 BYTE), 
	"CALL_READABLE_ID" VARCHAR2(30 BYTE), 
	"CALLER_ID" VARCHAR2(20 BYTE), 
	"CALLEE_ID" VARCHAR2(20 BYTE), 
	"LOCATION_ID" VARCHAR2(20 BYTE), 
	"LOCATION_DETAIL" VARCHAR2(200 BYTE), 
	"CREATE_BY" VARCHAR2(20 BYTE), 
	"CREATE_AT" DATE, 
	"LAST_UPDATED_BY" VARCHAR2(20 BYTE), 
	"LAST_UPDATED_AT" DATE, 
	"STATE" VARCHAR2(20 BYTE), 
	"CALL_RESULT" VARCHAR2(20 BYTE), 
	"CALL_RESULT_DETAIL" VARCHAR2(500 BYTE), 
	"CALL_EVAL" VARCHAR2(20 BYTE), 
	"CALL_EVAL_DETAIL" VARCHAR2(20 BYTE), 
	"REASON_LEVEL_1" VARCHAR2(40 BYTE), 
	"REASON_LEVEL_2" VARCHAR2(40 BYTE), 
	"REASON_LEVEL_3" VARCHAR2(40 BYTE), 
	"REASON_DETAIL" VARCHAR2(500 BYTE), 
	"SUBMIT_AT" DATE, 
	"CALLEE_DISPLAY_NAME" VARCHAR2(20 BYTE), 
	"BELONG_TO_DEPT" VARCHAR2(20 BYTE), 
	"AFFAIR_REVIEW_NOTE" VARCHAR2(500 BYTE)
   ) ;
--------------------------------------------------------
--  DDL for Table HELPDESK_ROLES
--------------------------------------------------------

  CREATE TABLE "OA"."HELPDESK_ROLES" 
   (	"LOCATION_ID" VARCHAR2(20 BYTE), 
	"HELPDESK_REASON" VARCHAR2(40 BYTE), 
	"ROLE_NAME" VARCHAR2(50 BYTE), 
	"DEPT_ID" VARCHAR2(20 BYTE), 
	"CREATED_AT" DATE, 
	"CREATED_BY" VARCHAR2(20 BYTE)
   ) ;
--------------------------------------------------------
--  DDL for Table ITEM_CATEGORY_APPROVAL
--------------------------------------------------------

  CREATE TABLE "OA"."ITEM_CATEGORY_APPROVAL" 
   (	"ITEM_CATEGORY" VARCHAR2(20 BYTE), 
	"APPROVAL_LIMIT" NUMBER(12,2)
   ) ;
--------------------------------------------------------
--  DDL for Table LOCATIONS
--------------------------------------------------------

  CREATE TABLE "OA"."LOCATIONS" 
   (	"LOCATION_ID" VARCHAR2(20 BYTE), 
	"FAX" VARCHAR2(20 BYTE), 
	"STREET_ADDRESS" VARCHAR2(200 BYTE), 
	"POSTAL_CODE" VARCHAR2(20 BYTE), 
	"LOCATION_NAME" VARCHAR2(20 BYTE), 
	"FRONT_DESK_PHONE" VARCHAR2(20 BYTE), 
	"CREATED_AT" DATE, 
	"CREATED_BY" VARCHAR2(20 BYTE), 
	"LAST_UPDATED_AT" DATE, 
	"LAST_UPDATED_BY" VARCHAR2(20 BYTE), 
	"EXPIRED" VARCHAR2(20 BYTE)
   ) ;
--------------------------------------------------------
--  DDL for Table LOVS
--------------------------------------------------------

  CREATE TABLE "OA"."LOVS" 
   (	"ID" VARCHAR2(20 BYTE), 
	"CODE" VARCHAR2(40 BYTE), 
	"LOV_DESC" VARCHAR2(200 BYTE), 
	"PARENT_CODE" VARCHAR2(40 BYTE), 
	"VALUE" VARCHAR2(40 BYTE), 
	"CREATED_AT" DATE, 
	"CREATED_BY" VARCHAR2(20 BYTE), 
	"LAST_UPDATED_BY" VARCHAR2(20 BYTE), 
	"LAST_UPDATED_AT" DATE, 
	"FLEX_COL1" VARCHAR2(200 BYTE), 
	"FLEX_COL2" VARCHAR2(200 BYTE), 
	"FLEX_COL3" VARCHAR2(200 BYTE), 
	"EXPIRED" VARCHAR2(20 BYTE)
   ) ;
--------------------------------------------------------
--  DDL for Table MENUS
--------------------------------------------------------

  CREATE TABLE "OA"."MENUS" 
   (	"MENU_ID" VARCHAR2(20 BYTE), 
	"MENU_NAME" VARCHAR2(20 BYTE), 
	"MENU_TASKFLOW_URL" VARCHAR2(500 BYTE), 
	"MENU_DESC" VARCHAR2(20 BYTE), 
	"MENU_CATEGORY" VARCHAR2(20 BYTE), 
	"PARENT_MENU_ID" VARCHAR2(20 BYTE), 
	"MENU_MASTER_CATEGORY" VARCHAR2(20 BYTE), 
	"MENU_ICON_URL" VARCHAR2(100 BYTE), 
	"EXPIRED" VARCHAR2(20 BYTE), 
	"SEQ" VARCHAR2(20 BYTE)
   ) ;
--------------------------------------------------------
--  DDL for Table NOTIFICATIONS
--------------------------------------------------------

  CREATE TABLE "OA"."NOTIFICATIONS" 
   (	"ID" VARCHAR2(20 BYTE), 
	"CATEGORY" VARCHAR2(20 BYTE), 
	"PRIORITY" NUMBER(*,0), 
	"TITLE" VARCHAR2(200 BYTE), 
	"CONTENT" VARCHAR2(2000 BYTE), 
	"EVENT_DATE" DATE, 
	"IS_SMS_SENT" VARCHAR2(1 BYTE), 
	"STATE" VARCHAR2(20 BYTE), 
	"TO_USER_ID" VARCHAR2(20 BYTE)
   ) ;
--------------------------------------------------------
--  DDL for Table PS_TXN
--------------------------------------------------------

  CREATE TABLE "OA"."PS_TXN" 
   (	"ID" NUMBER(20,0), 
	"PARENTID" NUMBER(20,0), 
	"COLLID" NUMBER(10,0), 
	"CONTENT" BLOB, 
	"CREATION_DATE" DATE DEFAULT sysdate
   ) ;
--------------------------------------------------------
--  DDL for Table PURCHASE_ORDERS
--------------------------------------------------------

  CREATE TABLE "OA"."PURCHASE_ORDERS" 
   (	"ORDER_ID" VARCHAR2(20 BYTE), 
	"ORDER_READABLE_ID" VARCHAR2(30 BYTE), 
	"SUBMITTER_ID" VARCHAR2(20 BYTE), 
	"ITEM_CATEGORY_ID" VARCHAR2(20 BYTE), 
	"CREATE_BY" VARCHAR2(20 BYTE), 
	"CREATE_AT" DATE, 
	"SUBMIT_AT" DATE, 
	"LAST_UPDATED_BY" VARCHAR2(20 BYTE), 
	"LAST_UPDATED_AT" DATE, 
	"STATE" VARCHAR2(20 BYTE), 
	"SUBMIT_TOTAL" NUMBER(12,2), 
	"VERIFY_TOTAL" NUMBER(12,2), 
	"ACTUAL_TOTAL" NUMBER(12,2), 
	"ORDER_NOTE" VARCHAR2(500 BYTE), 
	"CURRENT_APPROVER" VARCHAR2(20 BYTE), 
	"CURRENT_EXECUTOR" VARCHAR2(20 BYTE), 
	"DEPT_VERIFIER" VARCHAR2(20 BYTE)
   ) ;
--------------------------------------------------------
--  DDL for Table PURCHASE_ORDER_HISTORYS
--------------------------------------------------------

  CREATE TABLE "OA"."PURCHASE_ORDER_HISTORYS" 
   (	"ORDER_HISTORY_ID" VARCHAR2(20 BYTE), 
	"ORDER_ID" VARCHAR2(20 BYTE), 
	"OPERATOR_ID" VARCHAR2(20 BYTE), 
	"OPERATION_DETAIL" VARCHAR2(40 BYTE), 
	"OPERATION_DATE" DATE
   ) ;
--------------------------------------------------------
--  DDL for Table PURCHASE_ORDER_LINES
--------------------------------------------------------

  CREATE TABLE "OA"."PURCHASE_ORDER_LINES" 
   (	"ORDER_LINE_ID" VARCHAR2(60 BYTE), 
	"ORDER_ID" VARCHAR2(60 BYTE), 
	"ITEM_ID" VARCHAR2(60 BYTE), 
	"ITEM_DESCRIPTION" VARCHAR2(200 BYTE), 
	"SUBMIT_QUANTITY" NUMBER, 
	"SUBMIT_UNIT" VARCHAR2(60 BYTE), 
	"SUBMIT_PRICE" NUMBER(12,2), 
	"SUBMIT_TOTAL" NUMBER(12,2), 
	"EXPECTED_DATE" DATE, 
	"SUBMIT_NOTE" VARCHAR2(500 BYTE), 
	"STATE" VARCHAR2(20 BYTE), 
	"PURCHASE_QUANTITY" NUMBER, 
	"ACTUAL_PRICE" NUMBER(12,2), 
	"ACTUAL_TOTAL" NUMBER(12,2), 
	"VERIFY_NOTE" VARCHAR2(500 BYTE), 
	"RECEIVE_QUANTITY" NUMBER, 
	"CANCELLED" VARCHAR2(20 BYTE)
   ) ;
--------------------------------------------------------
--  DDL for Table REPAIR_CALLS
--------------------------------------------------------

  CREATE TABLE "OA"."REPAIR_CALLS" 
   (	"CALL_ID" VARCHAR2(20 BYTE), 
	"CALL_READABLE_ID" VARCHAR2(30 BYTE), 
	"CALLER_ID" VARCHAR2(20 BYTE), 
	"CALLEE_ID" VARCHAR2(20 BYTE), 
	"LOCATION_ID" VARCHAR2(20 BYTE), 
	"LOCATION_DETAIL" VARCHAR2(200 BYTE), 
	"CREATE_BY" VARCHAR2(20 BYTE), 
	"CREATE_AT" DATE, 
	"LAST_UPDATED_BY" VARCHAR2(20 BYTE), 
	"LAST_UPDATED_AT" DATE, 
	"STATE" VARCHAR2(20 BYTE), 
	"CALL_RESULT" VARCHAR2(20 BYTE), 
	"CALL_RESULT_DETAIL" VARCHAR2(500 BYTE), 
	"CALL_EVAL" VARCHAR2(20 BYTE), 
	"CALL_EVAL_DETAIL" VARCHAR2(20 BYTE), 
	"REASON_LEVEL_1" VARCHAR2(40 BYTE), 
	"REASON_LEVEL_2" VARCHAR2(40 BYTE), 
	"REASON_LEVEL_3" VARCHAR2(40 BYTE), 
	"REASON_DETAIL" VARCHAR2(500 BYTE)
   ) ;
--------------------------------------------------------
--  DDL for Table ROLES
--------------------------------------------------------

  CREATE TABLE "OA"."ROLES" 
   (	"ROLE_ID" VARCHAR2(20 BYTE), 
	"ROLE_NAME" VARCHAR2(50 BYTE), 
	"ROLE_DESC" VARCHAR2(200 BYTE), 
	"CREATED_AT" DATE, 
	"CREATED_BY" VARCHAR2(20 BYTE), 
	"LAST_UPDATED_AT" DATE, 
	"LAST_UPDATED_BY" VARCHAR2(20 BYTE), 
	"EXPIRED" VARCHAR2(20 BYTE)
   ) ;
--------------------------------------------------------
--  DDL for Table ROLE_MENUS
--------------------------------------------------------

  CREATE TABLE "OA"."ROLE_MENUS" 
   (	"ROLE_ID" VARCHAR2(20 BYTE), 
	"MENU_ID" VARCHAR2(20 BYTE), 
	"CREATED_BY" VARCHAR2(20 BYTE), 
	"CREATED_AT" DATE
   ) ;
--------------------------------------------------------
--  DDL for Table ROLE_USERS
--------------------------------------------------------

  CREATE TABLE "OA"."ROLE_USERS" 
   (	"ROLE_ID" VARCHAR2(20 BYTE), 
	"USER_ID" VARCHAR2(20 BYTE), 
	"CREATED_AT" DATE, 
	"CREATED_BY" VARCHAR2(20 BYTE)
   ) ;
--------------------------------------------------------
--  DDL for Table TASKS
--------------------------------------------------------

  CREATE TABLE "OA"."TASKS" 
   (	"ID" VARCHAR2(20 BYTE), 
	"TITLE" VARCHAR2(500 BYTE), 
	"ASSIGNED_DATE" DATE, 
	"STATE" VARCHAR2(20 BYTE), 
	"CONTEXT_OBJECT_TYPE" VARCHAR2(20 BYTE), 
	"CONTEXT_OBJECT_ID" VARCHAR2(20 BYTE), 
	"ASSIGNEE_ROLE_ID" VARCHAR2(20 BYTE), 
	"ASSIGNEE_USER_ID" VARCHAR2(20 BYTE), 
	"COMPLETION_DATE" DATE, 
	"EXECUTOR_ID" VARCHAR2(20 BYTE), 
	"EXECUTOR_DISPLAY_NAME" VARCHAR2(20 BYTE), 
	"CONTEXT_TITLE" VARCHAR2(200 BYTE)
   ) ;
--------------------------------------------------------
--  DDL for Table VEHICLE_CALENDAR
--------------------------------------------------------

  CREATE TABLE "OA"."VEHICLE_CALENDAR" 
   (	"ID" VARCHAR2(20 BYTE), 
	"USER_ID" VARCHAR2(20 BYTE), 
	"USER_DISPLAY_NAME" VARCHAR2(20 BYTE), 
	"VEHICLE_NAME" VARCHAR2(40 BYTE), 
	"VEHICLE_ID" VARCHAR2(20 BYTE), 
	"TITLE" VARCHAR2(200 BYTE), 
	"CONTACT_ID" VARCHAR2(20 BYTE), 
	"CONTACT_NAME" VARCHAR2(20 BYTE), 
	"CONTACT_PHONE" VARCHAR2(20 BYTE), 
	"STATE" VARCHAR2(20 BYTE), 
	"RETURN_TRIP" VARCHAR2(20 BYTE), 
	"START_TIME" TIMESTAMP (6), 
	"END_TIME" TIMESTAMP (6), 
	"RETURN_START_TIME" TIMESTAMP (6), 
	"RETURN_END_TIME" TIMESTAMP (6), 
	"TRIP_START" VARCHAR2(200 BYTE), 
	"TRIP_DEST" VARCHAR2(200 BYTE), 
	"RETURN_TRIP_START" VARCHAR2(200 BYTE), 
	"RETURN_TRIP_END" VARCHAR2(200 BYTE), 
	"NUM_OF_PEOPLE" NUMBER, 
	"COMMENTS" VARCHAR2(400 BYTE), 
	"SUBMIT_DATE" DATE
   ) ;
   
   ALTER TABLE "OA"."VEHICLE_CALENDAR" ADD DRIVER_ID varchar2(20);
   ALTER TABLE "OA"."VEHICLE_CALENDAR" ADD DRIVER_NAME varchar2(20);
   ALTER TABLE "OA"."VEHICLE_CALENDAR" ADD DRIVER_MOBILE varchar2(20);
   
REM INSERTING into OA.ANNOUNCEMENTS
REM INSERTING into OA.CLASSROOM_BATCH_RESERVATION
Insert into OA.CLASSROOM_BATCH_RESERVATION (ID,BATCH_NO,ACT_TITLE,ACT_START_TIME,ACT_END_TIME,USER_ID,USER_DISPLAY_NAME,NUM_OF_PEOPLE,CLASSROOM,COMMENTS,BATCH_EFFECTIVE_DATE,BATCH_EXPIRE_DATE,RECURRENCE_TYPE,FST_WK_MON,FST_WK_TUE,FST_WK_WED,FST_WK_THU,FST_WK_FRI,FST_WK_SAT,FST_WK_SUN,SND_WK_MON,SND_WK_TUE,SND_WK_WED,SND_WK_THU,SND_WK_FRI,SND_WK_SAT,SND_WK_SUN,LOCATION_ID,LOCATION_NAME,CLASSROOM_ID,ALL_DAY) values ('85','B-00041','市级共享  课堂观察方法导学与实践',to_timestamp('01-JAN-70 01.30.38.000000000 PM','DD-MON-RR HH.MI.SS.FF AM'),to_timestamp('01-JAN-70 04.30.38.000000000 PM','DD-MON-RR HH.MI.SS.FF AM'),'225','李艳璐',null,'Z1-203',null,to_date('21-APR-13','DD-MON-RR'),to_date('22-JUN-13','DD-MON-RR'),'WEEKLY','N','N','Y','N','N','N','N','N','N','N','N','N','N','N','LOC-2','自忠','501','TIME');
Insert into OA.CLASSROOM_BATCH_RESERVATION (ID,BATCH_NO,ACT_TITLE,ACT_START_TIME,ACT_END_TIME,USER_ID,USER_DISPLAY_NAME,NUM_OF_PEOPLE,CLASSROOM,COMMENTS,BATCH_EFFECTIVE_DATE,BATCH_EXPIRE_DATE,RECURRENCE_TYPE,FST_WK_MON,FST_WK_TUE,FST_WK_WED,FST_WK_THU,FST_WK_FRI,FST_WK_SAT,FST_WK_SUN,SND_WK_MON,SND_WK_TUE,SND_WK_WED,SND_WK_THU,SND_WK_FRI,SND_WK_SAT,SND_WK_SUN,LOCATION_ID,LOCATION_NAME,CLASSROOM_ID,ALL_DAY) values ('125','B-00081','市级共享  汉字的写法与故事',to_timestamp('01-JAN-70 01.00.24.000000000 PM','DD-MON-RR HH.MI.SS.FF AM'),to_timestamp('01-JAN-70 04.33.24.000000000 PM','DD-MON-RR HH.MI.SS.FF AM'),'236','袁志健',null,'Z1-301',null,to_date('26-MAY-13','DD-MON-RR'),to_date('08-JUN-13','DD-MON-RR'),'WEEKLY','N','Y','N','N','N','N','N','N','N','N','N','N','N','N','LOC-2','自忠','4','TIME');
Insert into OA.CLASSROOM_BATCH_RESERVATION (ID,BATCH_NO,ACT_TITLE,ACT_START_TIME,ACT_END_TIME,USER_ID,USER_DISPLAY_NAME,NUM_OF_PEOPLE,CLASSROOM,COMMENTS,BATCH_EFFECTIVE_DATE,BATCH_EXPIRE_DATE,RECURRENCE_TYPE,FST_WK_MON,FST_WK_TUE,FST_WK_WED,FST_WK_THU,FST_WK_FRI,FST_WK_SAT,FST_WK_SUN,SND_WK_MON,SND_WK_TUE,SND_WK_WED,SND_WK_THU,SND_WK_FRI,SND_WK_SAT,SND_WK_SUN,LOCATION_ID,LOCATION_NAME,CLASSROOM_ID,ALL_DAY) values ('66','B-00024','区级培训  传统文化与教师素养',to_timestamp('01-JAN-70 01.30.46.000000000 PM','DD-MON-RR HH.MI.SS.FF AM'),to_timestamp('01-JAN-70 04.00.56.000000000 PM','DD-MON-RR HH.MI.SS.FF AM'),'249','严鹤旻',null,'Z1-502',null,to_date('21-APR-13','DD-MON-RR'),to_date('18-MAY-13','DD-MON-RR'),'WEEKLY','Y','N','N','N','N','N','N','N','N','N','N','N','N','N','LOC-2','自忠','11','TIME');
Insert into OA.CLASSROOM_BATCH_RESERVATION (ID,BATCH_NO,ACT_TITLE,ACT_START_TIME,ACT_END_TIME,USER_ID,USER_DISPLAY_NAME,NUM_OF_PEOPLE,CLASSROOM,COMMENTS,BATCH_EFFECTIVE_DATE,BATCH_EXPIRE_DATE,RECURRENCE_TYPE,FST_WK_MON,FST_WK_TUE,FST_WK_WED,FST_WK_THU,FST_WK_FRI,FST_WK_SAT,FST_WK_SUN,SND_WK_MON,SND_WK_TUE,SND_WK_WED,SND_WK_THU,SND_WK_FRI,SND_WK_SAT,SND_WK_SUN,LOCATION_ID,LOCATION_NAME,CLASSROOM_ID,ALL_DAY) values ('67','B-00025','市级共享  积极心理学取向的教师幸福成长课程',to_timestamp('01-JAN-70 01.00.43.000000000 PM','DD-MON-RR HH.MI.SS.FF AM'),to_timestamp('01-JAN-70 04.00.52.000000000 PM','DD-MON-RR HH.MI.SS.FF AM'),'230','孙公策',null,'Z1-503',null,to_date('21-APR-13','DD-MON-RR'),to_date('22-JUN-13','DD-MON-RR'),'WEEKLY','Y','N','N','N','N','N','N','N','N','N','N','N','N','N','LOC-2','自忠','12','TIME');
Insert into OA.CLASSROOM_BATCH_RESERVATION (ID,BATCH_NO,ACT_TITLE,ACT_START_TIME,ACT_END_TIME,USER_ID,USER_DISPLAY_NAME,NUM_OF_PEOPLE,CLASSROOM,COMMENTS,BATCH_EFFECTIVE_DATE,BATCH_EXPIRE_DATE,RECURRENCE_TYPE,FST_WK_MON,FST_WK_TUE,FST_WK_WED,FST_WK_THU,FST_WK_FRI,FST_WK_SAT,FST_WK_SUN,SND_WK_MON,SND_WK_TUE,SND_WK_WED,SND_WK_THU,SND_WK_FRI,SND_WK_SAT,SND_WK_SUN,LOCATION_ID,LOCATION_NAME,CLASSROOM_ID,ALL_DAY) values ('68','B-00026','市级共享  教师心理成长工作坊',to_timestamp('01-JAN-70 01.30.53.000000000 PM','DD-MON-RR HH.MI.SS.FF AM'),to_timestamp('01-JAN-70 04.30.53.000000000 PM','DD-MON-RR HH.MI.SS.FF AM'),'233','张俊',null,'Z1-501',null,to_date('21-APR-13','DD-MON-RR'),to_date('01-JUN-13','DD-MON-RR'),'WEEKLY','Y','N','N','N','N','N','N','N','N','N','N','N','N','N','LOC-2','自忠','10','TIME');
Insert into OA.CLASSROOM_BATCH_RESERVATION (ID,BATCH_NO,ACT_TITLE,ACT_START_TIME,ACT_END_TIME,USER_ID,USER_DISPLAY_NAME,NUM_OF_PEOPLE,CLASSROOM,COMMENTS,BATCH_EFFECTIVE_DATE,BATCH_EXPIRE_DATE,RECURRENCE_TYPE,FST_WK_MON,FST_WK_TUE,FST_WK_WED,FST_WK_THU,FST_WK_FRI,FST_WK_SAT,FST_WK_SUN,SND_WK_MON,SND_WK_TUE,SND_WK_WED,SND_WK_THU,SND_WK_FRI,SND_WK_SAT,SND_WK_SUN,LOCATION_ID,LOCATION_NAME,CLASSROOM_ID,ALL_DAY) values ('69','B-00027','区级课程  基于SPSS的教育研究数据处理',to_timestamp('01-JAN-70 01.30.00.000000000 PM','DD-MON-RR HH.MI.SS.FF AM'),to_timestamp('01-JAN-70 04.00.11.000000000 PM','DD-MON-RR HH.MI.SS.FF AM'),'222','唐军',null,'L-308',null,to_date('21-APR-13','DD-MON-RR'),to_date('11-MAY-13','DD-MON-RR'),'WEEKLY','Y','N','N','N','N','N','N','N','N','N','N','N','N','N','LOC-1','丽园','3','TIME');
Insert into OA.CLASSROOM_BATCH_RESERVATION (ID,BATCH_NO,ACT_TITLE,ACT_START_TIME,ACT_END_TIME,USER_ID,USER_DISPLAY_NAME,NUM_OF_PEOPLE,CLASSROOM,COMMENTS,BATCH_EFFECTIVE_DATE,BATCH_EXPIRE_DATE,RECURRENCE_TYPE,FST_WK_MON,FST_WK_TUE,FST_WK_WED,FST_WK_THU,FST_WK_FRI,FST_WK_SAT,FST_WK_SUN,SND_WK_MON,SND_WK_TUE,SND_WK_WED,SND_WK_THU,SND_WK_FRI,SND_WK_SAT,SND_WK_SUN,LOCATION_ID,LOCATION_NAME,CLASSROOM_ID,ALL_DAY) values ('70','B-00028','区级课程  PhotoshopCS图像处理',to_timestamp('01-JAN-70 01.30.14.000000000 PM','DD-MON-RR HH.MI.SS.FF AM'),to_timestamp('01-JAN-70 04.00.25.000000000 PM','DD-MON-RR HH.MI.SS.FF AM'),'268','甘仲巍',null,'Z1-402',null,to_date('21-APR-13','DD-MON-RR'),to_date('11-MAY-13','DD-MON-RR'),'WEEKLY','N','Y','N','N','N','N','N','N','N','N','N','N','N','N','LOC-2','自忠','8','TIME');
Insert into OA.CLASSROOM_BATCH_RESERVATION (ID,BATCH_NO,ACT_TITLE,ACT_START_TIME,ACT_END_TIME,USER_ID,USER_DISPLAY_NAME,NUM_OF_PEOPLE,CLASSROOM,COMMENTS,BATCH_EFFECTIVE_DATE,BATCH_EXPIRE_DATE,RECURRENCE_TYPE,FST_WK_MON,FST_WK_TUE,FST_WK_WED,FST_WK_THU,FST_WK_FRI,FST_WK_SAT,FST_WK_SUN,SND_WK_MON,SND_WK_TUE,SND_WK_WED,SND_WK_THU,SND_WK_FRI,SND_WK_SAT,SND_WK_SUN,LOCATION_ID,LOCATION_NAME,CLASSROOM_ID,ALL_DAY) values ('71','B-00029','区级培训  教师计算机实用技巧应用',to_timestamp('01-JAN-70 01.30.13.000000000 PM','DD-MON-RR HH.MI.SS.FF AM'),to_timestamp('01-JAN-70 04.00.21.000000000 PM','DD-MON-RR HH.MI.SS.FF AM'),'311','叶青',null,'L-308',null,to_date('21-APR-13','DD-MON-RR'),to_date('25-MAY-13','DD-MON-RR'),'WEEKLY','N','Y','N','N','N','N','N','N','N','N','N','N','N','N','LOC-1','丽园','3','TIME');
Insert into OA.CLASSROOM_BATCH_RESERVATION (ID,BATCH_NO,ACT_TITLE,ACT_START_TIME,ACT_END_TIME,USER_ID,USER_DISPLAY_NAME,NUM_OF_PEOPLE,CLASSROOM,COMMENTS,BATCH_EFFECTIVE_DATE,BATCH_EXPIRE_DATE,RECURRENCE_TYPE,FST_WK_MON,FST_WK_TUE,FST_WK_WED,FST_WK_THU,FST_WK_FRI,FST_WK_SAT,FST_WK_SUN,SND_WK_MON,SND_WK_TUE,SND_WK_WED,SND_WK_THU,SND_WK_FRI,SND_WK_SAT,SND_WK_SUN,LOCATION_ID,LOCATION_NAME,CLASSROOM_ID,ALL_DAY) values ('72','B-00030','市级共享  数字化教学资源的获取、加工与管理',to_timestamp('01-JAN-70 09.03.18.000000000 AM','DD-MON-RR HH.MI.SS.FF AM'),to_timestamp('01-JAN-70 12.04.46.000000000 PM','DD-MON-RR HH.MI.SS.FF AM'),'269','陈功强',null,'Z1-402',null,to_date('21-APR-13','DD-MON-RR'),to_date('22-JUN-13','DD-MON-RR'),'WEEKLY','N','Y','N','N','N','N','N','N','N','N','N','N','N','N','LOC-2','自忠','8','TIME');
Insert into OA.CLASSROOM_BATCH_RESERVATION (ID,BATCH_NO,ACT_TITLE,ACT_START_TIME,ACT_END_TIME,USER_ID,USER_DISPLAY_NAME,NUM_OF_PEOPLE,CLASSROOM,COMMENTS,BATCH_EFFECTIVE_DATE,BATCH_EXPIRE_DATE,RECURRENCE_TYPE,FST_WK_MON,FST_WK_TUE,FST_WK_WED,FST_WK_THU,FST_WK_FRI,FST_WK_SAT,FST_WK_SUN,SND_WK_MON,SND_WK_TUE,SND_WK_WED,SND_WK_THU,SND_WK_FRI,SND_WK_SAT,SND_WK_SUN,LOCATION_ID,LOCATION_NAME,CLASSROOM_ID,ALL_DAY) values ('73','B-00031','区级培训  上海博物馆藏品欣赏',to_timestamp('01-JAN-70 01.30.00.000000000 PM','DD-MON-RR HH.MI.SS.FF AM'),to_timestamp('01-JAN-70 04.00.07.000000000 PM','DD-MON-RR HH.MI.SS.FF AM'),'236','袁志健',null,'Z1-302',null,to_date('21-APR-13','DD-MON-RR'),to_date('18-MAY-13','DD-MON-RR'),'WEEKLY','N','N','Y','N','N','N','N','N','N','N','N','N','N','N','LOC-2','自忠','5','TIME');
Insert into OA.CLASSROOM_BATCH_RESERVATION (ID,BATCH_NO,ACT_TITLE,ACT_START_TIME,ACT_END_TIME,USER_ID,USER_DISPLAY_NAME,NUM_OF_PEOPLE,CLASSROOM,COMMENTS,BATCH_EFFECTIVE_DATE,BATCH_EXPIRE_DATE,RECURRENCE_TYPE,FST_WK_MON,FST_WK_TUE,FST_WK_WED,FST_WK_THU,FST_WK_FRI,FST_WK_SAT,FST_WK_SUN,SND_WK_MON,SND_WK_TUE,SND_WK_WED,SND_WK_THU,SND_WK_FRI,SND_WK_SAT,SND_WK_SUN,LOCATION_ID,LOCATION_NAME,CLASSROOM_ID,ALL_DAY) values ('74','B-00032','市级共享  以项目为载体的研究方法导学与实践',to_timestamp('01-JAN-70 09.00.59.000000000 AM','DD-MON-RR HH.MI.SS.FF AM'),to_timestamp('01-JAN-70 12.00.10.000000000 PM','DD-MON-RR HH.MI.SS.FF AM'),'219','陈玉华',null,'Z1-303',null,to_date('21-APR-13','DD-MON-RR'),to_date('22-JUN-13','DD-MON-RR'),'WEEKLY','N','N','Y','N','N','N','N','N','N','N','N','N','N','N','LOC-2','自忠','6','TIME');
Insert into OA.CLASSROOM_BATCH_RESERVATION (ID,BATCH_NO,ACT_TITLE,ACT_START_TIME,ACT_END_TIME,USER_ID,USER_DISPLAY_NAME,NUM_OF_PEOPLE,CLASSROOM,COMMENTS,BATCH_EFFECTIVE_DATE,BATCH_EXPIRE_DATE,RECURRENCE_TYPE,FST_WK_MON,FST_WK_TUE,FST_WK_WED,FST_WK_THU,FST_WK_FRI,FST_WK_SAT,FST_WK_SUN,SND_WK_MON,SND_WK_TUE,SND_WK_WED,SND_WK_THU,SND_WK_FRI,SND_WK_SAT,SND_WK_SUN,LOCATION_ID,LOCATION_NAME,CLASSROOM_ID,ALL_DAY) values ('75','B-00033','市级共享  新任教师师德与育德能力培训',to_timestamp('01-JAN-70 09.00.24.000000000 AM','DD-MON-RR HH.MI.SS.FF AM'),to_timestamp('01-JAN-70 12.00.32.000000000 PM','DD-MON-RR HH.MI.SS.FF AM'),'229','冯秋萌',null,'Z1-502',null,to_date('21-APR-13','DD-MON-RR'),to_date('08-JUN-13','DD-MON-RR'),'WEEKLY','N','N','Y','N','N','N','N','N','N','N','N','N','N','N','LOC-2','自忠','11','TIME');
Insert into OA.CLASSROOM_BATCH_RESERVATION (ID,BATCH_NO,ACT_TITLE,ACT_START_TIME,ACT_END_TIME,USER_ID,USER_DISPLAY_NAME,NUM_OF_PEOPLE,CLASSROOM,COMMENTS,BATCH_EFFECTIVE_DATE,BATCH_EXPIRE_DATE,RECURRENCE_TYPE,FST_WK_MON,FST_WK_TUE,FST_WK_WED,FST_WK_THU,FST_WK_FRI,FST_WK_SAT,FST_WK_SUN,SND_WK_MON,SND_WK_TUE,SND_WK_WED,SND_WK_THU,SND_WK_FRI,SND_WK_SAT,SND_WK_SUN,LOCATION_ID,LOCATION_NAME,CLASSROOM_ID,ALL_DAY) values ('76','B-00034','市级共享  融入主题背景的幼儿情景美术活动实施攻略',to_timestamp('01-JAN-70 01.30.33.000000000 PM','DD-MON-RR HH.MI.SS.FF AM'),to_timestamp('01-JAN-70 04.31.33.000000000 PM','DD-MON-RR HH.MI.SS.FF AM'),'265','林建华',null,'Z1-503',null,to_date('21-APR-13','DD-MON-RR'),to_date('18-MAY-13','DD-MON-RR'),'WEEKLY','N','N','Y','N','N','N','N','N','N','N','N','N','N','N','LOC-2','自忠','12','TIME');
Insert into OA.CLASSROOM_BATCH_RESERVATION (ID,BATCH_NO,ACT_TITLE,ACT_START_TIME,ACT_END_TIME,USER_ID,USER_DISPLAY_NAME,NUM_OF_PEOPLE,CLASSROOM,COMMENTS,BATCH_EFFECTIVE_DATE,BATCH_EXPIRE_DATE,RECURRENCE_TYPE,FST_WK_MON,FST_WK_TUE,FST_WK_WED,FST_WK_THU,FST_WK_FRI,FST_WK_SAT,FST_WK_SUN,SND_WK_MON,SND_WK_TUE,SND_WK_WED,SND_WK_THU,SND_WK_FRI,SND_WK_SAT,SND_WK_SUN,LOCATION_ID,LOCATION_NAME,CLASSROOM_ID,ALL_DAY) values ('77','B-00035','市级共享  唐宋词的审美世界',to_timestamp('01-JAN-70 01.30.40.000000000 PM','DD-MON-RR HH.MI.SS.FF AM'),to_timestamp('01-JAN-70 04.30.40.000000000 PM','DD-MON-RR HH.MI.SS.FF AM'),'153','潘裕民',null,'ZJTJS',null,to_date('21-APR-13','DD-MON-RR'),to_date('11-MAY-13','DD-MON-RR'),'WEEKLY','N','N','Y','N','N','N','N','N','N','N','N','N','N','N','LOC-2','自忠','13','TIME');
Insert into OA.CLASSROOM_BATCH_RESERVATION (ID,BATCH_NO,ACT_TITLE,ACT_START_TIME,ACT_END_TIME,USER_ID,USER_DISPLAY_NAME,NUM_OF_PEOPLE,CLASSROOM,COMMENTS,BATCH_EFFECTIVE_DATE,BATCH_EXPIRE_DATE,RECURRENCE_TYPE,FST_WK_MON,FST_WK_TUE,FST_WK_WED,FST_WK_THU,FST_WK_FRI,FST_WK_SAT,FST_WK_SUN,SND_WK_MON,SND_WK_TUE,SND_WK_WED,SND_WK_THU,SND_WK_FRI,SND_WK_SAT,SND_WK_SUN,LOCATION_ID,LOCATION_NAME,CLASSROOM_ID,ALL_DAY) values ('78','B-00036','市级共享  数字化教学资源的获取、加工与管理',to_timestamp('01-JAN-70 01.30.55.000000000 PM','DD-MON-RR HH.MI.SS.FF AM'),to_timestamp('01-JAN-70 04.30.55.000000000 PM','DD-MON-RR HH.MI.SS.FF AM'),'269','陈功强',null,'Z1-402',null,to_date('21-APR-13','DD-MON-RR'),to_date('22-JUN-13','DD-MON-RR'),'WEEKLY','N','N','Y','N','N','N','N','N','N','N','N','N','N','N','LOC-2','自忠','8','TIME');
Insert into OA.CLASSROOM_BATCH_RESERVATION (ID,BATCH_NO,ACT_TITLE,ACT_START_TIME,ACT_END_TIME,USER_ID,USER_DISPLAY_NAME,NUM_OF_PEOPLE,CLASSROOM,COMMENTS,BATCH_EFFECTIVE_DATE,BATCH_EXPIRE_DATE,RECURRENCE_TYPE,FST_WK_MON,FST_WK_TUE,FST_WK_WED,FST_WK_THU,FST_WK_FRI,FST_WK_SAT,FST_WK_SUN,SND_WK_MON,SND_WK_TUE,SND_WK_WED,SND_WK_THU,SND_WK_FRI,SND_WK_SAT,SND_WK_SUN,LOCATION_ID,LOCATION_NAME,CLASSROOM_ID,ALL_DAY) values ('79','B-00037','区级培训  儿童心理问题诊断干预',to_timestamp('01-JAN-70 01.30.37.000000000 PM','DD-MON-RR HH.MI.SS.FF AM'),to_timestamp('01-JAN-70 04.00.37.000000000 PM','DD-MON-RR HH.MI.SS.FF AM'),'237','钱芳',null,'Z1-301',null,to_date('21-APR-13','DD-MON-RR'),to_date('11-MAY-13','DD-MON-RR'),'WEEKLY','N','N','Y','N','N','N','N','N','N','N','N','N','N','N','LOC-2','自忠','4','TIME');
Insert into OA.CLASSROOM_BATCH_RESERVATION (ID,BATCH_NO,ACT_TITLE,ACT_START_TIME,ACT_END_TIME,USER_ID,USER_DISPLAY_NAME,NUM_OF_PEOPLE,CLASSROOM,COMMENTS,BATCH_EFFECTIVE_DATE,BATCH_EXPIRE_DATE,RECURRENCE_TYPE,FST_WK_MON,FST_WK_TUE,FST_WK_WED,FST_WK_THU,FST_WK_FRI,FST_WK_SAT,FST_WK_SUN,SND_WK_MON,SND_WK_TUE,SND_WK_WED,SND_WK_THU,SND_WK_FRI,SND_WK_SAT,SND_WK_SUN,LOCATION_ID,LOCATION_NAME,CLASSROOM_ID,ALL_DAY) values ('80','B-00038','区级培训  英语词汇教和学',to_timestamp('01-JAN-70 01.30.33.000000000 PM','DD-MON-RR HH.MI.SS.FF AM'),to_timestamp('01-JAN-70 04.00.04.000000000 PM','DD-MON-RR HH.MI.SS.FF AM'),'249','严鹤旻',null,'Z1-302',null,to_date('21-APR-13','DD-MON-RR'),to_date('01-JUN-13','DD-MON-RR'),'WEEKLY','N','N','N','Y','N','N','N','N','N','N','N','N','N','N','LOC-2','自忠','5','TIME');
Insert into OA.CLASSROOM_BATCH_RESERVATION (ID,BATCH_NO,ACT_TITLE,ACT_START_TIME,ACT_END_TIME,USER_ID,USER_DISPLAY_NAME,NUM_OF_PEOPLE,CLASSROOM,COMMENTS,BATCH_EFFECTIVE_DATE,BATCH_EXPIRE_DATE,RECURRENCE_TYPE,FST_WK_MON,FST_WK_TUE,FST_WK_WED,FST_WK_THU,FST_WK_FRI,FST_WK_SAT,FST_WK_SUN,SND_WK_MON,SND_WK_TUE,SND_WK_WED,SND_WK_THU,SND_WK_FRI,SND_WK_SAT,SND_WK_SUN,LOCATION_ID,LOCATION_NAME,CLASSROOM_ID,ALL_DAY) values ('65','B-00022','区级培训  王羲之行书研习',to_timestamp('01-JAN-70 01.30.00.000000000 PM','DD-MON-RR HH.MI.SS.FF AM'),to_timestamp('01-JAN-70 04.00.12.000000000 PM','DD-MON-RR HH.MI.SS.FF AM'),'236','袁志健',null,'Z1-302',null,to_date('21-APR-13','DD-MON-RR'),to_date('11-MAY-13','DD-MON-RR'),'WEEKLY','Y','N','N','N','N','N','N','N','N','N','N','N','N','N','LOC-2','自忠','5','TIME');
Insert into OA.CLASSROOM_BATCH_RESERVATION (ID,BATCH_NO,ACT_TITLE,ACT_START_TIME,ACT_END_TIME,USER_ID,USER_DISPLAY_NAME,NUM_OF_PEOPLE,CLASSROOM,COMMENTS,BATCH_EFFECTIVE_DATE,BATCH_EXPIRE_DATE,RECURRENCE_TYPE,FST_WK_MON,FST_WK_TUE,FST_WK_WED,FST_WK_THU,FST_WK_FRI,FST_WK_SAT,FST_WK_SUN,SND_WK_MON,SND_WK_TUE,SND_WK_WED,SND_WK_THU,SND_WK_FRI,SND_WK_SAT,SND_WK_SUN,LOCATION_ID,LOCATION_NAME,CLASSROOM_ID,ALL_DAY) values ('105','B-00063','市级共享  新课程背景下小学语文教学设计与教学策略',to_timestamp('01-JAN-70 01.30.54.000000000 PM','DD-MON-RR HH.MI.SS.FF AM'),to_timestamp('01-JAN-70 04.30.54.000000000 PM','DD-MON-RR HH.MI.SS.FF AM'),'279','魏玉梅',null,'L212',null,to_date('05-MAY-13','DD-MON-RR'),to_date('29-JUN-13','DD-MON-RR'),'WEEKLY','Y','N','N','N','N','N','N','N','N','N','N','N','N','N','LOC-1','丽园','2','TIME');
REM INSERTING into OA.CLASSROOM_CALENDAR
Insert into OA.CLASSROOM_CALENDAR (ID,ACT_TITLE,ACT_START_TIME,ACT_END_TIME,USER_ID,USER_DISPLAY_NAME,NUM_OF_PEOPLE,CLASSROOM,COMMENTS,CREATED_AT,BATCH_ID,BATCH_NO,LOCATION_ID,LOCATION_NAME,CLASSROOM_ID,ALL_DAY) values ('635','区级培训 初级平面设计',to_timestamp('24-APR-13 01.30.06.000000000 PM','DD-MON-RR HH.MI.SS.FF AM'),to_timestamp('24-APR-13 04.00.20.000000000 PM','DD-MON-RR HH.MI.SS.FF AM'),'yanhm','严鹤旻',null,'L-308',null,to_date('24-APR-13','DD-MON-RR'),null,null,'LOC-1','丽园','3','TIME');
Insert into OA.CLASSROOM_CALENDAR (ID,ACT_TITLE,ACT_START_TIME,ACT_END_TIME,USER_ID,USER_DISPLAY_NAME,NUM_OF_PEOPLE,CLASSROOM,COMMENTS,CREATED_AT,BATCH_ID,BATCH_NO,LOCATION_ID,LOCATION_NAME,CLASSROOM_ID,ALL_DAY) values ('642','市级共享  课堂观察方法导学与实践',to_timestamp('24-APR-13 01.30.38.000000000 PM','DD-MON-RR HH.MI.SS.FF AM'),to_timestamp('24-APR-13 04.30.38.000000000 PM','DD-MON-RR HH.MI.SS.FF AM'),'liyl','李艳璐',null,'Z1-203',null,to_date('26-APR-13','DD-MON-RR'),null,'B-00041','LOC-2','自忠','501','TIME');
Insert into OA.CLASSROOM_CALENDAR (ID,ACT_TITLE,ACT_START_TIME,ACT_END_TIME,USER_ID,USER_DISPLAY_NAME,NUM_OF_PEOPLE,CLASSROOM,COMMENTS,CREATED_AT,BATCH_ID,BATCH_NO,LOCATION_ID,LOCATION_NAME,CLASSROOM_ID,ALL_DAY) values ('643','市级共享  课堂观察方法导学与实践',to_timestamp('01-MAY-13 01.30.38.000000000 PM','DD-MON-RR HH.MI.SS.FF AM'),to_timestamp('01-MAY-13 04.30.38.000000000 PM','DD-MON-RR HH.MI.SS.FF AM'),'liyl','李艳璐',null,'Z1-203',null,to_date('26-APR-13','DD-MON-RR'),null,'B-00041','LOC-2','自忠','501','TIME');
Insert into OA.CLASSROOM_CALENDAR (ID,ACT_TITLE,ACT_START_TIME,ACT_END_TIME,USER_ID,USER_DISPLAY_NAME,NUM_OF_PEOPLE,CLASSROOM,COMMENTS,CREATED_AT,BATCH_ID,BATCH_NO,LOCATION_ID,LOCATION_NAME,CLASSROOM_ID,ALL_DAY) values ('644','市级共享  课堂观察方法导学与实践',to_timestamp('08-MAY-13 01.30.38.000000000 PM','DD-MON-RR HH.MI.SS.FF AM'),to_timestamp('08-MAY-13 04.30.38.000000000 PM','DD-MON-RR HH.MI.SS.FF AM'),'liyl','李艳璐',null,'Z1-203',null,to_date('26-APR-13','DD-MON-RR'),null,'B-00041','LOC-2','自忠','501','TIME');
Insert into OA.CLASSROOM_CALENDAR (ID,ACT_TITLE,ACT_START_TIME,ACT_END_TIME,USER_ID,USER_DISPLAY_NAME,NUM_OF_PEOPLE,CLASSROOM,COMMENTS,CREATED_AT,BATCH_ID,BATCH_NO,LOCATION_ID,LOCATION_NAME,CLASSROOM_ID,ALL_DAY) values ('645','市级共享  课堂观察方法导学与实践',to_timestamp('15-MAY-13 01.30.38.000000000 PM','DD-MON-RR HH.MI.SS.FF AM'),to_timestamp('15-MAY-13 04.30.38.000000000 PM','DD-MON-RR HH.MI.SS.FF AM'),'liyl','李艳璐',null,'Z1-203',null,to_date('26-APR-13','DD-MON-RR'),null,'B-00041','LOC-2','自忠','501','TIME');
Insert into OA.CLASSROOM_CALENDAR (ID,ACT_TITLE,ACT_START_TIME,ACT_END_TIME,USER_ID,USER_DISPLAY_NAME,NUM_OF_PEOPLE,CLASSROOM,COMMENTS,CREATED_AT,BATCH_ID,BATCH_NO,LOCATION_ID,LOCATION_NAME,CLASSROOM_ID,ALL_DAY) values ('646','市级共享  课堂观察方法导学与实践',to_timestamp('22-MAY-13 01.30.38.000000000 PM','DD-MON-RR HH.MI.SS.FF AM'),to_timestamp('22-MAY-13 04.30.38.000000000 PM','DD-MON-RR HH.MI.SS.FF AM'),'liyl','李艳璐',null,'Z1-203',null,to_date('26-APR-13','DD-MON-RR'),null,'B-00041','LOC-2','自忠','501','TIME');
Insert into OA.CLASSROOM_CALENDAR (ID,ACT_TITLE,ACT_START_TIME,ACT_END_TIME,USER_ID,USER_DISPLAY_NAME,NUM_OF_PEOPLE,CLASSROOM,COMMENTS,CREATED_AT,BATCH_ID,BATCH_NO,LOCATION_ID,LOCATION_NAME,CLASSROOM_ID,ALL_DAY) values ('647','市级共享  课堂观察方法导学与实践',to_timestamp('29-MAY-13 01.30.38.000000000 PM','DD-MON-RR HH.MI.SS.FF AM'),to_timestamp('29-MAY-13 04.30.38.000000000 PM','DD-MON-RR HH.MI.SS.FF AM'),'liyl','李艳璐',null,'Z1-203',null,to_date('26-APR-13','DD-MON-RR'),null,'B-00041','LOC-2','自忠','501','TIME');
Insert into OA.CLASSROOM_CALENDAR (ID,ACT_TITLE,ACT_START_TIME,ACT_END_TIME,USER_ID,USER_DISPLAY_NAME,NUM_OF_PEOPLE,CLASSROOM,COMMENTS,CREATED_AT,BATCH_ID,BATCH_NO,LOCATION_ID,LOCATION_NAME,CLASSROOM_ID,ALL_DAY) values ('648','市级共享  课堂观察方法导学与实践',to_timestamp('05-JUN-13 01.30.38.000000000 PM','DD-MON-RR HH.MI.SS.FF AM'),to_timestamp('05-JUN-13 04.30.38.000000000 PM','DD-MON-RR HH.MI.SS.FF AM'),'liyl','李艳璐',null,'Z1-203',null,to_date('26-APR-13','DD-MON-RR'),null,'B-00041','LOC-2','自忠','501','TIME');
Insert into OA.CLASSROOM_CALENDAR (ID,ACT_TITLE,ACT_START_TIME,ACT_END_TIME,USER_ID,USER_DISPLAY_NAME,NUM_OF_PEOPLE,CLASSROOM,COMMENTS,CREATED_AT,BATCH_ID,BATCH_NO,LOCATION_ID,LOCATION_NAME,CLASSROOM_ID,ALL_DAY) values ('649','市级共享  课堂观察方法导学与实践',to_timestamp('12-JUN-13 01.30.38.000000000 PM','DD-MON-RR HH.MI.SS.FF AM'),to_timestamp('12-JUN-13 04.30.38.000000000 PM','DD-MON-RR HH.MI.SS.FF AM'),'liyl','李艳璐',null,'Z1-203',null,to_date('26-APR-13','DD-MON-RR'),null,'B-00041','LOC-2','自忠','501','TIME');
Insert into OA.CLASSROOM_CALENDAR (ID,ACT_TITLE,ACT_START_TIME,ACT_END_TIME,USER_ID,USER_DISPLAY_NAME,NUM_OF_PEOPLE,CLASSROOM,COMMENTS,CREATED_AT,BATCH_ID,BATCH_NO,LOCATION_ID,LOCATION_NAME,CLASSROOM_ID,ALL_DAY) values ('650','市级共享  课堂观察方法导学与实践',to_timestamp('19-JUN-13 01.30.38.000000000 PM','DD-MON-RR HH.MI.SS.FF AM'),to_timestamp('19-JUN-13 04.30.38.000000000 PM','DD-MON-RR HH.MI.SS.FF AM'),'liyl','李艳璐',null,'Z1-203',null,to_date('26-APR-13','DD-MON-RR'),null,'B-00041','LOC-2','自忠','501','TIME');
Insert into OA.CLASSROOM_CALENDAR (ID,ACT_TITLE,ACT_START_TIME,ACT_END_TIME,USER_ID,USER_DISPLAY_NAME,NUM_OF_PEOPLE,CLASSROOM,COMMENTS,CREATED_AT,BATCH_ID,BATCH_NO,LOCATION_ID,LOCATION_NAME,CLASSROOM_ID,ALL_DAY) values ('667','市级共享  新课程背景下小学语文教学设计与教学策略',to_timestamp('08-JUN-13 01.30.21.000000000 PM','DD-MON-RR HH.MI.SS.FF AM'),to_timestamp('08-JUN-13 04.30.37.000000000 PM','DD-MON-RR HH.MI.SS.FF AM'),'weiym','魏玉梅',null,'L212',null,to_date('02-MAY-13','DD-MON-RR'),null,null,'LOC-1','丽园','2','TIME');
Insert into OA.CLASSROOM_CALENDAR (ID,ACT_TITLE,ACT_START_TIME,ACT_END_TIME,USER_ID,USER_DISPLAY_NAME,NUM_OF_PEOPLE,CLASSROOM,COMMENTS,CREATED_AT,BATCH_ID,BATCH_NO,LOCATION_ID,LOCATION_NAME,CLASSROOM_ID,ALL_DAY) values ('728','市级共享  汉字的写法与故事',to_timestamp('28-MAY-13 01.00.24.000000000 PM','DD-MON-RR HH.MI.SS.FF AM'),to_timestamp('28-MAY-13 04.33.24.000000000 PM','DD-MON-RR HH.MI.SS.FF AM'),'yuanzj','袁志健',null,'Z1-301',null,to_date('24-MAY-13','DD-MON-RR'),null,'B-00081','LOC-2','自忠','4','TIME');
Insert into OA.CLASSROOM_CALENDAR (ID,ACT_TITLE,ACT_START_TIME,ACT_END_TIME,USER_ID,USER_DISPLAY_NAME,NUM_OF_PEOPLE,CLASSROOM,COMMENTS,CREATED_AT,BATCH_ID,BATCH_NO,LOCATION_ID,LOCATION_NAME,CLASSROOM_ID,ALL_DAY) values ('729','市级共享  汉字的写法与故事',to_timestamp('04-JUN-13 01.00.24.000000000 PM','DD-MON-RR HH.MI.SS.FF AM'),to_timestamp('04-JUN-13 04.33.24.000000000 PM','DD-MON-RR HH.MI.SS.FF AM'),'yuanzj','袁志健',null,'Z1-301',null,to_date('24-MAY-13','DD-MON-RR'),null,'B-00081','LOC-2','自忠','4','TIME');
Insert into OA.CLASSROOM_CALENDAR (ID,ACT_TITLE,ACT_START_TIME,ACT_END_TIME,USER_ID,USER_DISPLAY_NAME,NUM_OF_PEOPLE,CLASSROOM,COMMENTS,CREATED_AT,BATCH_ID,BATCH_NO,LOCATION_ID,LOCATION_NAME,CLASSROOM_ID,ALL_DAY) values ('651','教育局培训',to_timestamp('06-MAY-13 01.00.00.000000000 PM','DD-MON-RR HH.MI.SS.FF AM'),to_timestamp('06-MAY-13 04.00.00.000000000 PM','DD-MON-RR HH.MI.SS.FF AM'),'weiym','魏玉梅',35,'Z1-402',null,to_date('27-APR-13','DD-MON-RR'),null,null,'LOC-2','自忠','8','TIME');
Insert into OA.CLASSROOM_CALENDAR (ID,ACT_TITLE,ACT_START_TIME,ACT_END_TIME,USER_ID,USER_DISPLAY_NAME,NUM_OF_PEOPLE,CLASSROOM,COMMENTS,CREATED_AT,BATCH_ID,BATCH_NO,LOCATION_ID,LOCATION_NAME,CLASSROOM_ID,ALL_DAY) values ('690','会议',to_timestamp('16-MAY-13 01.00.51.000000000 PM','DD-MON-RR HH.MI.SS.FF AM'),to_timestamp('16-MAY-13 05.00.13.000000000 PM','DD-MON-RR HH.MI.SS.FF AM'),'huangjl','黄金丽',null,'ZJTJS',null,to_date('07-MAY-13','DD-MON-RR'),null,null,'LOC-2','自忠','13','TIME');
Insert into OA.CLASSROOM_CALENDAR (ID,ACT_TITLE,ACT_START_TIME,ACT_END_TIME,USER_ID,USER_DISPLAY_NAME,NUM_OF_PEOPLE,CLASSROOM,COMMENTS,CREATED_AT,BATCH_ID,BATCH_NO,LOCATION_ID,LOCATION_NAME,CLASSROOM_ID,ALL_DAY) values ('691','初中劳技教研活动',to_timestamp('14-MAY-13 01.30.00.000000000 PM','DD-MON-RR HH.MI.SS.FF AM'),to_timestamp('14-MAY-13 03.30.00.000000000 PM','DD-MON-RR HH.MI.SS.FF AM'),'wanghj','王慧洁',30,'L212',null,to_date('08-MAY-13','DD-MON-RR'),null,null,'LOC-1','丽园','2','TIME');
Insert into OA.CLASSROOM_CALENDAR (ID,ACT_TITLE,ACT_START_TIME,ACT_END_TIME,USER_ID,USER_DISPLAY_NAME,NUM_OF_PEOPLE,CLASSROOM,COMMENTS,CREATED_AT,BATCH_ID,BATCH_NO,LOCATION_ID,LOCATION_NAME,CLASSROOM_ID,ALL_DAY) values ('706','高三化学教研',to_timestamp('23-MAY-13 01.36.15.000000000 PM','DD-MON-RR HH.MI.SS.FF AM'),to_timestamp('23-MAY-13 11.59.59.000000000 PM','DD-MON-RR HH.MI.SS.FF AM'),'yangj','杨捷',25,'L209','杨捷',to_date('15-MAY-13','DD-MON-RR'),null,null,'LOC-1','丽园','1','ALLDAY');
Insert into OA.CLASSROOM_CALENDAR (ID,ACT_TITLE,ACT_START_TIME,ACT_END_TIME,USER_ID,USER_DISPLAY_NAME,NUM_OF_PEOPLE,CLASSROOM,COMMENTS,CREATED_AT,BATCH_ID,BATCH_NO,LOCATION_ID,LOCATION_NAME,CLASSROOM_ID,ALL_DAY) values ('526','市级共享课程教学',to_timestamp('22-APR-13 01.30.00.000000000 PM','DD-MON-RR HH.MI.SS.FF AM'),to_timestamp('22-APR-13 04.30.00.000000000 PM','DD-MON-RR HH.MI.SS.FF AM'),'weiym','魏玉梅',38,'L212','电脑、投影、话筒和音频连接线',to_date('22-APR-13','DD-MON-RR'),null,null,'LOC-1','丽园','2','TIME');
Insert into OA.CLASSROOM_CALENDAR (ID,ACT_TITLE,ACT_START_TIME,ACT_END_TIME,USER_ID,USER_DISPLAY_NAME,NUM_OF_PEOPLE,CLASSROOM,COMMENTS,CREATED_AT,BATCH_ID,BATCH_NO,LOCATION_ID,LOCATION_NAME,CLASSROOM_ID,ALL_DAY) values ('727','幼儿园运动组培训',to_timestamp('27-MAY-13 01.00.13.000000000 PM','DD-MON-RR HH.MI.SS.FF AM'),to_timestamp('27-MAY-13 05.30.25.000000000 PM','DD-MON-RR HH.MI.SS.FF AM'),'zhangh','张红',null,'Z1-301',null,to_date('24-MAY-13','DD-MON-RR'),null,null,'LOC-2','自忠','4','TIME');
Insert into OA.CLASSROOM_CALENDAR (ID,ACT_TITLE,ACT_START_TIME,ACT_END_TIME,USER_ID,USER_DISPLAY_NAME,NUM_OF_PEOPLE,CLASSROOM,COMMENTS,CREATED_AT,BATCH_ID,BATCH_NO,LOCATION_ID,LOCATION_NAME,CLASSROOM_ID,ALL_DAY) values ('528','颁奖大会',to_timestamp('22-APR-13 01.34.16.000000000 PM','DD-MON-RR HH.MI.SS.FF AM'),to_timestamp('22-APR-13 05.34.23.000000000 PM','DD-MON-RR HH.MI.SS.FF AM'),'lin','李宁',60,'ZJTJS',null,to_date('22-APR-13','DD-MON-RR'),null,null,'LOC-2','自忠','13','TIME');
Insert into OA.CLASSROOM_CALENDAR (ID,ACT_TITLE,ACT_START_TIME,ACT_END_TIME,USER_ID,USER_DISPLAY_NAME,NUM_OF_PEOPLE,CLASSROOM,COMMENTS,CREATED_AT,BATCH_ID,BATCH_NO,LOCATION_ID,LOCATION_NAME,CLASSROOM_ID,ALL_DAY) values ('676','高三化学教研活动',to_timestamp('09-MAY-13 01.30.00.000000000 PM','DD-MON-RR HH.MI.SS.FF AM'),to_timestamp('09-MAY-13 04.00.00.000000000 PM','DD-MON-RR HH.MI.SS.FF AM'),'yangj','杨捷',25,'L212',null,to_date('03-MAY-13','DD-MON-RR'),null,null,'LOC-1','丽园','2','TIME');
Insert into OA.CLASSROOM_CALENDAR (ID,ACT_TITLE,ACT_START_TIME,ACT_END_TIME,USER_ID,USER_DISPLAY_NAME,NUM_OF_PEOPLE,CLASSROOM,COMMENTS,CREATED_AT,BATCH_ID,BATCH_NO,LOCATION_ID,LOCATION_NAME,CLASSROOM_ID,ALL_DAY) values ('567','区级培训  王羲之行书研习',to_timestamp('22-APR-13 01.30.00.000000000 PM','DD-MON-RR HH.MI.SS.FF AM'),to_timestamp('22-APR-13 04.00.12.000000000 PM','DD-MON-RR HH.MI.SS.FF AM'),'yuanzj','袁志健',null,'Z1-302',null,to_date('24-APR-13','DD-MON-RR'),null,'B-00022','LOC-2','自忠','5','TIME');
Insert into OA.CLASSROOM_CALENDAR (ID,ACT_TITLE,ACT_START_TIME,ACT_END_TIME,USER_ID,USER_DISPLAY_NAME,NUM_OF_PEOPLE,CLASSROOM,COMMENTS,CREATED_AT,BATCH_ID,BATCH_NO,LOCATION_ID,LOCATION_NAME,CLASSROOM_ID,ALL_DAY) values ('568','区级培训  王羲之行书研习',to_timestamp('29-APR-13 01.30.00.000000000 PM','DD-MON-RR HH.MI.SS.FF AM'),to_timestamp('29-APR-13 04.00.12.000000000 PM','DD-MON-RR HH.MI.SS.FF AM'),'yuanzj','袁志健',null,'Z1-302',null,to_date('24-APR-13','DD-MON-RR'),null,'B-00022','LOC-2','自忠','5','TIME');
Insert into OA.CLASSROOM_CALENDAR (ID,ACT_TITLE,ACT_START_TIME,ACT_END_TIME,USER_ID,USER_DISPLAY_NAME,NUM_OF_PEOPLE,CLASSROOM,COMMENTS,CREATED_AT,BATCH_ID,BATCH_NO,LOCATION_ID,LOCATION_NAME,CLASSROOM_ID,ALL_DAY) values ('569','区级培训  王羲之行书研习',to_timestamp('06-MAY-13 01.30.00.000000000 PM','DD-MON-RR HH.MI.SS.FF AM'),to_timestamp('06-MAY-13 04.00.12.000000000 PM','DD-MON-RR HH.MI.SS.FF AM'),'yuanzj','袁志健',null,'Z1-302',null,to_date('24-APR-13','DD-MON-RR'),null,'B-00022','LOC-2','自忠','5','TIME');
Insert into OA.CLASSROOM_CALENDAR (ID,ACT_TITLE,ACT_START_TIME,ACT_END_TIME,USER_ID,USER_DISPLAY_NAME,NUM_OF_PEOPLE,CLASSROOM,COMMENTS,CREATED_AT,BATCH_ID,BATCH_NO,LOCATION_ID,LOCATION_NAME,CLASSROOM_ID,ALL_DAY) values ('570','市级共享  教师心理成长工作坊',to_timestamp('22-APR-13 01.30.53.000000000 PM','DD-MON-RR HH.MI.SS.FF AM'),to_timestamp('22-APR-13 04.30.53.000000000 PM','DD-MON-RR HH.MI.SS.FF AM'),'zhangj','张俊',null,'Z1-501',null,to_date('24-APR-13','DD-MON-RR'),null,'B-00026','LOC-2','自忠','10','TIME');
Insert into OA.CLASSROOM_CALENDAR (ID,ACT_TITLE,ACT_START_TIME,ACT_END_TIME,USER_ID,USER_DISPLAY_NAME,NUM_OF_PEOPLE,CLASSROOM,COMMENTS,CREATED_AT,BATCH_ID,BATCH_NO,LOCATION_ID,LOCATION_NAME,CLASSROOM_ID,ALL_DAY) values ('550','市级共享  积极心理学取向的教师幸福成长课程',to_timestamp('22-APR-13 01.00.43.000000000 PM','DD-MON-RR HH.MI.SS.FF AM'),to_timestamp('22-APR-13 04.00.52.000000000 PM','DD-MON-RR HH.MI.SS.FF AM'),'sungc','孙公策',null,'Z1-503',null,to_date('24-APR-13','DD-MON-RR'),null,'B-00025','LOC-2','自忠','12','TIME');
Insert into OA.CLASSROOM_CALENDAR (ID,ACT_TITLE,ACT_START_TIME,ACT_END_TIME,USER_ID,USER_DISPLAY_NAME,NUM_OF_PEOPLE,CLASSROOM,COMMENTS,CREATED_AT,BATCH_ID,BATCH_NO,LOCATION_ID,LOCATION_NAME,CLASSROOM_ID,ALL_DAY) values ('551','市级共享  积极心理学取向的教师幸福成长课程',to_timestamp('29-APR-13 01.00.43.000000000 PM','DD-MON-RR HH.MI.SS.FF AM'),to_timestamp('29-APR-13 04.00.52.000000000 PM','DD-MON-RR HH.MI.SS.FF AM'),'sungc','孙公策',null,'Z1-503',null,to_date('24-APR-13','DD-MON-RR'),null,'B-00025','LOC-2','自忠','12','TIME');
Insert into OA.CLASSROOM_CALENDAR (ID,ACT_TITLE,ACT_START_TIME,ACT_END_TIME,USER_ID,USER_DISPLAY_NAME,NUM_OF_PEOPLE,CLASSROOM,COMMENTS,CREATED_AT,BATCH_ID,BATCH_NO,LOCATION_ID,LOCATION_NAME,CLASSROOM_ID,ALL_DAY) values ('552','市级共享  积极心理学取向的教师幸福成长课程',to_timestamp('06-MAY-13 01.00.43.000000000 PM','DD-MON-RR HH.MI.SS.FF AM'),to_timestamp('06-MAY-13 04.00.52.000000000 PM','DD-MON-RR HH.MI.SS.FF AM'),'sungc','孙公策',null,'Z1-503',null,to_date('24-APR-13','DD-MON-RR'),null,'B-00025','LOC-2','自忠','12','TIME');
Insert into OA.CLASSROOM_CALENDAR (ID,ACT_TITLE,ACT_START_TIME,ACT_END_TIME,USER_ID,USER_DISPLAY_NAME,NUM_OF_PEOPLE,CLASSROOM,COMMENTS,CREATED_AT,BATCH_ID,BATCH_NO,LOCATION_ID,LOCATION_NAME,CLASSROOM_ID,ALL_DAY) values ('553','市级共享  积极心理学取向的教师幸福成长课程',to_timestamp('13-MAY-13 01.00.43.000000000 PM','DD-MON-RR HH.MI.SS.FF AM'),to_timestamp('13-MAY-13 04.00.52.000000000 PM','DD-MON-RR HH.MI.SS.FF AM'),'sungc','孙公策',null,'Z1-503',null,to_date('24-APR-13','DD-MON-RR'),null,'B-00025','LOC-2','自忠','12','TIME');
Insert into OA.CLASSROOM_CALENDAR (ID,ACT_TITLE,ACT_START_TIME,ACT_END_TIME,USER_ID,USER_DISPLAY_NAME,NUM_OF_PEOPLE,CLASSROOM,COMMENTS,CREATED_AT,BATCH_ID,BATCH_NO,LOCATION_ID,LOCATION_NAME,CLASSROOM_ID,ALL_DAY) values ('554','市级共享  积极心理学取向的教师幸福成长课程',to_timestamp('20-MAY-13 01.00.43.000000000 PM','DD-MON-RR HH.MI.SS.FF AM'),to_timestamp('20-MAY-13 04.00.52.000000000 PM','DD-MON-RR HH.MI.SS.FF AM'),'sungc','孙公策',null,'Z1-503',null,to_date('24-APR-13','DD-MON-RR'),null,'B-00025','LOC-2','自忠','12','TIME');
Insert into OA.CLASSROOM_CALENDAR (ID,ACT_TITLE,ACT_START_TIME,ACT_END_TIME,USER_ID,USER_DISPLAY_NAME,NUM_OF_PEOPLE,CLASSROOM,COMMENTS,CREATED_AT,BATCH_ID,BATCH_NO,LOCATION_ID,LOCATION_NAME,CLASSROOM_ID,ALL_DAY) values ('555','市级共享  积极心理学取向的教师幸福成长课程',to_timestamp('27-MAY-13 01.00.43.000000000 PM','DD-MON-RR HH.MI.SS.FF AM'),to_timestamp('27-MAY-13 04.00.52.000000000 PM','DD-MON-RR HH.MI.SS.FF AM'),'sungc','孙公策',null,'Z1-503',null,to_date('24-APR-13','DD-MON-RR'),null,'B-00025','LOC-2','自忠','12','TIME');
Insert into OA.CLASSROOM_CALENDAR (ID,ACT_TITLE,ACT_START_TIME,ACT_END_TIME,USER_ID,USER_DISPLAY_NAME,NUM_OF_PEOPLE,CLASSROOM,COMMENTS,CREATED_AT,BATCH_ID,BATCH_NO,LOCATION_ID,LOCATION_NAME,CLASSROOM_ID,ALL_DAY) values ('556','市级共享  积极心理学取向的教师幸福成长课程',to_timestamp('03-JUN-13 01.00.43.000000000 PM','DD-MON-RR HH.MI.SS.FF AM'),to_timestamp('03-JUN-13 04.00.52.000000000 PM','DD-MON-RR HH.MI.SS.FF AM'),'sungc','孙公策',null,'Z1-503',null,to_date('24-APR-13','DD-MON-RR'),null,'B-00025','LOC-2','自忠','12','TIME');
Insert into OA.CLASSROOM_CALENDAR (ID,ACT_TITLE,ACT_START_TIME,ACT_END_TIME,USER_ID,USER_DISPLAY_NAME,NUM_OF_PEOPLE,CLASSROOM,COMMENTS,CREATED_AT,BATCH_ID,BATCH_NO,LOCATION_ID,LOCATION_NAME,CLASSROOM_ID,ALL_DAY) values ('557','市级共享  积极心理学取向的教师幸福成长课程',to_timestamp('10-JUN-13 01.00.43.000000000 PM','DD-MON-RR HH.MI.SS.FF AM'),to_timestamp('10-JUN-13 04.00.52.000000000 PM','DD-MON-RR HH.MI.SS.FF AM'),'sungc','孙公策',null,'Z1-503',null,to_date('24-APR-13','DD-MON-RR'),null,'B-00025','LOC-2','自忠','12','TIME');
Insert into OA.CLASSROOM_CALENDAR (ID,ACT_TITLE,ACT_START_TIME,ACT_END_TIME,USER_ID,USER_DISPLAY_NAME,NUM_OF_PEOPLE,CLASSROOM,COMMENTS,CREATED_AT,BATCH_ID,BATCH_NO,LOCATION_ID,LOCATION_NAME,CLASSROOM_ID,ALL_DAY) values ('558','市级共享  积极心理学取向的教师幸福成长课程',to_timestamp('17-JUN-13 01.00.43.000000000 PM','DD-MON-RR HH.MI.SS.FF AM'),to_timestamp('17-JUN-13 04.00.52.000000000 PM','DD-MON-RR HH.MI.SS.FF AM'),'sungc','孙公策',null,'Z1-503',null,to_date('24-APR-13','DD-MON-RR'),null,'B-00025','LOC-2','自忠','12','TIME');
Insert into OA.CLASSROOM_CALENDAR (ID,ACT_TITLE,ACT_START_TIME,ACT_END_TIME,USER_ID,USER_DISPLAY_NAME,NUM_OF_PEOPLE,CLASSROOM,COMMENTS,CREATED_AT,BATCH_ID,BATCH_NO,LOCATION_ID,LOCATION_NAME,CLASSROOM_ID,ALL_DAY) values ('577','区级课程  基于SPSS的教育研究数据处理',to_timestamp('29-APR-13 01.30.00.000000000 PM','DD-MON-RR HH.MI.SS.FF AM'),to_timestamp('29-APR-13 04.00.11.000000000 PM','DD-MON-RR HH.MI.SS.FF AM'),'tangj','唐军',null,'L-308',null,to_date('24-APR-13','DD-MON-RR'),null,'B-00027','LOC-1','丽园','3','TIME');
Insert into OA.CLASSROOM_CALENDAR (ID,ACT_TITLE,ACT_START_TIME,ACT_END_TIME,USER_ID,USER_DISPLAY_NAME,NUM_OF_PEOPLE,CLASSROOM,COMMENTS,CREATED_AT,BATCH_ID,BATCH_NO,LOCATION_ID,LOCATION_NAME,CLASSROOM_ID,ALL_DAY) values ('578','区级课程  基于SPSS的教育研究数据处理',to_timestamp('06-MAY-13 01.30.00.000000000 PM','DD-MON-RR HH.MI.SS.FF AM'),to_timestamp('06-MAY-13 04.00.11.000000000 PM','DD-MON-RR HH.MI.SS.FF AM'),'tangj','唐军',null,'L-308',null,to_date('24-APR-13','DD-MON-RR'),null,'B-00027','LOC-1','丽园','3','TIME');
Insert into OA.CLASSROOM_CALENDAR (ID,ACT_TITLE,ACT_START_TIME,ACT_END_TIME,USER_ID,USER_DISPLAY_NAME,NUM_OF_PEOPLE,CLASSROOM,COMMENTS,CREATED_AT,BATCH_ID,BATCH_NO,LOCATION_ID,LOCATION_NAME,CLASSROOM_ID,ALL_DAY) values ('579','区级课程  PhotoshopCS图像处理',to_timestamp('23-APR-13 01.30.14.000000000 PM','DD-MON-RR HH.MI.SS.FF AM'),to_timestamp('23-APR-13 04.00.25.000000000 PM','DD-MON-RR HH.MI.SS.FF AM'),'ganzw','甘仲巍',null,'Z1-402',null,to_date('24-APR-13','DD-MON-RR'),null,'B-00028','LOC-2','自忠','8','TIME');
Insert into OA.CLASSROOM_CALENDAR (ID,ACT_TITLE,ACT_START_TIME,ACT_END_TIME,USER_ID,USER_DISPLAY_NAME,NUM_OF_PEOPLE,CLASSROOM,COMMENTS,CREATED_AT,BATCH_ID,BATCH_NO,LOCATION_ID,LOCATION_NAME,CLASSROOM_ID,ALL_DAY) values ('580','区级课程  PhotoshopCS图像处理',to_timestamp('30-APR-13 01.30.14.000000000 PM','DD-MON-RR HH.MI.SS.FF AM'),to_timestamp('30-APR-13 04.00.25.000000000 PM','DD-MON-RR HH.MI.SS.FF AM'),'ganzw','甘仲巍',null,'Z1-402',null,to_date('24-APR-13','DD-MON-RR'),null,'B-00028','LOC-2','自忠','8','TIME');
Insert into OA.CLASSROOM_CALENDAR (ID,ACT_TITLE,ACT_START_TIME,ACT_END_TIME,USER_ID,USER_DISPLAY_NAME,NUM_OF_PEOPLE,CLASSROOM,COMMENTS,CREATED_AT,BATCH_ID,BATCH_NO,LOCATION_ID,LOCATION_NAME,CLASSROOM_ID,ALL_DAY) values ('563','区级培训  传统文化与教师素养',to_timestamp('22-APR-13 01.30.46.000000000 PM','DD-MON-RR HH.MI.SS.FF AM'),to_timestamp('22-APR-13 04.00.56.000000000 PM','DD-MON-RR HH.MI.SS.FF AM'),'yanhm','严鹤旻',null,'Z1-502',null,to_date('24-APR-13','DD-MON-RR'),null,'B-00024','LOC-2','自忠','11','TIME');
Insert into OA.CLASSROOM_CALENDAR (ID,ACT_TITLE,ACT_START_TIME,ACT_END_TIME,USER_ID,USER_DISPLAY_NAME,NUM_OF_PEOPLE,CLASSROOM,COMMENTS,CREATED_AT,BATCH_ID,BATCH_NO,LOCATION_ID,LOCATION_NAME,CLASSROOM_ID,ALL_DAY) values ('564','区级培训  传统文化与教师素养',to_timestamp('29-APR-13 01.30.46.000000000 PM','DD-MON-RR HH.MI.SS.FF AM'),to_timestamp('29-APR-13 04.00.56.000000000 PM','DD-MON-RR HH.MI.SS.FF AM'),'yanhm','严鹤旻',null,'Z1-502',null,to_date('24-APR-13','DD-MON-RR'),null,'B-00024','LOC-2','自忠','11','TIME');
Insert into OA.CLASSROOM_CALENDAR (ID,ACT_TITLE,ACT_START_TIME,ACT_END_TIME,USER_ID,USER_DISPLAY_NAME,NUM_OF_PEOPLE,CLASSROOM,COMMENTS,CREATED_AT,BATCH_ID,BATCH_NO,LOCATION_ID,LOCATION_NAME,CLASSROOM_ID,ALL_DAY) values ('565','区级培训  传统文化与教师素养',to_timestamp('06-MAY-13 01.30.46.000000000 PM','DD-MON-RR HH.MI.SS.FF AM'),to_timestamp('06-MAY-13 04.00.56.000000000 PM','DD-MON-RR HH.MI.SS.FF AM'),'yanhm','严鹤旻',null,'Z1-502',null,to_date('24-APR-13','DD-MON-RR'),null,'B-00024','LOC-2','自忠','11','TIME');
Insert into OA.CLASSROOM_CALENDAR (ID,ACT_TITLE,ACT_START_TIME,ACT_END_TIME,USER_ID,USER_DISPLAY_NAME,NUM_OF_PEOPLE,CLASSROOM,COMMENTS,CREATED_AT,BATCH_ID,BATCH_NO,LOCATION_ID,LOCATION_NAME,CLASSROOM_ID,ALL_DAY) values ('566','区级培训  传统文化与教师素养',to_timestamp('13-MAY-13 01.30.46.000000000 PM','DD-MON-RR HH.MI.SS.FF AM'),to_timestamp('13-MAY-13 04.00.56.000000000 PM','DD-MON-RR HH.MI.SS.FF AM'),'yanhm','严鹤旻',null,'Z1-502',null,to_date('24-APR-13','DD-MON-RR'),null,'B-00024','LOC-2','自忠','11','TIME');
Insert into OA.CLASSROOM_CALENDAR (ID,ACT_TITLE,ACT_START_TIME,ACT_END_TIME,USER_ID,USER_DISPLAY_NAME,NUM_OF_PEOPLE,CLASSROOM,COMMENTS,CREATED_AT,BATCH_ID,BATCH_NO,LOCATION_ID,LOCATION_NAME,CLASSROOM_ID,ALL_DAY) values ('571','市级共享  教师心理成长工作坊',to_timestamp('29-APR-13 01.30.53.000000000 PM','DD-MON-RR HH.MI.SS.FF AM'),to_timestamp('29-APR-13 04.30.53.000000000 PM','DD-MON-RR HH.MI.SS.FF AM'),'zhangj','张俊',null,'Z1-501',null,to_date('24-APR-13','DD-MON-RR'),null,'B-00026','LOC-2','自忠','10','TIME');
Insert into OA.CLASSROOM_CALENDAR (ID,ACT_TITLE,ACT_START_TIME,ACT_END_TIME,USER_ID,USER_DISPLAY_NAME,NUM_OF_PEOPLE,CLASSROOM,COMMENTS,CREATED_AT,BATCH_ID,BATCH_NO,LOCATION_ID,LOCATION_NAME,CLASSROOM_ID,ALL_DAY) values ('572','市级共享  教师心理成长工作坊',to_timestamp('06-MAY-13 01.30.53.000000000 PM','DD-MON-RR HH.MI.SS.FF AM'),to_timestamp('06-MAY-13 04.30.53.000000000 PM','DD-MON-RR HH.MI.SS.FF AM'),'zhangj','张俊',null,'Z1-501',null,to_date('24-APR-13','DD-MON-RR'),null,'B-00026','LOC-2','自忠','10','TIME');
Insert into OA.CLASSROOM_CALENDAR (ID,ACT_TITLE,ACT_START_TIME,ACT_END_TIME,USER_ID,USER_DISPLAY_NAME,NUM_OF_PEOPLE,CLASSROOM,COMMENTS,CREATED_AT,BATCH_ID,BATCH_NO,LOCATION_ID,LOCATION_NAME,CLASSROOM_ID,ALL_DAY) values ('573','市级共享  教师心理成长工作坊',to_timestamp('13-MAY-13 01.30.53.000000000 PM','DD-MON-RR HH.MI.SS.FF AM'),to_timestamp('13-MAY-13 04.30.53.000000000 PM','DD-MON-RR HH.MI.SS.FF AM'),'zhangj','张俊',null,'Z1-501',null,to_date('24-APR-13','DD-MON-RR'),null,'B-00026','LOC-2','自忠','10','TIME');
Insert into OA.CLASSROOM_CALENDAR (ID,ACT_TITLE,ACT_START_TIME,ACT_END_TIME,USER_ID,USER_DISPLAY_NAME,NUM_OF_PEOPLE,CLASSROOM,COMMENTS,CREATED_AT,BATCH_ID,BATCH_NO,LOCATION_ID,LOCATION_NAME,CLASSROOM_ID,ALL_DAY) values ('574','市级共享  教师心理成长工作坊',to_timestamp('20-MAY-13 01.30.53.000000000 PM','DD-MON-RR HH.MI.SS.FF AM'),to_timestamp('20-MAY-13 04.30.53.000000000 PM','DD-MON-RR HH.MI.SS.FF AM'),'zhangj','张俊',null,'Z1-501',null,to_date('24-APR-13','DD-MON-RR'),null,'B-00026','LOC-2','自忠','10','TIME');
Insert into OA.CLASSROOM_CALENDAR (ID,ACT_TITLE,ACT_START_TIME,ACT_END_TIME,USER_ID,USER_DISPLAY_NAME,NUM_OF_PEOPLE,CLASSROOM,COMMENTS,CREATED_AT,BATCH_ID,BATCH_NO,LOCATION_ID,LOCATION_NAME,CLASSROOM_ID,ALL_DAY) values ('575','市级共享  教师心理成长工作坊',to_timestamp('27-MAY-13 01.30.53.000000000 PM','DD-MON-RR HH.MI.SS.FF AM'),to_timestamp('27-MAY-13 04.30.53.000000000 PM','DD-MON-RR HH.MI.SS.FF AM'),'zhangj','张俊',null,'Z1-501',null,to_date('24-APR-13','DD-MON-RR'),null,'B-00026','LOC-2','自忠','10','TIME');
Insert into OA.CLASSROOM_CALENDAR (ID,ACT_TITLE,ACT_START_TIME,ACT_END_TIME,USER_ID,USER_DISPLAY_NAME,NUM_OF_PEOPLE,CLASSROOM,COMMENTS,CREATED_AT,BATCH_ID,BATCH_NO,LOCATION_ID,LOCATION_NAME,CLASSROOM_ID,ALL_DAY) values ('576','区级课程  基于SPSS的教育研究数据处理',to_timestamp('22-APR-13 01.30.00.000000000 PM','DD-MON-RR HH.MI.SS.FF AM'),to_timestamp('22-APR-13 04.00.11.000000000 PM','DD-MON-RR HH.MI.SS.FF AM'),'tangj','唐军',null,'L-308',null,to_date('24-APR-13','DD-MON-RR'),null,'B-00027','LOC-1','丽园','3','TIME');
Insert into OA.CLASSROOM_CALENDAR (ID,ACT_TITLE,ACT_START_TIME,ACT_END_TIME,USER_ID,USER_DISPLAY_NAME,NUM_OF_PEOPLE,CLASSROOM,COMMENTS,CREATED_AT,BATCH_ID,BATCH_NO,LOCATION_ID,LOCATION_NAME,CLASSROOM_ID,ALL_DAY) values ('581','区级课程  PhotoshopCS图像处理',to_timestamp('07-MAY-13 01.30.14.000000000 PM','DD-MON-RR HH.MI.SS.FF AM'),to_timestamp('07-MAY-13 04.00.25.000000000 PM','DD-MON-RR HH.MI.SS.FF AM'),'ganzw','甘仲巍',null,'Z1-402',null,to_date('24-APR-13','DD-MON-RR'),null,'B-00028','LOC-2','自忠','8','TIME');
Insert into OA.CLASSROOM_CALENDAR (ID,ACT_TITLE,ACT_START_TIME,ACT_END_TIME,USER_ID,USER_DISPLAY_NAME,NUM_OF_PEOPLE,CLASSROOM,COMMENTS,CREATED_AT,BATCH_ID,BATCH_NO,LOCATION_ID,LOCATION_NAME,CLASSROOM_ID,ALL_DAY) values ('582','区级培训  教师计算机实用技巧应用',to_timestamp('23-APR-13 01.30.13.000000000 PM','DD-MON-RR HH.MI.SS.FF AM'),to_timestamp('23-APR-13 04.00.21.000000000 PM','DD-MON-RR HH.MI.SS.FF AM'),'yeq','叶青',null,'L-308',null,to_date('24-APR-13','DD-MON-RR'),null,'B-00029','LOC-1','丽园','3','TIME');
Insert into OA.CLASSROOM_CALENDAR (ID,ACT_TITLE,ACT_START_TIME,ACT_END_TIME,USER_ID,USER_DISPLAY_NAME,NUM_OF_PEOPLE,CLASSROOM,COMMENTS,CREATED_AT,BATCH_ID,BATCH_NO,LOCATION_ID,LOCATION_NAME,CLASSROOM_ID,ALL_DAY) values ('583','区级培训  教师计算机实用技巧应用',to_timestamp('30-APR-13 01.30.13.000000000 PM','DD-MON-RR HH.MI.SS.FF AM'),to_timestamp('30-APR-13 04.00.21.000000000 PM','DD-MON-RR HH.MI.SS.FF AM'),'yeq','叶青',null,'L-308',null,to_date('24-APR-13','DD-MON-RR'),null,'B-00029','LOC-1','丽园','3','TIME');
Insert into OA.CLASSROOM_CALENDAR (ID,ACT_TITLE,ACT_START_TIME,ACT_END_TIME,USER_ID,USER_DISPLAY_NAME,NUM_OF_PEOPLE,CLASSROOM,COMMENTS,CREATED_AT,BATCH_ID,BATCH_NO,LOCATION_ID,LOCATION_NAME,CLASSROOM_ID,ALL_DAY) values ('584','区级培训  教师计算机实用技巧应用',to_timestamp('07-MAY-13 01.30.13.000000000 PM','DD-MON-RR HH.MI.SS.FF AM'),to_timestamp('07-MAY-13 04.00.21.000000000 PM','DD-MON-RR HH.MI.SS.FF AM'),'yeq','叶青',null,'L-308',null,to_date('24-APR-13','DD-MON-RR'),null,'B-00029','LOC-1','丽园','3','TIME');
Insert into OA.CLASSROOM_CALENDAR (ID,ACT_TITLE,ACT_START_TIME,ACT_END_TIME,USER_ID,USER_DISPLAY_NAME,NUM_OF_PEOPLE,CLASSROOM,COMMENTS,CREATED_AT,BATCH_ID,BATCH_NO,LOCATION_ID,LOCATION_NAME,CLASSROOM_ID,ALL_DAY) values ('585','区级培训  教师计算机实用技巧应用',to_timestamp('14-MAY-13 01.30.13.000000000 PM','DD-MON-RR HH.MI.SS.FF AM'),to_timestamp('14-MAY-13 04.00.21.000000000 PM','DD-MON-RR HH.MI.SS.FF AM'),'yeq','叶青',null,'L-308',null,to_date('24-APR-13','DD-MON-RR'),null,'B-00029','LOC-1','丽园','3','TIME');
Insert into OA.CLASSROOM_CALENDAR (ID,ACT_TITLE,ACT_START_TIME,ACT_END_TIME,USER_ID,USER_DISPLAY_NAME,NUM_OF_PEOPLE,CLASSROOM,COMMENTS,CREATED_AT,BATCH_ID,BATCH_NO,LOCATION_ID,LOCATION_NAME,CLASSROOM_ID,ALL_DAY) values ('586','区级培训  教师计算机实用技巧应用',to_timestamp('21-MAY-13 01.30.13.000000000 PM','DD-MON-RR HH.MI.SS.FF AM'),to_timestamp('21-MAY-13 04.00.21.000000000 PM','DD-MON-RR HH.MI.SS.FF AM'),'yeq','叶青',null,'L-308',null,to_date('24-APR-13','DD-MON-RR'),null,'B-00029','LOC-1','丽园','3','TIME');
Insert into OA.CLASSROOM_CALENDAR (ID,ACT_TITLE,ACT_START_TIME,ACT_END_TIME,USER_ID,USER_DISPLAY_NAME,NUM_OF_PEOPLE,CLASSROOM,COMMENTS,CREATED_AT,BATCH_ID,BATCH_NO,LOCATION_ID,LOCATION_NAME,CLASSROOM_ID,ALL_DAY) values ('587','市级共享  数字化教学资源的获取、加工与管理',to_timestamp('23-APR-13 09.03.18.000000000 AM','DD-MON-RR HH.MI.SS.FF AM'),to_timestamp('23-APR-13 12.04.46.000000000 PM','DD-MON-RR HH.MI.SS.FF AM'),'chengq','陈功强',null,'Z1-402',null,to_date('24-APR-13','DD-MON-RR'),null,'B-00030','LOC-2','自忠','8','TIME');
Insert into OA.CLASSROOM_CALENDAR (ID,ACT_TITLE,ACT_START_TIME,ACT_END_TIME,USER_ID,USER_DISPLAY_NAME,NUM_OF_PEOPLE,CLASSROOM,COMMENTS,CREATED_AT,BATCH_ID,BATCH_NO,LOCATION_ID,LOCATION_NAME,CLASSROOM_ID,ALL_DAY) values ('588','市级共享  数字化教学资源的获取、加工与管理',to_timestamp('30-APR-13 09.03.18.000000000 AM','DD-MON-RR HH.MI.SS.FF AM'),to_timestamp('30-APR-13 12.04.46.000000000 PM','DD-MON-RR HH.MI.SS.FF AM'),'chengq','陈功强',null,'Z1-402',null,to_date('24-APR-13','DD-MON-RR'),null,'B-00030','LOC-2','自忠','8','TIME');
Insert into OA.CLASSROOM_CALENDAR (ID,ACT_TITLE,ACT_START_TIME,ACT_END_TIME,USER_ID,USER_DISPLAY_NAME,NUM_OF_PEOPLE,CLASSROOM,COMMENTS,CREATED_AT,BATCH_ID,BATCH_NO,LOCATION_ID,LOCATION_NAME,CLASSROOM_ID,ALL_DAY) values ('589','市级共享  数字化教学资源的获取、加工与管理',to_timestamp('07-MAY-13 09.03.18.000000000 AM','DD-MON-RR HH.MI.SS.FF AM'),to_timestamp('07-MAY-13 12.04.46.000000000 PM','DD-MON-RR HH.MI.SS.FF AM'),'chengq','陈功强',null,'Z1-402',null,to_date('24-APR-13','DD-MON-RR'),null,'B-00030','LOC-2','自忠','8','TIME');
Insert into OA.CLASSROOM_CALENDAR (ID,ACT_TITLE,ACT_START_TIME,ACT_END_TIME,USER_ID,USER_DISPLAY_NAME,NUM_OF_PEOPLE,CLASSROOM,COMMENTS,CREATED_AT,BATCH_ID,BATCH_NO,LOCATION_ID,LOCATION_NAME,CLASSROOM_ID,ALL_DAY) values ('590','市级共享  数字化教学资源的获取、加工与管理',to_timestamp('14-MAY-13 09.03.18.000000000 AM','DD-MON-RR HH.MI.SS.FF AM'),to_timestamp('14-MAY-13 12.04.46.000000000 PM','DD-MON-RR HH.MI.SS.FF AM'),'chengq','陈功强',null,'Z1-402',null,to_date('24-APR-13','DD-MON-RR'),null,'B-00030','LOC-2','自忠','8','TIME');
Insert into OA.CLASSROOM_CALENDAR (ID,ACT_TITLE,ACT_START_TIME,ACT_END_TIME,USER_ID,USER_DISPLAY_NAME,NUM_OF_PEOPLE,CLASSROOM,COMMENTS,CREATED_AT,BATCH_ID,BATCH_NO,LOCATION_ID,LOCATION_NAME,CLASSROOM_ID,ALL_DAY) values ('591','市级共享  数字化教学资源的获取、加工与管理',to_timestamp('21-MAY-13 09.03.18.000000000 AM','DD-MON-RR HH.MI.SS.FF AM'),to_timestamp('21-MAY-13 12.04.46.000000000 PM','DD-MON-RR HH.MI.SS.FF AM'),'chengq','陈功强',null,'Z1-402',null,to_date('24-APR-13','DD-MON-RR'),null,'B-00030','LOC-2','自忠','8','TIME');
Insert into OA.CLASSROOM_CALENDAR (ID,ACT_TITLE,ACT_START_TIME,ACT_END_TIME,USER_ID,USER_DISPLAY_NAME,NUM_OF_PEOPLE,CLASSROOM,COMMENTS,CREATED_AT,BATCH_ID,BATCH_NO,LOCATION_ID,LOCATION_NAME,CLASSROOM_ID,ALL_DAY) values ('592','市级共享  数字化教学资源的获取、加工与管理',to_timestamp('28-MAY-13 09.03.18.000000000 AM','DD-MON-RR HH.MI.SS.FF AM'),to_timestamp('28-MAY-13 12.04.46.000000000 PM','DD-MON-RR HH.MI.SS.FF AM'),'chengq','陈功强',null,'Z1-402',null,to_date('24-APR-13','DD-MON-RR'),null,'B-00030','LOC-2','自忠','8','TIME');
Insert into OA.CLASSROOM_CALENDAR (ID,ACT_TITLE,ACT_START_TIME,ACT_END_TIME,USER_ID,USER_DISPLAY_NAME,NUM_OF_PEOPLE,CLASSROOM,COMMENTS,CREATED_AT,BATCH_ID,BATCH_NO,LOCATION_ID,LOCATION_NAME,CLASSROOM_ID,ALL_DAY) values ('593','市级共享  数字化教学资源的获取、加工与管理',to_timestamp('04-JUN-13 09.03.18.000000000 AM','DD-MON-RR HH.MI.SS.FF AM'),to_timestamp('04-JUN-13 12.04.46.000000000 PM','DD-MON-RR HH.MI.SS.FF AM'),'chengq','陈功强',null,'Z1-402',null,to_date('24-APR-13','DD-MON-RR'),null,'B-00030','LOC-2','自忠','8','TIME');
Insert into OA.CLASSROOM_CALENDAR (ID,ACT_TITLE,ACT_START_TIME,ACT_END_TIME,USER_ID,USER_DISPLAY_NAME,NUM_OF_PEOPLE,CLASSROOM,COMMENTS,CREATED_AT,BATCH_ID,BATCH_NO,LOCATION_ID,LOCATION_NAME,CLASSROOM_ID,ALL_DAY) values ('594','市级共享  数字化教学资源的获取、加工与管理',to_timestamp('11-JUN-13 09.03.18.000000000 AM','DD-MON-RR HH.MI.SS.FF AM'),to_timestamp('11-JUN-13 12.04.46.000000000 PM','DD-MON-RR HH.MI.SS.FF AM'),'chengq','陈功强',null,'Z1-402',null,to_date('24-APR-13','DD-MON-RR'),null,'B-00030','LOC-2','自忠','8','TIME');
Insert into OA.CLASSROOM_CALENDAR (ID,ACT_TITLE,ACT_START_TIME,ACT_END_TIME,USER_ID,USER_DISPLAY_NAME,NUM_OF_PEOPLE,CLASSROOM,COMMENTS,CREATED_AT,BATCH_ID,BATCH_NO,LOCATION_ID,LOCATION_NAME,CLASSROOM_ID,ALL_DAY) values ('595','市级共享  数字化教学资源的获取、加工与管理',to_timestamp('18-JUN-13 09.03.18.000000000 AM','DD-MON-RR HH.MI.SS.FF AM'),to_timestamp('18-JUN-13 12.04.46.000000000 PM','DD-MON-RR HH.MI.SS.FF AM'),'chengq','陈功强',null,'Z1-402',null,to_date('24-APR-13','DD-MON-RR'),null,'B-00030','LOC-2','自忠','8','TIME');
Insert into OA.CLASSROOM_CALENDAR (ID,ACT_TITLE,ACT_START_TIME,ACT_END_TIME,USER_ID,USER_DISPLAY_NAME,NUM_OF_PEOPLE,CLASSROOM,COMMENTS,CREATED_AT,BATCH_ID,BATCH_NO,LOCATION_ID,LOCATION_NAME,CLASSROOM_ID,ALL_DAY) values ('596','区级培训  上海博物馆藏品欣赏',to_timestamp('24-APR-13 01.30.00.000000000 PM','DD-MON-RR HH.MI.SS.FF AM'),to_timestamp('24-APR-13 04.00.07.000000000 PM','DD-MON-RR HH.MI.SS.FF AM'),'yuanzj','袁志健',null,'Z1-302',null,to_date('24-APR-13','DD-MON-RR'),null,'B-00031','LOC-2','自忠','5','TIME');
Insert into OA.CLASSROOM_CALENDAR (ID,ACT_TITLE,ACT_START_TIME,ACT_END_TIME,USER_ID,USER_DISPLAY_NAME,NUM_OF_PEOPLE,CLASSROOM,COMMENTS,CREATED_AT,BATCH_ID,BATCH_NO,LOCATION_ID,LOCATION_NAME,CLASSROOM_ID,ALL_DAY) values ('597','区级培训  上海博物馆藏品欣赏',to_timestamp('01-MAY-13 01.30.00.000000000 PM','DD-MON-RR HH.MI.SS.FF AM'),to_timestamp('01-MAY-13 04.00.07.000000000 PM','DD-MON-RR HH.MI.SS.FF AM'),'yuanzj','袁志健',null,'Z1-302',null,to_date('24-APR-13','DD-MON-RR'),null,'B-00031','LOC-2','自忠','5','TIME');
Insert into OA.CLASSROOM_CALENDAR (ID,ACT_TITLE,ACT_START_TIME,ACT_END_TIME,USER_ID,USER_DISPLAY_NAME,NUM_OF_PEOPLE,CLASSROOM,COMMENTS,CREATED_AT,BATCH_ID,BATCH_NO,LOCATION_ID,LOCATION_NAME,CLASSROOM_ID,ALL_DAY) values ('598','区级培训  上海博物馆藏品欣赏',to_timestamp('08-MAY-13 01.30.00.000000000 PM','DD-MON-RR HH.MI.SS.FF AM'),to_timestamp('08-MAY-13 04.00.07.000000000 PM','DD-MON-RR HH.MI.SS.FF AM'),'yuanzj','袁志健',null,'Z1-302',null,to_date('24-APR-13','DD-MON-RR'),null,'B-00031','LOC-2','自忠','5','TIME');
Insert into OA.CLASSROOM_CALENDAR (ID,ACT_TITLE,ACT_START_TIME,ACT_END_TIME,USER_ID,USER_DISPLAY_NAME,NUM_OF_PEOPLE,CLASSROOM,COMMENTS,CREATED_AT,BATCH_ID,BATCH_NO,LOCATION_ID,LOCATION_NAME,CLASSROOM_ID,ALL_DAY) values ('599','区级培训  上海博物馆藏品欣赏',to_timestamp('15-MAY-13 01.30.00.000000000 PM','DD-MON-RR HH.MI.SS.FF AM'),to_timestamp('15-MAY-13 04.00.07.000000000 PM','DD-MON-RR HH.MI.SS.FF AM'),'yuanzj','袁志健',null,'Z1-302',null,to_date('24-APR-13','DD-MON-RR'),null,'B-00031','LOC-2','自忠','5','TIME');
Insert into OA.CLASSROOM_CALENDAR (ID,ACT_TITLE,ACT_START_TIME,ACT_END_TIME,USER_ID,USER_DISPLAY_NAME,NUM_OF_PEOPLE,CLASSROOM,COMMENTS,CREATED_AT,BATCH_ID,BATCH_NO,LOCATION_ID,LOCATION_NAME,CLASSROOM_ID,ALL_DAY) values ('600','市级共享  以项目为载体的研究方法导学与实践',to_timestamp('24-APR-13 09.00.59.000000000 AM','DD-MON-RR HH.MI.SS.FF AM'),to_timestamp('24-APR-13 12.00.10.000000000 PM','DD-MON-RR HH.MI.SS.FF AM'),'chenyh','陈玉华',null,'Z1-303',null,to_date('24-APR-13','DD-MON-RR'),null,'B-00032','LOC-2','自忠','6','TIME');
Insert into OA.CLASSROOM_CALENDAR (ID,ACT_TITLE,ACT_START_TIME,ACT_END_TIME,USER_ID,USER_DISPLAY_NAME,NUM_OF_PEOPLE,CLASSROOM,COMMENTS,CREATED_AT,BATCH_ID,BATCH_NO,LOCATION_ID,LOCATION_NAME,CLASSROOM_ID,ALL_DAY) values ('601','市级共享  以项目为载体的研究方法导学与实践',to_timestamp('01-MAY-13 09.00.59.000000000 AM','DD-MON-RR HH.MI.SS.FF AM'),to_timestamp('01-MAY-13 12.00.10.000000000 PM','DD-MON-RR HH.MI.SS.FF AM'),'chenyh','陈玉华',null,'Z1-303',null,to_date('24-APR-13','DD-MON-RR'),null,'B-00032','LOC-2','自忠','6','TIME');
Insert into OA.CLASSROOM_CALENDAR (ID,ACT_TITLE,ACT_START_TIME,ACT_END_TIME,USER_ID,USER_DISPLAY_NAME,NUM_OF_PEOPLE,CLASSROOM,COMMENTS,CREATED_AT,BATCH_ID,BATCH_NO,LOCATION_ID,LOCATION_NAME,CLASSROOM_ID,ALL_DAY) values ('602','市级共享  以项目为载体的研究方法导学与实践',to_timestamp('08-MAY-13 09.00.59.000000000 AM','DD-MON-RR HH.MI.SS.FF AM'),to_timestamp('08-MAY-13 12.00.10.000000000 PM','DD-MON-RR HH.MI.SS.FF AM'),'chenyh','陈玉华',null,'Z1-303',null,to_date('24-APR-13','DD-MON-RR'),null,'B-00032','LOC-2','自忠','6','TIME');
Insert into OA.CLASSROOM_CALENDAR (ID,ACT_TITLE,ACT_START_TIME,ACT_END_TIME,USER_ID,USER_DISPLAY_NAME,NUM_OF_PEOPLE,CLASSROOM,COMMENTS,CREATED_AT,BATCH_ID,BATCH_NO,LOCATION_ID,LOCATION_NAME,CLASSROOM_ID,ALL_DAY) values ('603','市级共享  以项目为载体的研究方法导学与实践',to_timestamp('15-MAY-13 09.00.59.000000000 AM','DD-MON-RR HH.MI.SS.FF AM'),to_timestamp('15-MAY-13 12.00.10.000000000 PM','DD-MON-RR HH.MI.SS.FF AM'),'chenyh','陈玉华',null,'Z1-303',null,to_date('24-APR-13','DD-MON-RR'),null,'B-00032','LOC-2','自忠','6','TIME');
Insert into OA.CLASSROOM_CALENDAR (ID,ACT_TITLE,ACT_START_TIME,ACT_END_TIME,USER_ID,USER_DISPLAY_NAME,NUM_OF_PEOPLE,CLASSROOM,COMMENTS,CREATED_AT,BATCH_ID,BATCH_NO,LOCATION_ID,LOCATION_NAME,CLASSROOM_ID,ALL_DAY) values ('604','市级共享  以项目为载体的研究方法导学与实践',to_timestamp('22-MAY-13 09.00.59.000000000 AM','DD-MON-RR HH.MI.SS.FF AM'),to_timestamp('22-MAY-13 12.00.10.000000000 PM','DD-MON-RR HH.MI.SS.FF AM'),'chenyh','陈玉华',null,'Z1-303',null,to_date('24-APR-13','DD-MON-RR'),null,'B-00032','LOC-2','自忠','6','TIME');
Insert into OA.CLASSROOM_CALENDAR (ID,ACT_TITLE,ACT_START_TIME,ACT_END_TIME,USER_ID,USER_DISPLAY_NAME,NUM_OF_PEOPLE,CLASSROOM,COMMENTS,CREATED_AT,BATCH_ID,BATCH_NO,LOCATION_ID,LOCATION_NAME,CLASSROOM_ID,ALL_DAY) values ('605','市级共享  以项目为载体的研究方法导学与实践',to_timestamp('29-MAY-13 09.00.59.000000000 AM','DD-MON-RR HH.MI.SS.FF AM'),to_timestamp('29-MAY-13 12.00.10.000000000 PM','DD-MON-RR HH.MI.SS.FF AM'),'chenyh','陈玉华',null,'Z1-303',null,to_date('24-APR-13','DD-MON-RR'),null,'B-00032','LOC-2','自忠','6','TIME');
Insert into OA.CLASSROOM_CALENDAR (ID,ACT_TITLE,ACT_START_TIME,ACT_END_TIME,USER_ID,USER_DISPLAY_NAME,NUM_OF_PEOPLE,CLASSROOM,COMMENTS,CREATED_AT,BATCH_ID,BATCH_NO,LOCATION_ID,LOCATION_NAME,CLASSROOM_ID,ALL_DAY) values ('606','市级共享  以项目为载体的研究方法导学与实践',to_timestamp('05-JUN-13 09.00.59.000000000 AM','DD-MON-RR HH.MI.SS.FF AM'),to_timestamp('05-JUN-13 12.00.10.000000000 PM','DD-MON-RR HH.MI.SS.FF AM'),'chenyh','陈玉华',null,'Z1-303',null,to_date('24-APR-13','DD-MON-RR'),null,'B-00032','LOC-2','自忠','6','TIME');
Insert into OA.CLASSROOM_CALENDAR (ID,ACT_TITLE,ACT_START_TIME,ACT_END_TIME,USER_ID,USER_DISPLAY_NAME,NUM_OF_PEOPLE,CLASSROOM,COMMENTS,CREATED_AT,BATCH_ID,BATCH_NO,LOCATION_ID,LOCATION_NAME,CLASSROOM_ID,ALL_DAY) values ('607','市级共享  以项目为载体的研究方法导学与实践',to_timestamp('12-JUN-13 09.00.59.000000000 AM','DD-MON-RR HH.MI.SS.FF AM'),to_timestamp('12-JUN-13 12.00.10.000000000 PM','DD-MON-RR HH.MI.SS.FF AM'),'chenyh','陈玉华',null,'Z1-303',null,to_date('24-APR-13','DD-MON-RR'),null,'B-00032','LOC-2','自忠','6','TIME');
Insert into OA.CLASSROOM_CALENDAR (ID,ACT_TITLE,ACT_START_TIME,ACT_END_TIME,USER_ID,USER_DISPLAY_NAME,NUM_OF_PEOPLE,CLASSROOM,COMMENTS,CREATED_AT,BATCH_ID,BATCH_NO,LOCATION_ID,LOCATION_NAME,CLASSROOM_ID,ALL_DAY) values ('608','市级共享  以项目为载体的研究方法导学与实践',to_timestamp('19-JUN-13 09.00.59.000000000 AM','DD-MON-RR HH.MI.SS.FF AM'),to_timestamp('19-JUN-13 12.00.10.000000000 PM','DD-MON-RR HH.MI.SS.FF AM'),'chenyh','陈玉华',null,'Z1-303',null,to_date('24-APR-13','DD-MON-RR'),null,'B-00032','LOC-2','自忠','6','TIME');
Insert into OA.CLASSROOM_CALENDAR (ID,ACT_TITLE,ACT_START_TIME,ACT_END_TIME,USER_ID,USER_DISPLAY_NAME,NUM_OF_PEOPLE,CLASSROOM,COMMENTS,CREATED_AT,BATCH_ID,BATCH_NO,LOCATION_ID,LOCATION_NAME,CLASSROOM_ID,ALL_DAY) values ('610','市级共享  新任教师师德与育德能力培训',to_timestamp('01-MAY-13 09.00.24.000000000 AM','DD-MON-RR HH.MI.SS.FF AM'),to_timestamp('01-MAY-13 12.00.32.000000000 PM','DD-MON-RR HH.MI.SS.FF AM'),'fengqm','冯秋萌',null,'Z1-502',null,to_date('24-APR-13','DD-MON-RR'),null,'B-00033','LOC-2','自忠','11','TIME');
Insert into OA.CLASSROOM_CALENDAR (ID,ACT_TITLE,ACT_START_TIME,ACT_END_TIME,USER_ID,USER_DISPLAY_NAME,NUM_OF_PEOPLE,CLASSROOM,COMMENTS,CREATED_AT,BATCH_ID,BATCH_NO,LOCATION_ID,LOCATION_NAME,CLASSROOM_ID,ALL_DAY) values ('611','市级共享  新任教师师德与育德能力培训',to_timestamp('08-MAY-13 09.00.24.000000000 AM','DD-MON-RR HH.MI.SS.FF AM'),to_timestamp('08-MAY-13 12.00.32.000000000 PM','DD-MON-RR HH.MI.SS.FF AM'),'fengqm','冯秋萌',null,'Z1-502',null,to_date('24-APR-13','DD-MON-RR'),null,'B-00033','LOC-2','自忠','11','TIME');
Insert into OA.CLASSROOM_CALENDAR (ID,ACT_TITLE,ACT_START_TIME,ACT_END_TIME,USER_ID,USER_DISPLAY_NAME,NUM_OF_PEOPLE,CLASSROOM,COMMENTS,CREATED_AT,BATCH_ID,BATCH_NO,LOCATION_ID,LOCATION_NAME,CLASSROOM_ID,ALL_DAY) values ('612','市级共享  新任教师师德与育德能力培训',to_timestamp('15-MAY-13 09.00.24.000000000 AM','DD-MON-RR HH.MI.SS.FF AM'),to_timestamp('15-MAY-13 12.00.32.000000000 PM','DD-MON-RR HH.MI.SS.FF AM'),'fengqm','冯秋萌',null,'Z1-502',null,to_date('24-APR-13','DD-MON-RR'),null,'B-00033','LOC-2','自忠','11','TIME');
Insert into OA.CLASSROOM_CALENDAR (ID,ACT_TITLE,ACT_START_TIME,ACT_END_TIME,USER_ID,USER_DISPLAY_NAME,NUM_OF_PEOPLE,CLASSROOM,COMMENTS,CREATED_AT,BATCH_ID,BATCH_NO,LOCATION_ID,LOCATION_NAME,CLASSROOM_ID,ALL_DAY) values ('609','市级共享  新任教师师德与育德能力培训',to_timestamp('24-APR-13 09.00.24.000000000 AM','DD-MON-RR HH.MI.SS.FF AM'),to_timestamp('24-APR-13 12.00.32.000000000 PM','DD-MON-RR HH.MI.SS.FF AM'),'fengqm','冯秋萌',null,'Z1-502',null,to_date('24-APR-13','DD-MON-RR'),null,'B-00033','LOC-2','自忠','11','TIME');
Insert into OA.CLASSROOM_CALENDAR (ID,ACT_TITLE,ACT_START_TIME,ACT_END_TIME,USER_ID,USER_DISPLAY_NAME,NUM_OF_PEOPLE,CLASSROOM,COMMENTS,CREATED_AT,BATCH_ID,BATCH_NO,LOCATION_ID,LOCATION_NAME,CLASSROOM_ID,ALL_DAY) values ('613','市级共享  新任教师师德与育德能力培训',to_timestamp('22-MAY-13 09.00.24.000000000 AM','DD-MON-RR HH.MI.SS.FF AM'),to_timestamp('22-MAY-13 12.00.32.000000000 PM','DD-MON-RR HH.MI.SS.FF AM'),'fengqm','冯秋萌',null,'Z1-502',null,to_date('24-APR-13','DD-MON-RR'),null,'B-00033','LOC-2','自忠','11','TIME');
Insert into OA.CLASSROOM_CALENDAR (ID,ACT_TITLE,ACT_START_TIME,ACT_END_TIME,USER_ID,USER_DISPLAY_NAME,NUM_OF_PEOPLE,CLASSROOM,COMMENTS,CREATED_AT,BATCH_ID,BATCH_NO,LOCATION_ID,LOCATION_NAME,CLASSROOM_ID,ALL_DAY) values ('614','市级共享  新任教师师德与育德能力培训',to_timestamp('29-MAY-13 09.00.24.000000000 AM','DD-MON-RR HH.MI.SS.FF AM'),to_timestamp('29-MAY-13 12.00.32.000000000 PM','DD-MON-RR HH.MI.SS.FF AM'),'fengqm','冯秋萌',null,'Z1-502',null,to_date('24-APR-13','DD-MON-RR'),null,'B-00033','LOC-2','自忠','11','TIME');
Insert into OA.CLASSROOM_CALENDAR (ID,ACT_TITLE,ACT_START_TIME,ACT_END_TIME,USER_ID,USER_DISPLAY_NAME,NUM_OF_PEOPLE,CLASSROOM,COMMENTS,CREATED_AT,BATCH_ID,BATCH_NO,LOCATION_ID,LOCATION_NAME,CLASSROOM_ID,ALL_DAY) values ('615','市级共享  新任教师师德与育德能力培训',to_timestamp('05-JUN-13 09.00.24.000000000 AM','DD-MON-RR HH.MI.SS.FF AM'),to_timestamp('05-JUN-13 12.00.32.000000000 PM','DD-MON-RR HH.MI.SS.FF AM'),'fengqm','冯秋萌',null,'Z1-502',null,to_date('24-APR-13','DD-MON-RR'),null,'B-00033','LOC-2','自忠','11','TIME');
Insert into OA.CLASSROOM_CALENDAR (ID,ACT_TITLE,ACT_START_TIME,ACT_END_TIME,USER_ID,USER_DISPLAY_NAME,NUM_OF_PEOPLE,CLASSROOM,COMMENTS,CREATED_AT,BATCH_ID,BATCH_NO,LOCATION_ID,LOCATION_NAME,CLASSROOM_ID,ALL_DAY) values ('616','市级共享  融入主题背景的幼儿情景美术活动实施攻略',to_timestamp('24-APR-13 01.30.33.000000000 PM','DD-MON-RR HH.MI.SS.FF AM'),to_timestamp('24-APR-13 04.31.33.000000000 PM','DD-MON-RR HH.MI.SS.FF AM'),'linjh','林建华',null,'Z1-503',null,to_date('24-APR-13','DD-MON-RR'),null,'B-00034','LOC-2','自忠','12','TIME');
Insert into OA.CLASSROOM_CALENDAR (ID,ACT_TITLE,ACT_START_TIME,ACT_END_TIME,USER_ID,USER_DISPLAY_NAME,NUM_OF_PEOPLE,CLASSROOM,COMMENTS,CREATED_AT,BATCH_ID,BATCH_NO,LOCATION_ID,LOCATION_NAME,CLASSROOM_ID,ALL_DAY) values ('617','市级共享  融入主题背景的幼儿情景美术活动实施攻略',to_timestamp('01-MAY-13 01.30.33.000000000 PM','DD-MON-RR HH.MI.SS.FF AM'),to_timestamp('01-MAY-13 04.31.33.000000000 PM','DD-MON-RR HH.MI.SS.FF AM'),'linjh','林建华',null,'Z1-503',null,to_date('24-APR-13','DD-MON-RR'),null,'B-00034','LOC-2','自忠','12','TIME');
Insert into OA.CLASSROOM_CALENDAR (ID,ACT_TITLE,ACT_START_TIME,ACT_END_TIME,USER_ID,USER_DISPLAY_NAME,NUM_OF_PEOPLE,CLASSROOM,COMMENTS,CREATED_AT,BATCH_ID,BATCH_NO,LOCATION_ID,LOCATION_NAME,CLASSROOM_ID,ALL_DAY) values ('618','市级共享  融入主题背景的幼儿情景美术活动实施攻略',to_timestamp('08-MAY-13 01.30.33.000000000 PM','DD-MON-RR HH.MI.SS.FF AM'),to_timestamp('08-MAY-13 04.31.33.000000000 PM','DD-MON-RR HH.MI.SS.FF AM'),'linjh','林建华',null,'Z1-503',null,to_date('24-APR-13','DD-MON-RR'),null,'B-00034','LOC-2','自忠','12','TIME');
Insert into OA.CLASSROOM_CALENDAR (ID,ACT_TITLE,ACT_START_TIME,ACT_END_TIME,USER_ID,USER_DISPLAY_NAME,NUM_OF_PEOPLE,CLASSROOM,COMMENTS,CREATED_AT,BATCH_ID,BATCH_NO,LOCATION_ID,LOCATION_NAME,CLASSROOM_ID,ALL_DAY) values ('619','市级共享  融入主题背景的幼儿情景美术活动实施攻略',to_timestamp('15-MAY-13 01.30.33.000000000 PM','DD-MON-RR HH.MI.SS.FF AM'),to_timestamp('15-MAY-13 04.31.33.000000000 PM','DD-MON-RR HH.MI.SS.FF AM'),'linjh','林建华',null,'Z1-503',null,to_date('24-APR-13','DD-MON-RR'),null,'B-00034','LOC-2','自忠','12','TIME');
Insert into OA.CLASSROOM_CALENDAR (ID,ACT_TITLE,ACT_START_TIME,ACT_END_TIME,USER_ID,USER_DISPLAY_NAME,NUM_OF_PEOPLE,CLASSROOM,COMMENTS,CREATED_AT,BATCH_ID,BATCH_NO,LOCATION_ID,LOCATION_NAME,CLASSROOM_ID,ALL_DAY) values ('620','市级共享  唐宋词的审美世界',to_timestamp('24-APR-13 01.30.40.000000000 PM','DD-MON-RR HH.MI.SS.FF AM'),to_timestamp('24-APR-13 04.30.40.000000000 PM','DD-MON-RR HH.MI.SS.FF AM'),'panym','潘裕民',null,'ZJTJS',null,to_date('24-APR-13','DD-MON-RR'),null,'B-00035','LOC-2','自忠','13','TIME');
Insert into OA.CLASSROOM_CALENDAR (ID,ACT_TITLE,ACT_START_TIME,ACT_END_TIME,USER_ID,USER_DISPLAY_NAME,NUM_OF_PEOPLE,CLASSROOM,COMMENTS,CREATED_AT,BATCH_ID,BATCH_NO,LOCATION_ID,LOCATION_NAME,CLASSROOM_ID,ALL_DAY) values ('621','市级共享  唐宋词的审美世界',to_timestamp('01-MAY-13 01.30.40.000000000 PM','DD-MON-RR HH.MI.SS.FF AM'),to_timestamp('01-MAY-13 04.30.40.000000000 PM','DD-MON-RR HH.MI.SS.FF AM'),'panym','潘裕民',null,'ZJTJS',null,to_date('24-APR-13','DD-MON-RR'),null,'B-00035','LOC-2','自忠','13','TIME');
Insert into OA.CLASSROOM_CALENDAR (ID,ACT_TITLE,ACT_START_TIME,ACT_END_TIME,USER_ID,USER_DISPLAY_NAME,NUM_OF_PEOPLE,CLASSROOM,COMMENTS,CREATED_AT,BATCH_ID,BATCH_NO,LOCATION_ID,LOCATION_NAME,CLASSROOM_ID,ALL_DAY) values ('622','市级共享  唐宋词的审美世界',to_timestamp('08-MAY-13 01.30.40.000000000 PM','DD-MON-RR HH.MI.SS.FF AM'),to_timestamp('08-MAY-13 04.30.40.000000000 PM','DD-MON-RR HH.MI.SS.FF AM'),'panym','潘裕民',null,'ZJTJS',null,to_date('24-APR-13','DD-MON-RR'),null,'B-00035','LOC-2','自忠','13','TIME');
Insert into OA.CLASSROOM_CALENDAR (ID,ACT_TITLE,ACT_START_TIME,ACT_END_TIME,USER_ID,USER_DISPLAY_NAME,NUM_OF_PEOPLE,CLASSROOM,COMMENTS,CREATED_AT,BATCH_ID,BATCH_NO,LOCATION_ID,LOCATION_NAME,CLASSROOM_ID,ALL_DAY) values ('623','市级共享  数字化教学资源的获取、加工与管理',to_timestamp('24-APR-13 01.30.55.000000000 PM','DD-MON-RR HH.MI.SS.FF AM'),to_timestamp('24-APR-13 04.30.55.000000000 PM','DD-MON-RR HH.MI.SS.FF AM'),'chengq','陈功强',null,'Z1-402',null,to_date('24-APR-13','DD-MON-RR'),null,'B-00036','LOC-2','自忠','8','TIME');
Insert into OA.CLASSROOM_CALENDAR (ID,ACT_TITLE,ACT_START_TIME,ACT_END_TIME,USER_ID,USER_DISPLAY_NAME,NUM_OF_PEOPLE,CLASSROOM,COMMENTS,CREATED_AT,BATCH_ID,BATCH_NO,LOCATION_ID,LOCATION_NAME,CLASSROOM_ID,ALL_DAY) values ('624','市级共享  数字化教学资源的获取、加工与管理',to_timestamp('01-MAY-13 01.30.55.000000000 PM','DD-MON-RR HH.MI.SS.FF AM'),to_timestamp('01-MAY-13 04.30.55.000000000 PM','DD-MON-RR HH.MI.SS.FF AM'),'chengq','陈功强',null,'Z1-402',null,to_date('24-APR-13','DD-MON-RR'),null,'B-00036','LOC-2','自忠','8','TIME');
Insert into OA.CLASSROOM_CALENDAR (ID,ACT_TITLE,ACT_START_TIME,ACT_END_TIME,USER_ID,USER_DISPLAY_NAME,NUM_OF_PEOPLE,CLASSROOM,COMMENTS,CREATED_AT,BATCH_ID,BATCH_NO,LOCATION_ID,LOCATION_NAME,CLASSROOM_ID,ALL_DAY) values ('625','市级共享  数字化教学资源的获取、加工与管理',to_timestamp('08-MAY-13 01.30.55.000000000 PM','DD-MON-RR HH.MI.SS.FF AM'),to_timestamp('08-MAY-13 04.30.55.000000000 PM','DD-MON-RR HH.MI.SS.FF AM'),'chengq','陈功强',null,'Z1-402',null,to_date('24-APR-13','DD-MON-RR'),null,'B-00036','LOC-2','自忠','8','TIME');
Insert into OA.CLASSROOM_CALENDAR (ID,ACT_TITLE,ACT_START_TIME,ACT_END_TIME,USER_ID,USER_DISPLAY_NAME,NUM_OF_PEOPLE,CLASSROOM,COMMENTS,CREATED_AT,BATCH_ID,BATCH_NO,LOCATION_ID,LOCATION_NAME,CLASSROOM_ID,ALL_DAY) values ('626','市级共享  数字化教学资源的获取、加工与管理',to_timestamp('15-MAY-13 01.30.55.000000000 PM','DD-MON-RR HH.MI.SS.FF AM'),to_timestamp('15-MAY-13 04.30.55.000000000 PM','DD-MON-RR HH.MI.SS.FF AM'),'chengq','陈功强',null,'Z1-402',null,to_date('24-APR-13','DD-MON-RR'),null,'B-00036','LOC-2','自忠','8','TIME');
Insert into OA.CLASSROOM_CALENDAR (ID,ACT_TITLE,ACT_START_TIME,ACT_END_TIME,USER_ID,USER_DISPLAY_NAME,NUM_OF_PEOPLE,CLASSROOM,COMMENTS,CREATED_AT,BATCH_ID,BATCH_NO,LOCATION_ID,LOCATION_NAME,CLASSROOM_ID,ALL_DAY) values ('627','市级共享  数字化教学资源的获取、加工与管理',to_timestamp('22-MAY-13 01.30.55.000000000 PM','DD-MON-RR HH.MI.SS.FF AM'),to_timestamp('22-MAY-13 04.30.55.000000000 PM','DD-MON-RR HH.MI.SS.FF AM'),'chengq','陈功强',null,'Z1-402',null,to_date('24-APR-13','DD-MON-RR'),null,'B-00036','LOC-2','自忠','8','TIME');
Insert into OA.CLASSROOM_CALENDAR (ID,ACT_TITLE,ACT_START_TIME,ACT_END_TIME,USER_ID,USER_DISPLAY_NAME,NUM_OF_PEOPLE,CLASSROOM,COMMENTS,CREATED_AT,BATCH_ID,BATCH_NO,LOCATION_ID,LOCATION_NAME,CLASSROOM_ID,ALL_DAY) values ('628','市级共享  数字化教学资源的获取、加工与管理',to_timestamp('29-MAY-13 01.30.55.000000000 PM','DD-MON-RR HH.MI.SS.FF AM'),to_timestamp('29-MAY-13 04.30.55.000000000 PM','DD-MON-RR HH.MI.SS.FF AM'),'chengq','陈功强',null,'Z1-402',null,to_date('24-APR-13','DD-MON-RR'),null,'B-00036','LOC-2','自忠','8','TIME');
Insert into OA.CLASSROOM_CALENDAR (ID,ACT_TITLE,ACT_START_TIME,ACT_END_TIME,USER_ID,USER_DISPLAY_NAME,NUM_OF_PEOPLE,CLASSROOM,COMMENTS,CREATED_AT,BATCH_ID,BATCH_NO,LOCATION_ID,LOCATION_NAME,CLASSROOM_ID,ALL_DAY) values ('629','市级共享  数字化教学资源的获取、加工与管理',to_timestamp('05-JUN-13 01.30.55.000000000 PM','DD-MON-RR HH.MI.SS.FF AM'),to_timestamp('05-JUN-13 04.30.55.000000000 PM','DD-MON-RR HH.MI.SS.FF AM'),'chengq','陈功强',null,'Z1-402',null,to_date('24-APR-13','DD-MON-RR'),null,'B-00036','LOC-2','自忠','8','TIME');
Insert into OA.CLASSROOM_CALENDAR (ID,ACT_TITLE,ACT_START_TIME,ACT_END_TIME,USER_ID,USER_DISPLAY_NAME,NUM_OF_PEOPLE,CLASSROOM,COMMENTS,CREATED_AT,BATCH_ID,BATCH_NO,LOCATION_ID,LOCATION_NAME,CLASSROOM_ID,ALL_DAY) values ('630','市级共享  数字化教学资源的获取、加工与管理',to_timestamp('12-JUN-13 01.30.55.000000000 PM','DD-MON-RR HH.MI.SS.FF AM'),to_timestamp('12-JUN-13 04.30.55.000000000 PM','DD-MON-RR HH.MI.SS.FF AM'),'chengq','陈功强',null,'Z1-402',null,to_date('24-APR-13','DD-MON-RR'),null,'B-00036','LOC-2','自忠','8','TIME');
Insert into OA.CLASSROOM_CALENDAR (ID,ACT_TITLE,ACT_START_TIME,ACT_END_TIME,USER_ID,USER_DISPLAY_NAME,NUM_OF_PEOPLE,CLASSROOM,COMMENTS,CREATED_AT,BATCH_ID,BATCH_NO,LOCATION_ID,LOCATION_NAME,CLASSROOM_ID,ALL_DAY) values ('631','市级共享  数字化教学资源的获取、加工与管理',to_timestamp('19-JUN-13 01.30.55.000000000 PM','DD-MON-RR HH.MI.SS.FF AM'),to_timestamp('19-JUN-13 04.30.55.000000000 PM','DD-MON-RR HH.MI.SS.FF AM'),'chengq','陈功强',null,'Z1-402',null,to_date('24-APR-13','DD-MON-RR'),null,'B-00036','LOC-2','自忠','8','TIME');
Insert into OA.CLASSROOM_CALENDAR (ID,ACT_TITLE,ACT_START_TIME,ACT_END_TIME,USER_ID,USER_DISPLAY_NAME,NUM_OF_PEOPLE,CLASSROOM,COMMENTS,CREATED_AT,BATCH_ID,BATCH_NO,LOCATION_ID,LOCATION_NAME,CLASSROOM_ID,ALL_DAY) values ('632','区级培训  儿童心理问题诊断干预',to_timestamp('24-APR-13 01.30.37.000000000 PM','DD-MON-RR HH.MI.SS.FF AM'),to_timestamp('24-APR-13 04.00.37.000000000 PM','DD-MON-RR HH.MI.SS.FF AM'),'qianf','钱芳',null,'Z1-301',null,to_date('24-APR-13','DD-MON-RR'),null,'B-00037','LOC-2','自忠','4','TIME');
Insert into OA.CLASSROOM_CALENDAR (ID,ACT_TITLE,ACT_START_TIME,ACT_END_TIME,USER_ID,USER_DISPLAY_NAME,NUM_OF_PEOPLE,CLASSROOM,COMMENTS,CREATED_AT,BATCH_ID,BATCH_NO,LOCATION_ID,LOCATION_NAME,CLASSROOM_ID,ALL_DAY) values ('633','区级培训  儿童心理问题诊断干预',to_timestamp('01-MAY-13 01.30.37.000000000 PM','DD-MON-RR HH.MI.SS.FF AM'),to_timestamp('01-MAY-13 04.00.37.000000000 PM','DD-MON-RR HH.MI.SS.FF AM'),'qianf','钱芳',null,'Z1-301',null,to_date('24-APR-13','DD-MON-RR'),null,'B-00037','LOC-2','自忠','4','TIME');
Insert into OA.CLASSROOM_CALENDAR (ID,ACT_TITLE,ACT_START_TIME,ACT_END_TIME,USER_ID,USER_DISPLAY_NAME,NUM_OF_PEOPLE,CLASSROOM,COMMENTS,CREATED_AT,BATCH_ID,BATCH_NO,LOCATION_ID,LOCATION_NAME,CLASSROOM_ID,ALL_DAY) values ('634','区级培训  儿童心理问题诊断干预',to_timestamp('08-MAY-13 01.30.37.000000000 PM','DD-MON-RR HH.MI.SS.FF AM'),to_timestamp('08-MAY-13 04.00.37.000000000 PM','DD-MON-RR HH.MI.SS.FF AM'),'qianf','钱芳',null,'Z1-301',null,to_date('24-APR-13','DD-MON-RR'),null,'B-00037','LOC-2','自忠','4','TIME');
Insert into OA.CLASSROOM_CALENDAR (ID,ACT_TITLE,ACT_START_TIME,ACT_END_TIME,USER_ID,USER_DISPLAY_NAME,NUM_OF_PEOPLE,CLASSROOM,COMMENTS,CREATED_AT,BATCH_ID,BATCH_NO,LOCATION_ID,LOCATION_NAME,CLASSROOM_ID,ALL_DAY) values ('636','区级培训  英语词汇教和学',to_timestamp('25-APR-13 01.30.33.000000000 PM','DD-MON-RR HH.MI.SS.FF AM'),to_timestamp('25-APR-13 04.00.04.000000000 PM','DD-MON-RR HH.MI.SS.FF AM'),'yanhm','严鹤旻',null,'Z1-302',null,to_date('24-APR-13','DD-MON-RR'),null,'B-00038','LOC-2','自忠','5','TIME');
Insert into OA.CLASSROOM_CALENDAR (ID,ACT_TITLE,ACT_START_TIME,ACT_END_TIME,USER_ID,USER_DISPLAY_NAME,NUM_OF_PEOPLE,CLASSROOM,COMMENTS,CREATED_AT,BATCH_ID,BATCH_NO,LOCATION_ID,LOCATION_NAME,CLASSROOM_ID,ALL_DAY) values ('637','区级培训  英语词汇教和学',to_timestamp('02-MAY-13 01.30.33.000000000 PM','DD-MON-RR HH.MI.SS.FF AM'),to_timestamp('02-MAY-13 04.00.04.000000000 PM','DD-MON-RR HH.MI.SS.FF AM'),'yanhm','严鹤旻',null,'Z1-302',null,to_date('24-APR-13','DD-MON-RR'),null,'B-00038','LOC-2','自忠','5','TIME');
Insert into OA.CLASSROOM_CALENDAR (ID,ACT_TITLE,ACT_START_TIME,ACT_END_TIME,USER_ID,USER_DISPLAY_NAME,NUM_OF_PEOPLE,CLASSROOM,COMMENTS,CREATED_AT,BATCH_ID,BATCH_NO,LOCATION_ID,LOCATION_NAME,CLASSROOM_ID,ALL_DAY) values ('638','区级培训  英语词汇教和学',to_timestamp('09-MAY-13 01.30.33.000000000 PM','DD-MON-RR HH.MI.SS.FF AM'),to_timestamp('09-MAY-13 04.00.04.000000000 PM','DD-MON-RR HH.MI.SS.FF AM'),'yanhm','严鹤旻',null,'Z1-302',null,to_date('24-APR-13','DD-MON-RR'),null,'B-00038','LOC-2','自忠','5','TIME');
Insert into OA.CLASSROOM_CALENDAR (ID,ACT_TITLE,ACT_START_TIME,ACT_END_TIME,USER_ID,USER_DISPLAY_NAME,NUM_OF_PEOPLE,CLASSROOM,COMMENTS,CREATED_AT,BATCH_ID,BATCH_NO,LOCATION_ID,LOCATION_NAME,CLASSROOM_ID,ALL_DAY) values ('639','区级培训  英语词汇教和学',to_timestamp('16-MAY-13 01.30.33.000000000 PM','DD-MON-RR HH.MI.SS.FF AM'),to_timestamp('16-MAY-13 04.00.04.000000000 PM','DD-MON-RR HH.MI.SS.FF AM'),'yanhm','严鹤旻',null,'Z1-302',null,to_date('24-APR-13','DD-MON-RR'),null,'B-00038','LOC-2','自忠','5','TIME');
Insert into OA.CLASSROOM_CALENDAR (ID,ACT_TITLE,ACT_START_TIME,ACT_END_TIME,USER_ID,USER_DISPLAY_NAME,NUM_OF_PEOPLE,CLASSROOM,COMMENTS,CREATED_AT,BATCH_ID,BATCH_NO,LOCATION_ID,LOCATION_NAME,CLASSROOM_ID,ALL_DAY) values ('640','区级培训  英语词汇教和学',to_timestamp('23-MAY-13 01.30.33.000000000 PM','DD-MON-RR HH.MI.SS.FF AM'),to_timestamp('23-MAY-13 04.00.04.000000000 PM','DD-MON-RR HH.MI.SS.FF AM'),'yanhm','严鹤旻',null,'Z1-302',null,to_date('24-APR-13','DD-MON-RR'),null,'B-00038','LOC-2','自忠','5','TIME');
Insert into OA.CLASSROOM_CALENDAR (ID,ACT_TITLE,ACT_START_TIME,ACT_END_TIME,USER_ID,USER_DISPLAY_NAME,NUM_OF_PEOPLE,CLASSROOM,COMMENTS,CREATED_AT,BATCH_ID,BATCH_NO,LOCATION_ID,LOCATION_NAME,CLASSROOM_ID,ALL_DAY) values ('641','区级培训  英语词汇教和学',to_timestamp('30-MAY-13 01.30.33.000000000 PM','DD-MON-RR HH.MI.SS.FF AM'),to_timestamp('30-MAY-13 04.00.04.000000000 PM','DD-MON-RR HH.MI.SS.FF AM'),'yanhm','严鹤旻',null,'Z1-302',null,to_date('24-APR-13','DD-MON-RR'),null,'B-00038','LOC-2','自忠','5','TIME');
Insert into OA.CLASSROOM_CALENDAR (ID,ACT_TITLE,ACT_START_TIME,ACT_END_TIME,USER_ID,USER_DISPLAY_NAME,NUM_OF_PEOPLE,CLASSROOM,COMMENTS,CREATED_AT,BATCH_ID,BATCH_NO,LOCATION_ID,LOCATION_NAME,CLASSROOM_ID,ALL_DAY) values ('688','见习教师培训',to_timestamp('03-JUN-13 01.30.41.000000000 PM','DD-MON-RR HH.MI.SS.FF AM'),to_timestamp('03-JUN-13 04.30.26.000000000 PM','DD-MON-RR HH.MI.SS.FF AM'),'qianf','钱芳',null,'Z1-303',null,to_date('07-MAY-13','DD-MON-RR'),null,null,'LOC-2','自忠','6','TIME');
Insert into OA.CLASSROOM_CALENDAR (ID,ACT_TITLE,ACT_START_TIME,ACT_END_TIME,USER_ID,USER_DISPLAY_NAME,NUM_OF_PEOPLE,CLASSROOM,COMMENTS,CREATED_AT,BATCH_ID,BATCH_NO,LOCATION_ID,LOCATION_NAME,CLASSROOM_ID,ALL_DAY) values ('668','市级共享  新课程背景下小学语文教学设计与教学策略',to_timestamp('06-MAY-13 01.30.54.000000000 PM','DD-MON-RR HH.MI.SS.FF AM'),to_timestamp('06-MAY-13 04.30.54.000000000 PM','DD-MON-RR HH.MI.SS.FF AM'),'weiym','魏玉梅',null,'L212',null,to_date('02-MAY-13','DD-MON-RR'),null,'B-00063','LOC-1','丽园','2','TIME');
Insert into OA.CLASSROOM_CALENDAR (ID,ACT_TITLE,ACT_START_TIME,ACT_END_TIME,USER_ID,USER_DISPLAY_NAME,NUM_OF_PEOPLE,CLASSROOM,COMMENTS,CREATED_AT,BATCH_ID,BATCH_NO,LOCATION_ID,LOCATION_NAME,CLASSROOM_ID,ALL_DAY) values ('669','市级共享  新课程背景下小学语文教学设计与教学策略',to_timestamp('13-MAY-13 01.30.54.000000000 PM','DD-MON-RR HH.MI.SS.FF AM'),to_timestamp('13-MAY-13 04.30.54.000000000 PM','DD-MON-RR HH.MI.SS.FF AM'),'weiym','魏玉梅',null,'L212',null,to_date('02-MAY-13','DD-MON-RR'),null,'B-00063','LOC-1','丽园','2','TIME');
Insert into OA.CLASSROOM_CALENDAR (ID,ACT_TITLE,ACT_START_TIME,ACT_END_TIME,USER_ID,USER_DISPLAY_NAME,NUM_OF_PEOPLE,CLASSROOM,COMMENTS,CREATED_AT,BATCH_ID,BATCH_NO,LOCATION_ID,LOCATION_NAME,CLASSROOM_ID,ALL_DAY) values ('670','市级共享  新课程背景下小学语文教学设计与教学策略',to_timestamp('20-MAY-13 01.30.54.000000000 PM','DD-MON-RR HH.MI.SS.FF AM'),to_timestamp('20-MAY-13 04.30.54.000000000 PM','DD-MON-RR HH.MI.SS.FF AM'),'weiym','魏玉梅',null,'L212',null,to_date('02-MAY-13','DD-MON-RR'),null,'B-00063','LOC-1','丽园','2','TIME');
Insert into OA.CLASSROOM_CALENDAR (ID,ACT_TITLE,ACT_START_TIME,ACT_END_TIME,USER_ID,USER_DISPLAY_NAME,NUM_OF_PEOPLE,CLASSROOM,COMMENTS,CREATED_AT,BATCH_ID,BATCH_NO,LOCATION_ID,LOCATION_NAME,CLASSROOM_ID,ALL_DAY) values ('671','市级共享  新课程背景下小学语文教学设计与教学策略',to_timestamp('27-MAY-13 01.30.54.000000000 PM','DD-MON-RR HH.MI.SS.FF AM'),to_timestamp('27-MAY-13 04.30.54.000000000 PM','DD-MON-RR HH.MI.SS.FF AM'),'weiym','魏玉梅',null,'L212',null,to_date('02-MAY-13','DD-MON-RR'),null,'B-00063','LOC-1','丽园','2','TIME');
Insert into OA.CLASSROOM_CALENDAR (ID,ACT_TITLE,ACT_START_TIME,ACT_END_TIME,USER_ID,USER_DISPLAY_NAME,NUM_OF_PEOPLE,CLASSROOM,COMMENTS,CREATED_AT,BATCH_ID,BATCH_NO,LOCATION_ID,LOCATION_NAME,CLASSROOM_ID,ALL_DAY) values ('672','市级共享  新课程背景下小学语文教学设计与教学策略',to_timestamp('03-JUN-13 01.30.54.000000000 PM','DD-MON-RR HH.MI.SS.FF AM'),to_timestamp('03-JUN-13 04.30.54.000000000 PM','DD-MON-RR HH.MI.SS.FF AM'),'weiym','魏玉梅',null,'L212',null,to_date('02-MAY-13','DD-MON-RR'),null,'B-00063','LOC-1','丽园','2','TIME');
Insert into OA.CLASSROOM_CALENDAR (ID,ACT_TITLE,ACT_START_TIME,ACT_END_TIME,USER_ID,USER_DISPLAY_NAME,NUM_OF_PEOPLE,CLASSROOM,COMMENTS,CREATED_AT,BATCH_ID,BATCH_NO,LOCATION_ID,LOCATION_NAME,CLASSROOM_ID,ALL_DAY) values ('673','市级共享  新课程背景下小学语文教学设计与教学策略',to_timestamp('10-JUN-13 01.30.54.000000000 PM','DD-MON-RR HH.MI.SS.FF AM'),to_timestamp('10-JUN-13 04.30.54.000000000 PM','DD-MON-RR HH.MI.SS.FF AM'),'weiym','魏玉梅',null,'L212',null,to_date('02-MAY-13','DD-MON-RR'),null,'B-00063','LOC-1','丽园','2','TIME');
Insert into OA.CLASSROOM_CALENDAR (ID,ACT_TITLE,ACT_START_TIME,ACT_END_TIME,USER_ID,USER_DISPLAY_NAME,NUM_OF_PEOPLE,CLASSROOM,COMMENTS,CREATED_AT,BATCH_ID,BATCH_NO,LOCATION_ID,LOCATION_NAME,CLASSROOM_ID,ALL_DAY) values ('674','市级共享  新课程背景下小学语文教学设计与教学策略',to_timestamp('17-JUN-13 01.30.54.000000000 PM','DD-MON-RR HH.MI.SS.FF AM'),to_timestamp('17-JUN-13 04.30.54.000000000 PM','DD-MON-RR HH.MI.SS.FF AM'),'weiym','魏玉梅',null,'L212',null,to_date('02-MAY-13','DD-MON-RR'),null,'B-00063','LOC-1','丽园','2','TIME');
Insert into OA.CLASSROOM_CALENDAR (ID,ACT_TITLE,ACT_START_TIME,ACT_END_TIME,USER_ID,USER_DISPLAY_NAME,NUM_OF_PEOPLE,CLASSROOM,COMMENTS,CREATED_AT,BATCH_ID,BATCH_NO,LOCATION_ID,LOCATION_NAME,CLASSROOM_ID,ALL_DAY) values ('675','市级共享  新课程背景下小学语文教学设计与教学策略',to_timestamp('24-JUN-13 01.30.54.000000000 PM','DD-MON-RR HH.MI.SS.FF AM'),to_timestamp('24-JUN-13 04.30.54.000000000 PM','DD-MON-RR HH.MI.SS.FF AM'),'weiym','魏玉梅',null,'L212',null,to_date('02-MAY-13','DD-MON-RR'),null,'B-00063','LOC-1','丽园','2','TIME');
Insert into OA.CLASSROOM_CALENDAR (ID,ACT_TITLE,ACT_START_TIME,ACT_END_TIME,USER_ID,USER_DISPLAY_NAME,NUM_OF_PEOPLE,CLASSROOM,COMMENTS,CREATED_AT,BATCH_ID,BATCH_NO,LOCATION_ID,LOCATION_NAME,CLASSROOM_ID,ALL_DAY) values ('686','见习教师培训',to_timestamp('03-JUN-13 01.30.42.000000000 PM','DD-MON-RR HH.MI.SS.FF AM'),to_timestamp('03-JUN-13 04.30.09.000000000 PM','DD-MON-RR HH.MI.SS.FF AM'),'qianf','钱芳',null,'Z1-301',null,to_date('07-MAY-13','DD-MON-RR'),null,null,'LOC-2','自忠','4','TIME');
Insert into OA.CLASSROOM_CALENDAR (ID,ACT_TITLE,ACT_START_TIME,ACT_END_TIME,USER_ID,USER_DISPLAY_NAME,NUM_OF_PEOPLE,CLASSROOM,COMMENTS,CREATED_AT,BATCH_ID,BATCH_NO,LOCATION_ID,LOCATION_NAME,CLASSROOM_ID,ALL_DAY) values ('687','见习教师培训',to_timestamp('03-JUN-13 01.30.38.000000000 PM','DD-MON-RR HH.MI.SS.FF AM'),to_timestamp('03-JUN-13 04.30.10.000000000 PM','DD-MON-RR HH.MI.SS.FF AM'),'qianf','钱芳',null,'Z1-302',null,to_date('07-MAY-13','DD-MON-RR'),null,null,'LOC-2','自忠','5','TIME');
Insert into OA.CLASSROOM_CALENDAR (ID,ACT_TITLE,ACT_START_TIME,ACT_END_TIME,USER_ID,USER_DISPLAY_NAME,NUM_OF_PEOPLE,CLASSROOM,COMMENTS,CREATED_AT,BATCH_ID,BATCH_NO,LOCATION_ID,LOCATION_NAME,CLASSROOM_ID,ALL_DAY) values ('689','见习教师培训',to_timestamp('03-JUN-13 01.30.46.000000000 PM','DD-MON-RR HH.MI.SS.FF AM'),to_timestamp('03-JUN-13 04.30.55.000000000 PM','DD-MON-RR HH.MI.SS.FF AM'),'qianf','钱芳',null,'ZJTJS',null,to_date('07-MAY-13','DD-MON-RR'),null,null,'LOC-2','自忠','13','TIME');
Insert into OA.CLASSROOM_CALENDAR (ID,ACT_TITLE,ACT_START_TIME,ACT_END_TIME,USER_ID,USER_DISPLAY_NAME,NUM_OF_PEOPLE,CLASSROOM,COMMENTS,CREATED_AT,BATCH_ID,BATCH_NO,LOCATION_ID,LOCATION_NAME,CLASSROOM_ID,ALL_DAY) values ('707','数学名师工作室活动',to_timestamp('28-MAY-13 01.00.00.000000000 PM','DD-MON-RR HH.MI.SS.FF AM'),to_timestamp('28-MAY-13 03.30.00.000000000 PM','DD-MON-RR HH.MI.SS.FF AM'),'xuqh','徐庆惠',15,'L212',null,to_date('17-MAY-13','DD-MON-RR'),null,null,'LOC-1','丽园','2','TIME');
Insert into OA.CLASSROOM_CALENDAR (ID,ACT_TITLE,ACT_START_TIME,ACT_END_TIME,USER_ID,USER_DISPLAY_NAME,NUM_OF_PEOPLE,CLASSROOM,COMMENTS,CREATED_AT,BATCH_ID,BATCH_NO,LOCATION_ID,LOCATION_NAME,CLASSROOM_ID,ALL_DAY) values ('726','教育局新教师面试',to_timestamp('28-MAY-13 12.02.00.000000000 PM','DD-MON-RR HH.MI.SS.FF AM'),to_timestamp('28-MAY-13 04.30.06.000000000 PM','DD-MON-RR HH.MI.SS.FF AM'),'luyx','陆懿香',null,'L209','茶水',to_date('21-MAY-13','DD-MON-RR'),null,null,'LOC-1','丽园','1','TIME');
REM INSERTING into OA.CONF_ROOM_CALENDAR
Insert into OA.CONF_ROOM_CALENDAR (ID,USER_ID,USER_DISPLAY_NAME,LOCATION_ID,LOCATION_NAME,MEETING_ROOM,MEETING_ROOM_ID,TITLE,PARTICIPANTS,START_TIME,END_TIME,COMMENTS,NEED_PROJECTOR,NEED_LOUDSPEAKER,NEED_BEVERAGE,NEED_FRUITS,NEED_SNACKS,SNACK_LEVEL,NUM_OF_PEOPLE,STATE,PR_ID,ALLDAY,SUBMIT_DATE) values ('144','267','吴幸敏','LOC-2','自忠','Z3-508','36','教育软件颁奖与培训','全区中小学获奖教师等',to_timestamp('08-MAY-13 02.00.00.000000000 PM','DD-MON-RR HH.MI.SS.FF AM'),to_timestamp('08-MAY-13 04.00.00.000000000 PM','DD-MON-RR HH.MI.SS.FF AM'),null,'Y','Y','N','N','N',null,80,'已审核',null,'TIME',to_date('02-MAY-13','DD-MON-RR'));
Insert into OA.CONF_ROOM_CALENDAR (ID,USER_ID,USER_DISPLAY_NAME,LOCATION_ID,LOCATION_NAME,MEETING_ROOM,MEETING_ROOM_ID,TITLE,PARTICIPANTS,START_TIME,END_TIME,COMMENTS,NEED_PROJECTOR,NEED_LOUDSPEAKER,NEED_BEVERAGE,NEED_FRUITS,NEED_SNACKS,SNACK_LEVEL,NUM_OF_PEOPLE,STATE,PR_ID,ALLDAY,SUBMIT_DATE) values ('152','222','唐军','LOC-1','丽园','L411','23','学习所','奚晓晶、魏耀发、徐崇文、李金钊、唐军',to_timestamp('06-MAY-13 09.00.00.000000000 AM','DD-MON-RR HH.MI.SS.FF AM'),to_timestamp('06-MAY-13 12.00.00.000000000 PM','DD-MON-RR HH.MI.SS.FF AM'),null,'Y','N','Y','N','N',null,5,'已审核',null,'TIME',to_date('02-MAY-13','DD-MON-RR'));
Insert into OA.CONF_ROOM_CALENDAR (ID,USER_ID,USER_DISPLAY_NAME,LOCATION_ID,LOCATION_NAME,MEETING_ROOM,MEETING_ROOM_ID,TITLE,PARTICIPANTS,START_TIME,END_TIME,COMMENTS,NEED_PROJECTOR,NEED_LOUDSPEAKER,NEED_BEVERAGE,NEED_FRUITS,NEED_SNACKS,SNACK_LEVEL,NUM_OF_PEOPLE,STATE,PR_ID,ALLDAY,SUBMIT_DATE) values ('163','254','郑渝萍','LOC-2','自忠','Z3-408','35','援疆工作研讨会','教育局领导、院领导、干训部主任',to_timestamp('06-MAY-13 03.30.00.000000000 PM','DD-MON-RR HH.MI.SS.FF AM'),to_timestamp('06-MAY-13 04.30.00.000000000 PM','DD-MON-RR HH.MI.SS.FF AM'),null,'N','Y','Y','N','N',null,7,'已审核',null,'TIME',to_date('03-MAY-13','DD-MON-RR'));
Insert into OA.CONF_ROOM_CALENDAR (ID,USER_ID,USER_DISPLAY_NAME,LOCATION_ID,LOCATION_NAME,MEETING_ROOM,MEETING_ROOM_ID,TITLE,PARTICIPANTS,START_TIME,END_TIME,COMMENTS,NEED_PROJECTOR,NEED_LOUDSPEAKER,NEED_BEVERAGE,NEED_FRUITS,NEED_SNACKS,SNACK_LEVEL,NUM_OF_PEOPLE,STATE,PR_ID,ALLDAY,SUBMIT_DATE) values ('164','194','夏昕','LOC-1','丽园','L410','22','健康教育工作会议','保健教师',to_timestamp('06-MAY-13 02.00.00.000000000 PM','DD-MON-RR HH.MI.SS.FF AM'),to_timestamp('06-MAY-13 04.00.00.000000000 PM','DD-MON-RR HH.MI.SS.FF AM'),null,'N','Y','Y','N','N',null,20,'已拒绝',null,'TIME',to_date('03-MAY-13','DD-MON-RR'));
Insert into OA.CONF_ROOM_CALENDAR (ID,USER_ID,USER_DISPLAY_NAME,LOCATION_ID,LOCATION_NAME,MEETING_ROOM,MEETING_ROOM_ID,TITLE,PARTICIPANTS,START_TIME,END_TIME,COMMENTS,NEED_PROJECTOR,NEED_LOUDSPEAKER,NEED_BEVERAGE,NEED_FRUITS,NEED_SNACKS,SNACK_LEVEL,NUM_OF_PEOPLE,STATE,PR_ID,ALLDAY,SUBMIT_DATE) values ('169','224','吴晓芬','LOC-1','丽园','L410','22','教心基地活动','导师及学员',to_timestamp('08-MAY-13 09.00.00.000000000 AM','DD-MON-RR HH.MI.SS.FF AM'),to_timestamp('08-MAY-13 11.30.30.000000000 AM','DD-MON-RR HH.MI.SS.FF AM'),null,'Y','Y','Y','N','N',null,35,'已审核',null,'TIME',to_date('03-MAY-13','DD-MON-RR'));
Insert into OA.CONF_ROOM_CALENDAR (ID,USER_ID,USER_DISPLAY_NAME,LOCATION_ID,LOCATION_NAME,MEETING_ROOM,MEETING_ROOM_ID,TITLE,PARTICIPANTS,START_TIME,END_TIME,COMMENTS,NEED_PROJECTOR,NEED_LOUDSPEAKER,NEED_BEVERAGE,NEED_FRUITS,NEED_SNACKS,SNACK_LEVEL,NUM_OF_PEOPLE,STATE,PR_ID,ALLDAY,SUBMIT_DATE) values ('170','279','魏玉梅','LOC-2','自忠','Z3-309','33','青年沙龙理事会议','青年沙龙理事',to_timestamp('10-MAY-13 12.30.00.000000000 PM','DD-MON-RR HH.MI.SS.FF AM'),to_timestamp('10-MAY-13 01.30.00.000000000 PM','DD-MON-RR HH.MI.SS.FF AM'),null,'N','N','Y','N','N',null,6,'已审核',null,'TIME',to_date('03-MAY-13','DD-MON-RR'));
Insert into OA.CONF_ROOM_CALENDAR (ID,USER_ID,USER_DISPLAY_NAME,LOCATION_ID,LOCATION_NAME,MEETING_ROOM,MEETING_ROOM_ID,TITLE,PARTICIPANTS,START_TIME,END_TIME,COMMENTS,NEED_PROJECTOR,NEED_LOUDSPEAKER,NEED_BEVERAGE,NEED_FRUITS,NEED_SNACKS,SNACK_LEVEL,NUM_OF_PEOPLE,STATE,PR_ID,ALLDAY,SUBMIT_DATE) values ('172','223','周冰洁','LOC-1','丽园','L411','23','科研室部门学习','全体科研员',to_timestamp('10-MAY-13 09.00.00.000000000 AM','DD-MON-RR HH.MI.SS.FF AM'),to_timestamp('10-MAY-13 11.00.00.000000000 AM','DD-MON-RR HH.MI.SS.FF AM'),null,'Y','N','N','N','N',null,10,'已审核',null,'TIME',to_date('03-MAY-13','DD-MON-RR'));
Insert into OA.CONF_ROOM_CALENDAR (ID,USER_ID,USER_DISPLAY_NAME,LOCATION_ID,LOCATION_NAME,MEETING_ROOM,MEETING_ROOM_ID,TITLE,PARTICIPANTS,START_TIME,END_TIME,COMMENTS,NEED_PROJECTOR,NEED_LOUDSPEAKER,NEED_BEVERAGE,NEED_FRUITS,NEED_SNACKS,SNACK_LEVEL,NUM_OF_PEOPLE,STATE,PR_ID,ALLDAY,SUBMIT_DATE) values ('184','290','焦文燕','LOC-2','自忠','Z3-508','36','2013年黄浦区学校语言文字工作会议','教育局1人语委办2人',to_timestamp('09-MAY-13 08.30.00.000000000 AM','DD-MON-RR HH.MI.SS.FF AM'),to_timestamp('09-MAY-13 10.00.00.000000000 AM','DD-MON-RR HH.MI.SS.FF AM'),null,'Y','Y','N','N','N',null,110,'已审核',null,'TIME',to_date('06-MAY-13','DD-MON-RR'));
Insert into OA.CONF_ROOM_CALENDAR (ID,USER_ID,USER_DISPLAY_NAME,LOCATION_ID,LOCATION_NAME,MEETING_ROOM,MEETING_ROOM_ID,TITLE,PARTICIPANTS,START_TIME,END_TIME,COMMENTS,NEED_PROJECTOR,NEED_LOUDSPEAKER,NEED_BEVERAGE,NEED_FRUITS,NEED_SNACKS,SNACK_LEVEL,NUM_OF_PEOPLE,STATE,PR_ID,ALLDAY,SUBMIT_DATE) values ('222','181','李君','LOC-1','丽园','L201','20','高中生命科学名师工作室活动','工作室学员',to_timestamp('03-JUN-13 01.30.00.000000000 PM','DD-MON-RR HH.MI.SS.FF AM'),to_timestamp('03-JUN-13 03.30.00.000000000 PM','DD-MON-RR HH.MI.SS.FF AM'),null,'Y','Y','Y','N','N',null,10,'已审核',null,'TIME',to_date('27-MAY-13','DD-MON-RR'));
Insert into OA.CONF_ROOM_CALENDAR (ID,USER_ID,USER_DISPLAY_NAME,LOCATION_ID,LOCATION_NAME,MEETING_ROOM,MEETING_ROOM_ID,TITLE,PARTICIPANTS,START_TIME,END_TIME,COMMENTS,NEED_PROJECTOR,NEED_LOUDSPEAKER,NEED_BEVERAGE,NEED_FRUITS,NEED_SNACKS,SNACK_LEVEL,NUM_OF_PEOPLE,STATE,PR_ID,ALLDAY,SUBMIT_DATE) values ('225','235','黄金丽','LOC-2','自忠','Z3-310','32','校本培训先进学校初评','区县培训部主任',to_timestamp('23-MAY-13 01.10.07.000000000 PM','DD-MON-RR HH.MI.SS.FF AM'),to_timestamp('23-MAY-13 04.30.17.000000000 PM','DD-MON-RR HH.MI.SS.FF AM'),null,'Y','N','Y','N','N',null,16,'已审核',null,'TIME',to_date('13-MAY-13','DD-MON-RR'));
Insert into OA.CONF_ROOM_CALENDAR (ID,USER_ID,USER_DISPLAY_NAME,LOCATION_ID,LOCATION_NAME,MEETING_ROOM,MEETING_ROOM_ID,TITLE,PARTICIPANTS,START_TIME,END_TIME,COMMENTS,NEED_PROJECTOR,NEED_LOUDSPEAKER,NEED_BEVERAGE,NEED_FRUITS,NEED_SNACKS,SNACK_LEVEL,NUM_OF_PEOPLE,STATE,PR_ID,ALLDAY,SUBMIT_DATE) values ('258','290','焦文燕','LOC-2','自忠','Z1-405','27','中华经典诵读融入教学工作研讨','区语委办与小教相关人员',to_timestamp('23-MAY-13 02.30.00.000000000 PM','DD-MON-RR HH.MI.SS.FF AM'),to_timestamp('23-MAY-13 04.00.00.000000000 PM','DD-MON-RR HH.MI.SS.FF AM'),null,'N','N','N','N','N',null,6,'已审核',null,'TIME',to_date('23-MAY-13','DD-MON-RR'));
Insert into OA.CONF_ROOM_CALENDAR (ID,USER_ID,USER_DISPLAY_NAME,LOCATION_ID,LOCATION_NAME,MEETING_ROOM,MEETING_ROOM_ID,TITLE,PARTICIPANTS,START_TIME,END_TIME,COMMENTS,NEED_PROJECTOR,NEED_LOUDSPEAKER,NEED_BEVERAGE,NEED_FRUITS,NEED_SNACKS,SNACK_LEVEL,NUM_OF_PEOPLE,STATE,PR_ID,ALLDAY,SUBMIT_DATE) values ('265','255','陈亚莉','LOC-2','自忠','Z3-310','32','黄浦崇明干训研讨会','崇明区教育学院干训部及本学院干训部',to_timestamp('28-MAY-13 02.00.00.000000000 PM','DD-MON-RR HH.MI.SS.FF AM'),to_timestamp('28-MAY-13 03.30.00.000000000 PM','DD-MON-RR HH.MI.SS.FF AM'),null,'N','N','Y','N','N',null,8,'已审核',null,'TIME',to_date('27-MAY-13','DD-MON-RR'));
Insert into OA.CONF_ROOM_CALENDAR (ID,USER_ID,USER_DISPLAY_NAME,LOCATION_ID,LOCATION_NAME,MEETING_ROOM,MEETING_ROOM_ID,TITLE,PARTICIPANTS,START_TIME,END_TIME,COMMENTS,NEED_PROJECTOR,NEED_LOUDSPEAKER,NEED_BEVERAGE,NEED_FRUITS,NEED_SNACKS,SNACK_LEVEL,NUM_OF_PEOPLE,STATE,PR_ID,ALLDAY,SUBMIT_DATE) values ('269','279','魏玉梅','LOC-1','丽园','L506','24','黄浦教育研究研讨会','各区杂志主编等',to_timestamp('03-JUN-13 01.30.00.000000000 PM','DD-MON-RR HH.MI.SS.FF AM'),to_timestamp('03-JUN-13 04.00.00.000000000 PM','DD-MON-RR HH.MI.SS.FF AM'),'各区教育学院院长和市级刊物主编','Y','Y','Y','N','N',null,20,'已审核',null,'TIME',to_date('28-MAY-13','DD-MON-RR'));
Insert into OA.CONF_ROOM_CALENDAR (ID,USER_ID,USER_DISPLAY_NAME,LOCATION_ID,LOCATION_NAME,MEETING_ROOM,MEETING_ROOM_ID,TITLE,PARTICIPANTS,START_TIME,END_TIME,COMMENTS,NEED_PROJECTOR,NEED_LOUDSPEAKER,NEED_BEVERAGE,NEED_FRUITS,NEED_SNACKS,SNACK_LEVEL,NUM_OF_PEOPLE,STATE,PR_ID,ALLDAY,SUBMIT_DATE) values ('270','279','魏玉梅','LOC-1','丽园','L410','22','区小学语文骨干教师活动','本区各小学骨干教师及培训班学员',to_timestamp('03-JUN-13 02.00.00.000000000 PM','DD-MON-RR HH.MI.SS.FF AM'),to_timestamp('03-JUN-13 04.30.00.000000000 PM','DD-MON-RR HH.MI.SS.FF AM'),null,'Y','Y','Y','N','N',null,60,'已审核',null,'TIME',to_date('28-MAY-13','DD-MON-RR'));
Insert into OA.CONF_ROOM_CALENDAR (ID,USER_ID,USER_DISPLAY_NAME,LOCATION_ID,LOCATION_NAME,MEETING_ROOM,MEETING_ROOM_ID,TITLE,PARTICIPANTS,START_TIME,END_TIME,COMMENTS,NEED_PROJECTOR,NEED_LOUDSPEAKER,NEED_BEVERAGE,NEED_FRUITS,NEED_SNACKS,SNACK_LEVEL,NUM_OF_PEOPLE,STATE,PR_ID,ALLDAY,SUBMIT_DATE) values ('105','222','唐军','LOC-1','丽园','L411','23','课题讨论','邢至晖、唐军、王文辉',to_timestamp('26-APR-13 09.00.00.000000000 AM','DD-MON-RR HH.MI.SS.FF AM'),to_timestamp('26-APR-13 11.00.00.000000000 AM','DD-MON-RR HH.MI.SS.FF AM'),null,'Y','N','Y','N','N',null,4,'已审核',null,'TIME',to_date('23-APR-13','DD-MON-RR'));
Insert into OA.CONF_ROOM_CALENDAR (ID,USER_ID,USER_DISPLAY_NAME,LOCATION_ID,LOCATION_NAME,MEETING_ROOM,MEETING_ROOM_ID,TITLE,PARTICIPANTS,START_TIME,END_TIME,COMMENTS,NEED_PROJECTOR,NEED_LOUDSPEAKER,NEED_BEVERAGE,NEED_FRUITS,NEED_SNACKS,SNACK_LEVEL,NUM_OF_PEOPLE,STATE,PR_ID,ALLDAY,SUBMIT_DATE) values ('106','191','王慧洁','LOC-1','丽园','L511','25','中教综合组工会小组活动','中教综合组成员',to_timestamp('26-APR-13 09.00.00.000000000 AM','DD-MON-RR HH.MI.SS.FF AM'),to_timestamp('26-APR-13 10.00.00.000000000 AM','DD-MON-RR HH.MI.SS.FF AM'),null,'N','N','N','N','N',null,11,'已审核',null,'TIME',to_date('23-APR-13','DD-MON-RR'));
Insert into OA.CONF_ROOM_CALENDAR (ID,USER_ID,USER_DISPLAY_NAME,LOCATION_ID,LOCATION_NAME,MEETING_ROOM,MEETING_ROOM_ID,TITLE,PARTICIPANTS,START_TIME,END_TIME,COMMENTS,NEED_PROJECTOR,NEED_LOUDSPEAKER,NEED_BEVERAGE,NEED_FRUITS,NEED_SNACKS,SNACK_LEVEL,NUM_OF_PEOPLE,STATE,PR_ID,ALLDAY,SUBMIT_DATE) values ('150','282','陆臻里','LOC-2','自忠','Z3-508','36','教育局体卫艺科会议','教育局体卫艺科',to_timestamp('13-MAY-13 01.30.00.000000000 PM','DD-MON-RR HH.MI.SS.FF AM'),to_timestamp('13-MAY-13 04.00.00.000000000 PM','DD-MON-RR HH.MI.SS.FF AM'),'需准备电脑，瓶装水','Y','Y','Y','N','N',null,100,'已审核',null,'TIME',to_date('02-MAY-13','DD-MON-RR'));
Insert into OA.CONF_ROOM_CALENDAR (ID,USER_ID,USER_DISPLAY_NAME,LOCATION_ID,LOCATION_NAME,MEETING_ROOM,MEETING_ROOM_ID,TITLE,PARTICIPANTS,START_TIME,END_TIME,COMMENTS,NEED_PROJECTOR,NEED_LOUDSPEAKER,NEED_BEVERAGE,NEED_FRUITS,NEED_SNACKS,SNACK_LEVEL,NUM_OF_PEOPLE,STATE,PR_ID,ALLDAY,SUBMIT_DATE) values ('151','282','陆臻里','LOC-2','自忠','Z3-508','36','教育局体卫艺科会议','教育局体卫艺科',to_timestamp('14-MAY-13 01.30.00.000000000 PM','DD-MON-RR HH.MI.SS.FF AM'),to_timestamp('14-MAY-13 04.00.00.000000000 PM','DD-MON-RR HH.MI.SS.FF AM'),'需准备电脑，瓶装水。联系人：王老师33134800*21550','Y','Y','Y','N','N',null,100,'已审核',null,'TIME',to_date('02-MAY-13','DD-MON-RR'));
Insert into OA.CONF_ROOM_CALENDAR (ID,USER_ID,USER_DISPLAY_NAME,LOCATION_ID,LOCATION_NAME,MEETING_ROOM,MEETING_ROOM_ID,TITLE,PARTICIPANTS,START_TIME,END_TIME,COMMENTS,NEED_PROJECTOR,NEED_LOUDSPEAKER,NEED_BEVERAGE,NEED_FRUITS,NEED_SNACKS,SNACK_LEVEL,NUM_OF_PEOPLE,STATE,PR_ID,ALLDAY,SUBMIT_DATE) values ('166','181','李君','LOC-1','丽园','L201','20','工作室会议及高三生命科学教研活动','高三教师及工作室学员',to_timestamp('06-MAY-13 12.45.00.000000000 PM','DD-MON-RR HH.MI.SS.FF AM'),to_timestamp('06-MAY-13 04.00.00.000000000 PM','DD-MON-RR HH.MI.SS.FF AM'),null,'N','N','Y','N','N',null,22,'已审核',null,'TIME',to_date('03-MAY-13','DD-MON-RR'));
Insert into OA.CONF_ROOM_CALENDAR (ID,USER_ID,USER_DISPLAY_NAME,LOCATION_ID,LOCATION_NAME,MEETING_ROOM,MEETING_ROOM_ID,TITLE,PARTICIPANTS,START_TIME,END_TIME,COMMENTS,NEED_PROJECTOR,NEED_LOUDSPEAKER,NEED_BEVERAGE,NEED_FRUITS,NEED_SNACKS,SNACK_LEVEL,NUM_OF_PEOPLE,STATE,PR_ID,ALLDAY,SUBMIT_DATE) values ('209','235','黄金丽','LOC-2','自忠','Z3-310','32','首届萌芽杯教学评比评委工作会议','局领导及评委',to_timestamp('17-MAY-13 03.00.23.000000000 PM','DD-MON-RR HH.MI.SS.FF AM'),to_timestamp('17-MAY-13 04.30.53.000000000 PM','DD-MON-RR HH.MI.SS.FF AM'),null,'Y','Y','Y','N','N',null,350,'已审核',null,'TIME',to_date('07-MAY-13','DD-MON-RR'));
Insert into OA.CONF_ROOM_CALENDAR (ID,USER_ID,USER_DISPLAY_NAME,LOCATION_ID,LOCATION_NAME,MEETING_ROOM,MEETING_ROOM_ID,TITLE,PARTICIPANTS,START_TIME,END_TIME,COMMENTS,NEED_PROJECTOR,NEED_LOUDSPEAKER,NEED_BEVERAGE,NEED_FRUITS,NEED_SNACKS,SNACK_LEVEL,NUM_OF_PEOPLE,STATE,PR_ID,ALLDAY,SUBMIT_DATE) values ('216','222','唐军','LOC-1','丽园','L411','23','综评项目会议','邢至晖、唐军、王文辉、胡艺龄',to_timestamp('14-MAY-13 09.30.00.000000000 AM','DD-MON-RR HH.MI.SS.FF AM'),to_timestamp('14-MAY-13 11.30.00.000000000 AM','DD-MON-RR HH.MI.SS.FF AM'),null,'Y','N','Y','N','N',null,4,'已审核',null,'TIME',to_date('08-MAY-13','DD-MON-RR'));
Insert into OA.CONF_ROOM_CALENDAR (ID,USER_ID,USER_DISPLAY_NAME,LOCATION_ID,LOCATION_NAME,MEETING_ROOM,MEETING_ROOM_ID,TITLE,PARTICIPANTS,START_TIME,END_TIME,COMMENTS,NEED_PROJECTOR,NEED_LOUDSPEAKER,NEED_BEVERAGE,NEED_FRUITS,NEED_SNACKS,SNACK_LEVEL,NUM_OF_PEOPLE,STATE,PR_ID,ALLDAY,SUBMIT_DATE) values ('217','222','唐军','LOC-1','丽园','L410','22','教心基地','魏耀发、徐崇文、李金钊、唐军等',to_timestamp('22-MAY-13 09.00.00.000000000 AM','DD-MON-RR HH.MI.SS.FF AM'),to_timestamp('22-MAY-13 11.59.59.000000000 PM','DD-MON-RR HH.MI.SS.FF AM'),null,'Y','N','Y','N','N',null,20,'已审核',null,'ALLDAY',to_date('08-MAY-13','DD-MON-RR'));
Insert into OA.CONF_ROOM_CALENDAR (ID,USER_ID,USER_DISPLAY_NAME,LOCATION_ID,LOCATION_NAME,MEETING_ROOM,MEETING_ROOM_ID,TITLE,PARTICIPANTS,START_TIME,END_TIME,COMMENTS,NEED_PROJECTOR,NEED_LOUDSPEAKER,NEED_BEVERAGE,NEED_FRUITS,NEED_SNACKS,SNACK_LEVEL,NUM_OF_PEOPLE,STATE,PR_ID,ALLDAY,SUBMIT_DATE) values ('219','254','郑渝萍','LOC-2','自忠','Z3-304','34','校级干部心理咨询师培训','班主任、学员',to_timestamp('15-MAY-13 01.30.00.000000000 PM','DD-MON-RR HH.MI.SS.FF AM'),to_timestamp('15-MAY-13 04.00.00.000000000 PM','DD-MON-RR HH.MI.SS.FF AM'),null,'Y','Y','Y','N','N',null,33,'已审核',null,'TIME',to_date('09-MAY-13','DD-MON-RR'));
Insert into OA.CONF_ROOM_CALENDAR (ID,USER_ID,USER_DISPLAY_NAME,LOCATION_ID,LOCATION_NAME,MEETING_ROOM,MEETING_ROOM_ID,TITLE,PARTICIPANTS,START_TIME,END_TIME,COMMENTS,NEED_PROJECTOR,NEED_LOUDSPEAKER,NEED_BEVERAGE,NEED_FRUITS,NEED_SNACKS,SNACK_LEVEL,NUM_OF_PEOPLE,STATE,PR_ID,ALLDAY,SUBMIT_DATE) values ('220','254','郑渝萍','LOC-2','自忠','Z3-304','34','校级干部心理咨询师培训','班主任、学员',to_timestamp('18-MAY-13 09.00.00.000000000 AM','DD-MON-RR HH.MI.SS.FF AM'),to_timestamp('18-MAY-13 11.59.59.000000000 PM','DD-MON-RR HH.MI.SS.FF AM'),null,'Y','Y','Y','N','N',null,33,'已审核',null,'ALLDAY',to_date('09-MAY-13','DD-MON-RR'));
Insert into OA.CONF_ROOM_CALENDAR (ID,USER_ID,USER_DISPLAY_NAME,LOCATION_ID,LOCATION_NAME,MEETING_ROOM,MEETING_ROOM_ID,TITLE,PARTICIPANTS,START_TIME,END_TIME,COMMENTS,NEED_PROJECTOR,NEED_LOUDSPEAKER,NEED_BEVERAGE,NEED_FRUITS,NEED_SNACKS,SNACK_LEVEL,NUM_OF_PEOPLE,STATE,PR_ID,ALLDAY,SUBMIT_DATE) values ('221','262','马英慧','LOC-2','自忠','Z3-408','35','名师工作交流','黄教院院长、安徽省宁国市教育局代表等',to_timestamp('14-MAY-13 01.30.00.000000000 PM','DD-MON-RR HH.MI.SS.FF AM'),to_timestamp('14-MAY-13 04.00.00.000000000 PM','DD-MON-RR HH.MI.SS.FF AM'),null,'Y','Y','Y','Y','N',null,15,'已审核',null,'TIME',to_date('10-MAY-13','DD-MON-RR'));
Insert into OA.CONF_ROOM_CALENDAR (ID,USER_ID,USER_DISPLAY_NAME,LOCATION_ID,LOCATION_NAME,MEETING_ROOM,MEETING_ROOM_ID,TITLE,PARTICIPANTS,START_TIME,END_TIME,COMMENTS,NEED_PROJECTOR,NEED_LOUDSPEAKER,NEED_BEVERAGE,NEED_FRUITS,NEED_SNACKS,SNACK_LEVEL,NUM_OF_PEOPLE,STATE,PR_ID,ALLDAY,SUBMIT_DATE) values ('223','283','张旖琳','LOC-1','丽园','L511','25','质量保障会','奚院、王局等',to_timestamp('20-MAY-13 03.00.07.000000000 PM','DD-MON-RR HH.MI.SS.FF AM'),to_timestamp('20-MAY-13 05.00.07.000000000 PM','DD-MON-RR HH.MI.SS.FF AM'),null,'N','N','Y','N','N',null,0,'已审核',null,'TIME',to_date('13-MAY-13','DD-MON-RR'));
Insert into OA.CONF_ROOM_CALENDAR (ID,USER_ID,USER_DISPLAY_NAME,LOCATION_ID,LOCATION_NAME,MEETING_ROOM,MEETING_ROOM_ID,TITLE,PARTICIPANTS,START_TIME,END_TIME,COMMENTS,NEED_PROJECTOR,NEED_LOUDSPEAKER,NEED_BEVERAGE,NEED_FRUITS,NEED_SNACKS,SNACK_LEVEL,NUM_OF_PEOPLE,STATE,PR_ID,ALLDAY,SUBMIT_DATE) values ('226','235','黄金丽','LOC-2','自忠','Z3-408','35','校本培训优秀课程评审','区县培训部主任',to_timestamp('23-MAY-13 01.00.52.000000000 PM','DD-MON-RR HH.MI.SS.FF AM'),to_timestamp('23-MAY-13 04.59.43.000000000 PM','DD-MON-RR HH.MI.SS.FF AM'),null,'N','N','Y','N','N',null,16,'已审核',null,'TIME',to_date('13-MAY-13','DD-MON-RR'));
Insert into OA.CONF_ROOM_CALENDAR (ID,USER_ID,USER_DISPLAY_NAME,LOCATION_ID,LOCATION_NAME,MEETING_ROOM,MEETING_ROOM_ID,TITLE,PARTICIPANTS,START_TIME,END_TIME,COMMENTS,NEED_PROJECTOR,NEED_LOUDSPEAKER,NEED_BEVERAGE,NEED_FRUITS,NEED_SNACKS,SNACK_LEVEL,NUM_OF_PEOPLE,STATE,PR_ID,ALLDAY,SUBMIT_DATE) values ('227','159','夏向东','LOC-1','丽园','L506','24','区教学评选颁奖座谈会','区教育局领导、学院领导、获奖代表',to_timestamp('22-MAY-13 02.30.09.000000000 PM','DD-MON-RR HH.MI.SS.FF AM'),to_timestamp('22-MAY-13 04.30.09.000000000 PM','DD-MON-RR HH.MI.SS.FF AM'),null,'Y','Y','Y','N','N',null,70,'已审核',null,'TIME',to_date('13-MAY-13','DD-MON-RR'));
Insert into OA.CONF_ROOM_CALENDAR (ID,USER_ID,USER_DISPLAY_NAME,LOCATION_ID,LOCATION_NAME,MEETING_ROOM,MEETING_ROOM_ID,TITLE,PARTICIPANTS,START_TIME,END_TIME,COMMENTS,NEED_PROJECTOR,NEED_LOUDSPEAKER,NEED_BEVERAGE,NEED_FRUITS,NEED_SNACKS,SNACK_LEVEL,NUM_OF_PEOPLE,STATE,PR_ID,ALLDAY,SUBMIT_DATE) values ('232','256','陈必聆','LOC-1','丽园','L211','21','沈祖芸报告','沈祖芸、全区通讯员、部分教师',to_timestamp('27-MAY-13 03.00.26.000000000 PM','DD-MON-RR HH.MI.SS.FF AM'),to_timestamp('27-MAY-13 04.43.37.000000000 PM','DD-MON-RR HH.MI.SS.FF AM'),null,'Y','Y','Y','N','N',null,100,'已审核',null,'TIME',to_date('14-MAY-13','DD-MON-RR'));
Insert into OA.CONF_ROOM_CALENDAR (ID,USER_ID,USER_DISPLAY_NAME,LOCATION_ID,LOCATION_NAME,MEETING_ROOM,MEETING_ROOM_ID,TITLE,PARTICIPANTS,START_TIME,END_TIME,COMMENTS,NEED_PROJECTOR,NEED_LOUDSPEAKER,NEED_BEVERAGE,NEED_FRUITS,NEED_SNACKS,SNACK_LEVEL,NUM_OF_PEOPLE,STATE,PR_ID,ALLDAY,SUBMIT_DATE) values ('233','194','夏昕','LOC-1','丽园','L211','21','保健教师会议','保健教师',to_timestamp('29-MAY-13 01.30.00.000000000 PM','DD-MON-RR HH.MI.SS.FF AM'),to_timestamp('29-MAY-13 03.30.00.000000000 PM','DD-MON-RR HH.MI.SS.FF AM'),null,'Y','Y','Y','N','N',null,80,'已审核',null,'TIME',to_date('15-MAY-13','DD-MON-RR'));
Insert into OA.CONF_ROOM_CALENDAR (ID,USER_ID,USER_DISPLAY_NAME,LOCATION_ID,LOCATION_NAME,MEETING_ROOM,MEETING_ROOM_ID,TITLE,PARTICIPANTS,START_TIME,END_TIME,COMMENTS,NEED_PROJECTOR,NEED_LOUDSPEAKER,NEED_BEVERAGE,NEED_FRUITS,NEED_SNACKS,SNACK_LEVEL,NUM_OF_PEOPLE,STATE,PR_ID,ALLDAY,SUBMIT_DATE) values ('236','265','林建华','LOC-2','自忠','Z3-104','31','小班教材修订项目组会议','项目组成员和分管教研员',to_timestamp('23-MAY-13 01.30.00.000000000 PM','DD-MON-RR HH.MI.SS.FF AM'),to_timestamp('23-MAY-13 04.00.00.000000000 PM','DD-MON-RR HH.MI.SS.FF AM'),null,'Y','N','Y','N','N',null,12,'已审核',null,'TIME',to_date('15-MAY-13','DD-MON-RR'));
Insert into OA.CONF_ROOM_CALENDAR (ID,USER_ID,USER_DISPLAY_NAME,LOCATION_ID,LOCATION_NAME,MEETING_ROOM,MEETING_ROOM_ID,TITLE,PARTICIPANTS,START_TIME,END_TIME,COMMENTS,NEED_PROJECTOR,NEED_LOUDSPEAKER,NEED_BEVERAGE,NEED_FRUITS,NEED_SNACKS,SNACK_LEVEL,NUM_OF_PEOPLE,STATE,PR_ID,ALLDAY,SUBMIT_DATE) values ('237','254','郑渝萍','LOC-2','自忠','Z3-304','34','总务主任培训','班主任、学员',to_timestamp('21-MAY-13 01.30.00.000000000 PM','DD-MON-RR HH.MI.SS.FF AM'),to_timestamp('21-MAY-13 04.00.00.000000000 PM','DD-MON-RR HH.MI.SS.FF AM'),null,'Y','Y','Y','N','N',null,60,'已审核',null,'TIME',to_date('16-MAY-13','DD-MON-RR'));
Insert into OA.CONF_ROOM_CALENDAR (ID,USER_ID,USER_DISPLAY_NAME,LOCATION_ID,LOCATION_NAME,MEETING_ROOM,MEETING_ROOM_ID,TITLE,PARTICIPANTS,START_TIME,END_TIME,COMMENTS,NEED_PROJECTOR,NEED_LOUDSPEAKER,NEED_BEVERAGE,NEED_FRUITS,NEED_SNACKS,SNACK_LEVEL,NUM_OF_PEOPLE,STATE,PR_ID,ALLDAY,SUBMIT_DATE) values ('238','182','单志芳','LOC-1','丽园','L411','23','探究实验教学','青年教师',to_timestamp('20-MAY-13 01.30.00.000000000 PM','DD-MON-RR HH.MI.SS.FF AM'),to_timestamp('20-MAY-13 03.30.00.000000000 PM','DD-MON-RR HH.MI.SS.FF AM'),null,'Y','N','Y','N','N',null,8,'已审核',null,'TIME',to_date('16-MAY-13','DD-MON-RR'));
Insert into OA.CONF_ROOM_CALENDAR (ID,USER_ID,USER_DISPLAY_NAME,LOCATION_ID,LOCATION_NAME,MEETING_ROOM,MEETING_ROOM_ID,TITLE,PARTICIPANTS,START_TIME,END_TIME,COMMENTS,NEED_PROJECTOR,NEED_LOUDSPEAKER,NEED_BEVERAGE,NEED_FRUITS,NEED_SNACKS,SNACK_LEVEL,NUM_OF_PEOPLE,STATE,PR_ID,ALLDAY,SUBMIT_DATE) values ('242','223','周冰洁','LOC-1','丽园','L411','23','科研室教育公平课题讨论','全体科研员',to_timestamp('17-MAY-13 09.00.00.000000000 AM','DD-MON-RR HH.MI.SS.FF AM'),to_timestamp('17-MAY-13 10.00.00.000000000 AM','DD-MON-RR HH.MI.SS.FF AM'),null,'N','N','N','N','N',null,8,'已审核',null,'TIME',to_date('16-MAY-13','DD-MON-RR'));
Insert into OA.CONF_ROOM_CALENDAR (ID,USER_ID,USER_DISPLAY_NAME,LOCATION_ID,LOCATION_NAME,MEETING_ROOM,MEETING_ROOM_ID,TITLE,PARTICIPANTS,START_TIME,END_TIME,COMMENTS,NEED_PROJECTOR,NEED_LOUDSPEAKER,NEED_BEVERAGE,NEED_FRUITS,NEED_SNACKS,SNACK_LEVEL,NUM_OF_PEOPLE,STATE,PR_ID,ALLDAY,SUBMIT_DATE) values ('246','171','陈双艳','LOC-1','丽园','L410','22','中考备考工作','初三备课组长',to_timestamp('29-MAY-13 02.01.32.000000000 PM','DD-MON-RR HH.MI.SS.FF AM'),to_timestamp('29-MAY-13 04.01.38.000000000 PM','DD-MON-RR HH.MI.SS.FF AM'),null,'Y','Y','N','N','N',null,0,'已审核',null,'TIME',to_date('20-MAY-13','DD-MON-RR'));
Insert into OA.CONF_ROOM_CALENDAR (ID,USER_ID,USER_DISPLAY_NAME,LOCATION_ID,LOCATION_NAME,MEETING_ROOM,MEETING_ROOM_ID,TITLE,PARTICIPANTS,START_TIME,END_TIME,COMMENTS,NEED_PROJECTOR,NEED_LOUDSPEAKER,NEED_BEVERAGE,NEED_FRUITS,NEED_SNACKS,SNACK_LEVEL,NUM_OF_PEOPLE,STATE,PR_ID,ALLDAY,SUBMIT_DATE) values ('247','229','冯秋萌','LOC-2','自忠','Z3-310','32','市中小学德育研究课题中期检查总结会','市中小学德语协会、各区县德育研究室相关人员',to_timestamp('06-JUN-13 01.30.00.000000000 PM','DD-MON-RR HH.MI.SS.FF AM'),to_timestamp('06-JUN-13 04.00.00.000000000 PM','DD-MON-RR HH.MI.SS.FF AM'),null,'N','Y','Y','N','N',null,25,'已审核',null,'TIME',to_date('20-MAY-13','DD-MON-RR'));
Insert into OA.CONF_ROOM_CALENDAR (ID,USER_ID,USER_DISPLAY_NAME,LOCATION_ID,LOCATION_NAME,MEETING_ROOM,MEETING_ROOM_ID,TITLE,PARTICIPANTS,START_TIME,END_TIME,COMMENTS,NEED_PROJECTOR,NEED_LOUDSPEAKER,NEED_BEVERAGE,NEED_FRUITS,NEED_SNACKS,SNACK_LEVEL,NUM_OF_PEOPLE,STATE,PR_ID,ALLDAY,SUBMIT_DATE) values ('253','256','陈必聆','LOC-1','丽园','L411','23','基础教育改革经验分享','通讯员',to_timestamp('27-MAY-13 01.30.42.000000000 PM','DD-MON-RR HH.MI.SS.FF AM'),to_timestamp('27-MAY-13 04.30.51.000000000 PM','DD-MON-RR HH.MI.SS.FF AM'),null,'Y','N','Y','N','N',null,0,'已审核',null,'TIME',to_date('22-MAY-13','DD-MON-RR'));
Insert into OA.CONF_ROOM_CALENDAR (ID,USER_ID,USER_DISPLAY_NAME,LOCATION_ID,LOCATION_NAME,MEETING_ROOM,MEETING_ROOM_ID,TITLE,PARTICIPANTS,START_TIME,END_TIME,COMMENTS,NEED_PROJECTOR,NEED_LOUDSPEAKER,NEED_BEVERAGE,NEED_FRUITS,NEED_SNACKS,SNACK_LEVEL,NUM_OF_PEOPLE,STATE,PR_ID,ALLDAY,SUBMIT_DATE) values ('256','235','黄金丽','LOC-2','自忠','Z3-310','32','校本培训先进学校，优秀课程复评','区县教育学院院长',to_timestamp('29-MAY-13 01.03.06.000000000 PM','DD-MON-RR HH.MI.SS.FF AM'),to_timestamp('29-MAY-13 04.30.23.000000000 PM','DD-MON-RR HH.MI.SS.FF AM'),null,'Y','N','Y','N','N',null,14,'已审核',null,'TIME',to_date('23-MAY-13','DD-MON-RR'));
Insert into OA.CONF_ROOM_CALENDAR (ID,USER_ID,USER_DISPLAY_NAME,LOCATION_ID,LOCATION_NAME,MEETING_ROOM,MEETING_ROOM_ID,TITLE,PARTICIPANTS,START_TIME,END_TIME,COMMENTS,NEED_PROJECTOR,NEED_LOUDSPEAKER,NEED_BEVERAGE,NEED_FRUITS,NEED_SNACKS,SNACK_LEVEL,NUM_OF_PEOPLE,STATE,PR_ID,ALLDAY,SUBMIT_DATE) values ('257','235','黄金丽','LOC-2','自忠','Z3-408','35','校本培训先进学校、优秀课程复评','区县教育学院院长',to_timestamp('29-MAY-13 01.05.07.000000000 PM','DD-MON-RR HH.MI.SS.FF AM'),to_timestamp('29-MAY-13 04.05.21.000000000 PM','DD-MON-RR HH.MI.SS.FF AM'),null,'Y','N','Y','N','N',null,14,'已审核',null,'TIME',to_date('23-MAY-13','DD-MON-RR'));
Insert into OA.CONF_ROOM_CALENDAR (ID,USER_ID,USER_DISPLAY_NAME,LOCATION_ID,LOCATION_NAME,MEETING_ROOM,MEETING_ROOM_ID,TITLE,PARTICIPANTS,START_TIME,END_TIME,COMMENTS,NEED_PROJECTOR,NEED_LOUDSPEAKER,NEED_BEVERAGE,NEED_FRUITS,NEED_SNACKS,SNACK_LEVEL,NUM_OF_PEOPLE,STATE,PR_ID,ALLDAY,SUBMIT_DATE) values ('262','282','陆臻里','LOC-1','丽园','L410','22','教研员下层基层工作专题会议','相关学校校长和教研员',to_timestamp('31-MAY-13 09.00.43.000000000 AM','DD-MON-RR HH.MI.SS.FF AM'),to_timestamp('31-MAY-13 11.00.53.000000000 AM','DD-MON-RR HH.MI.SS.FF AM'),null,'N','N','Y','N','N',null,25,'已审核',null,'TIME',to_date('23-MAY-13','DD-MON-RR'));
Insert into OA.CONF_ROOM_CALENDAR (ID,USER_ID,USER_DISPLAY_NAME,LOCATION_ID,LOCATION_NAME,MEETING_ROOM,MEETING_ROOM_ID,TITLE,PARTICIPANTS,START_TIME,END_TIME,COMMENTS,NEED_PROJECTOR,NEED_LOUDSPEAKER,NEED_BEVERAGE,NEED_FRUITS,NEED_SNACKS,SNACK_LEVEL,NUM_OF_PEOPLE,STATE,PR_ID,ALLDAY,SUBMIT_DATE) values ('264','254','郑渝萍','LOC-2','自忠','Z3-408','35','支部活动','第五支部全体党员',to_timestamp('31-MAY-13 09.00.00.000000000 AM','DD-MON-RR HH.MI.SS.FF AM'),to_timestamp('31-MAY-13 10.30.00.000000000 AM','DD-MON-RR HH.MI.SS.FF AM'),null,'Y','Y','Y','N','N',null,13,'已审核',null,'TIME',to_date('27-MAY-13','DD-MON-RR'));
Insert into OA.CONF_ROOM_CALENDAR (ID,USER_ID,USER_DISPLAY_NAME,LOCATION_ID,LOCATION_NAME,MEETING_ROOM,MEETING_ROOM_ID,TITLE,PARTICIPANTS,START_TIME,END_TIME,COMMENTS,NEED_PROJECTOR,NEED_LOUDSPEAKER,NEED_BEVERAGE,NEED_FRUITS,NEED_SNACKS,SNACK_LEVEL,NUM_OF_PEOPLE,STATE,PR_ID,ALLDAY,SUBMIT_DATE) values ('272','163','杨勇','LOC-1','丽园','L411','23','楹联艺术鉴赏','学员',to_timestamp('30-MAY-13 01.30.00.000000000 PM','DD-MON-RR HH.MI.SS.FF AM'),to_timestamp('30-MAY-13 04.00.00.000000000 PM','DD-MON-RR HH.MI.SS.FF AM'),null,'Y','Y','Y','N','N',null,22,'已审核',null,'TIME',to_date('28-MAY-13','DD-MON-RR'));
Insert into OA.CONF_ROOM_CALENDAR (ID,USER_ID,USER_DISPLAY_NAME,LOCATION_ID,LOCATION_NAME,MEETING_ROOM,MEETING_ROOM_ID,TITLE,PARTICIPANTS,START_TIME,END_TIME,COMMENTS,NEED_PROJECTOR,NEED_LOUDSPEAKER,NEED_BEVERAGE,NEED_FRUITS,NEED_SNACKS,SNACK_LEVEL,NUM_OF_PEOPLE,STATE,PR_ID,ALLDAY,SUBMIT_DATE) values ('124','196','沈菡','LOC-1','丽园','L411','23','初中音乐学科说课比赛获奖教师会议','部分初中音乐教师',to_timestamp('06-MAY-13 01.30.04.000000000 PM','DD-MON-RR HH.MI.SS.FF AM'),to_timestamp('06-MAY-13 03.00.28.000000000 PM','DD-MON-RR HH.MI.SS.FF AM'),null,'N','N','N','N','N',null,13,'已审核',null,'TIME',to_date('26-APR-13','DD-MON-RR'));
Insert into OA.CONF_ROOM_CALENDAR (ID,USER_ID,USER_DISPLAY_NAME,LOCATION_ID,LOCATION_NAME,MEETING_ROOM,MEETING_ROOM_ID,TITLE,PARTICIPANTS,START_TIME,END_TIME,COMMENTS,NEED_PROJECTOR,NEED_LOUDSPEAKER,NEED_BEVERAGE,NEED_FRUITS,NEED_SNACKS,SNACK_LEVEL,NUM_OF_PEOPLE,STATE,PR_ID,ALLDAY,SUBMIT_DATE) values ('145','189','朱丽敏','LOC-1','丽园','L410','22','高中地理教材意见使用征集活动','教材意见征集组成员',to_timestamp('09-MAY-13 01.30.00.000000000 PM','DD-MON-RR HH.MI.SS.FF AM'),to_timestamp('09-MAY-13 04.00.00.000000000 PM','DD-MON-RR HH.MI.SS.FF AM'),null,'Y','Y','Y','N','N',null,20,'已审核',null,'TIME',to_date('02-MAY-13','DD-MON-RR'));
Insert into OA.CONF_ROOM_CALENDAR (ID,USER_ID,USER_DISPLAY_NAME,LOCATION_ID,LOCATION_NAME,MEETING_ROOM,MEETING_ROOM_ID,TITLE,PARTICIPANTS,START_TIME,END_TIME,COMMENTS,NEED_PROJECTOR,NEED_LOUDSPEAKER,NEED_BEVERAGE,NEED_FRUITS,NEED_SNACKS,SNACK_LEVEL,NUM_OF_PEOPLE,STATE,PR_ID,ALLDAY,SUBMIT_DATE) values ('154','279','魏玉梅','LOC-2','自忠','L506','24','局党工委书记工作调研','书记和干训部',to_timestamp('03-MAY-13 08.00.00.000000000 AM','DD-MON-RR HH.MI.SS.FF AM'),to_timestamp('03-MAY-13 10.00.00.000000000 AM','DD-MON-RR HH.MI.SS.FF AM'),'干训部吴墩才预定','N','N','Y','N','N',null,7,'已审核',null,'TIME',to_date('02-MAY-13','DD-MON-RR'));
Insert into OA.CONF_ROOM_CALENDAR (ID,USER_ID,USER_DISPLAY_NAME,LOCATION_ID,LOCATION_NAME,MEETING_ROOM,MEETING_ROOM_ID,TITLE,PARTICIPANTS,START_TIME,END_TIME,COMMENTS,NEED_PROJECTOR,NEED_LOUDSPEAKER,NEED_BEVERAGE,NEED_FRUITS,NEED_SNACKS,SNACK_LEVEL,NUM_OF_PEOPLE,STATE,PR_ID,ALLDAY,SUBMIT_DATE) values ('156','254','郑渝萍','LOC-2','自忠','Z3-304','34','总务主任培训','班主任、学员',to_timestamp('07-MAY-13 01.30.00.000000000 PM','DD-MON-RR HH.MI.SS.FF AM'),to_timestamp('07-MAY-13 03.30.00.000000000 PM','DD-MON-RR HH.MI.SS.FF AM'),null,'Y','Y','Y','N','N',null,60,'已审核',null,'TIME',to_date('02-MAY-13','DD-MON-RR'));
Insert into OA.CONF_ROOM_CALENDAR (ID,USER_ID,USER_DISPLAY_NAME,LOCATION_ID,LOCATION_NAME,MEETING_ROOM,MEETING_ROOM_ID,TITLE,PARTICIPANTS,START_TIME,END_TIME,COMMENTS,NEED_PROJECTOR,NEED_LOUDSPEAKER,NEED_BEVERAGE,NEED_FRUITS,NEED_SNACKS,SNACK_LEVEL,NUM_OF_PEOPLE,STATE,PR_ID,ALLDAY,SUBMIT_DATE) values ('157','254','郑渝萍','LOC-2','自忠','Z3-304','34','书记培训','班主任、学员',to_timestamp('08-MAY-13 01.30.00.000000000 PM','DD-MON-RR HH.MI.SS.FF AM'),to_timestamp('08-MAY-13 04.00.00.000000000 PM','DD-MON-RR HH.MI.SS.FF AM'),null,'Y','Y','Y','N','N',null,60,'已审核',null,'TIME',to_date('02-MAY-13','DD-MON-RR'));
Insert into OA.CONF_ROOM_CALENDAR (ID,USER_ID,USER_DISPLAY_NAME,LOCATION_ID,LOCATION_NAME,MEETING_ROOM,MEETING_ROOM_ID,TITLE,PARTICIPANTS,START_TIME,END_TIME,COMMENTS,NEED_PROJECTOR,NEED_LOUDSPEAKER,NEED_BEVERAGE,NEED_FRUITS,NEED_SNACKS,SNACK_LEVEL,NUM_OF_PEOPLE,STATE,PR_ID,ALLDAY,SUBMIT_DATE) values ('158','254','郑渝萍','LOC-2','自忠','Z3-304','34','校级干部心理咨询师培训','班主任、学员',to_timestamp('11-MAY-13 09.00.00.000000000 AM','DD-MON-RR HH.MI.SS.FF AM'),to_timestamp('11-MAY-13 11.59.59.000000000 PM','DD-MON-RR HH.MI.SS.FF AM'),null,'Y','Y','Y','N','N',null,33,'已审核',null,'TIME',to_date('02-MAY-13','DD-MON-RR'));
Insert into OA.CONF_ROOM_CALENDAR (ID,USER_ID,USER_DISPLAY_NAME,LOCATION_ID,LOCATION_NAME,MEETING_ROOM,MEETING_ROOM_ID,TITLE,PARTICIPANTS,START_TIME,END_TIME,COMMENTS,NEED_PROJECTOR,NEED_LOUDSPEAKER,NEED_BEVERAGE,NEED_FRUITS,NEED_SNACKS,SNACK_LEVEL,NUM_OF_PEOPLE,STATE,PR_ID,ALLDAY,SUBMIT_DATE) values ('159','287','陆懿香','LOC-1','丽园','L211','21','人事会议','局各单位人事干部',to_timestamp('09-MAY-13 09.00.00.000000000 AM','DD-MON-RR HH.MI.SS.FF AM'),to_timestamp('09-MAY-13 11.30.00.000000000 AM','DD-MON-RR HH.MI.SS.FF AM'),null,'Y','Y','Y','N','N',null,130,'已审核',null,'TIME',to_date('02-MAY-13','DD-MON-RR'));
Insert into OA.CONF_ROOM_CALENDAR (ID,USER_ID,USER_DISPLAY_NAME,LOCATION_ID,LOCATION_NAME,MEETING_ROOM,MEETING_ROOM_ID,TITLE,PARTICIPANTS,START_TIME,END_TIME,COMMENTS,NEED_PROJECTOR,NEED_LOUDSPEAKER,NEED_BEVERAGE,NEED_FRUITS,NEED_SNACKS,SNACK_LEVEL,NUM_OF_PEOPLE,STATE,PR_ID,ALLDAY,SUBMIT_DATE) values ('165','179','黄莹','LOC-1','丽园','L410','22','科学培训','吴峥和学员',to_timestamp('08-MAY-13 01.00.48.000000000 PM','DD-MON-RR HH.MI.SS.FF AM'),to_timestamp('08-MAY-13 04.06.44.000000000 PM','DD-MON-RR HH.MI.SS.FF AM'),null,'Y','Y','N','N','N',null,50,'已取消',null,'TIME',to_date('03-MAY-13','DD-MON-RR'));
Insert into OA.CONF_ROOM_CALENDAR (ID,USER_ID,USER_DISPLAY_NAME,LOCATION_ID,LOCATION_NAME,MEETING_ROOM,MEETING_ROOM_ID,TITLE,PARTICIPANTS,START_TIME,END_TIME,COMMENTS,NEED_PROJECTOR,NEED_LOUDSPEAKER,NEED_BEVERAGE,NEED_FRUITS,NEED_SNACKS,SNACK_LEVEL,NUM_OF_PEOPLE,STATE,PR_ID,ALLDAY,SUBMIT_DATE) values ('167','183','汪素青','LOC-1','丽园','L410','22','高一教研','高一政治教师',to_timestamp('06-MAY-13 01.30.23.000000000 PM','DD-MON-RR HH.MI.SS.FF AM'),to_timestamp('06-MAY-13 03.30.46.000000000 PM','DD-MON-RR HH.MI.SS.FF AM'),null,'Y','N','Y','N','N',null,25,'已审核',null,'TIME',to_date('03-MAY-13','DD-MON-RR'));
Insert into OA.CONF_ROOM_CALENDAR (ID,USER_ID,USER_DISPLAY_NAME,LOCATION_ID,LOCATION_NAME,MEETING_ROOM,MEETING_ROOM_ID,TITLE,PARTICIPANTS,START_TIME,END_TIME,COMMENTS,NEED_PROJECTOR,NEED_LOUDSPEAKER,NEED_BEVERAGE,NEED_FRUITS,NEED_SNACKS,SNACK_LEVEL,NUM_OF_PEOPLE,STATE,PR_ID,ALLDAY,SUBMIT_DATE) values ('168','183','汪素青','LOC-1','丽园','L506','24','高二教师','高二政治教师',to_timestamp('06-MAY-13 01.30.26.000000000 PM','DD-MON-RR HH.MI.SS.FF AM'),to_timestamp('06-MAY-13 03.30.44.000000000 PM','DD-MON-RR HH.MI.SS.FF AM'),null,'Y','N','Y','N','N',null,25,'已审核',null,'TIME',to_date('03-MAY-13','DD-MON-RR'));
Insert into OA.CONF_ROOM_CALENDAR (ID,USER_ID,USER_DISPLAY_NAME,LOCATION_ID,LOCATION_NAME,MEETING_ROOM,MEETING_ROOM_ID,TITLE,PARTICIPANTS,START_TIME,END_TIME,COMMENTS,NEED_PROJECTOR,NEED_LOUDSPEAKER,NEED_BEVERAGE,NEED_FRUITS,NEED_SNACKS,SNACK_LEVEL,NUM_OF_PEOPLE,STATE,PR_ID,ALLDAY,SUBMIT_DATE) values ('185','158','陈兆施','LOC-1','丽园','L211','21','教育公平','教研室',to_timestamp('17-MAY-13 09.00.00.000000000 AM','DD-MON-RR HH.MI.SS.FF AM'),to_timestamp('17-MAY-13 11.08.48.000000000 AM','DD-MON-RR HH.MI.SS.FF AM'),null,'Y','Y','N','N','N',null,100,'已审核',null,'TIME',to_date('06-MAY-13','DD-MON-RR'));
Insert into OA.CONF_ROOM_CALENDAR (ID,USER_ID,USER_DISPLAY_NAME,LOCATION_ID,LOCATION_NAME,MEETING_ROOM,MEETING_ROOM_ID,TITLE,PARTICIPANTS,START_TIME,END_TIME,COMMENTS,NEED_PROJECTOR,NEED_LOUDSPEAKER,NEED_BEVERAGE,NEED_FRUITS,NEED_SNACKS,SNACK_LEVEL,NUM_OF_PEOPLE,STATE,PR_ID,ALLDAY,SUBMIT_DATE) values ('186','158','陈兆施','LOC-1','丽园','L211','21','教育公平','教研室',to_timestamp('17-MAY-13 09.00.33.000000000 AM','DD-MON-RR HH.MI.SS.FF AM'),to_timestamp('17-MAY-13 11.20.11.000000000 AM','DD-MON-RR HH.MI.SS.FF AM'),null,'Y','Y','N','N','N',null,0,'已取消',null,'TIME',to_date('06-MAY-13','DD-MON-RR'));
Insert into OA.CONF_ROOM_CALENDAR (ID,USER_ID,USER_DISPLAY_NAME,LOCATION_ID,LOCATION_NAME,MEETING_ROOM,MEETING_ROOM_ID,TITLE,PARTICIPANTS,START_TIME,END_TIME,COMMENTS,NEED_PROJECTOR,NEED_LOUDSPEAKER,NEED_BEVERAGE,NEED_FRUITS,NEED_SNACKS,SNACK_LEVEL,NUM_OF_PEOPLE,STATE,PR_ID,ALLDAY,SUBMIT_DATE) values ('205','501','AdminAdmin','LOC-1','丽园','L511','25','test','test',to_timestamp('01-JUN-13 07.00.00.000000000 AM','DD-MON-RR HH.MI.SS.FF AM'),to_timestamp('01-JUN-13 08.00.00.000000000 AM','DD-MON-RR HH.MI.SS.FF AM'),null,'N','N','N','N','N',null,0,'未提交',null,'TIME',null);
Insert into OA.CONF_ROOM_CALENDAR (ID,USER_ID,USER_DISPLAY_NAME,LOCATION_ID,LOCATION_NAME,MEETING_ROOM,MEETING_ROOM_ID,TITLE,PARTICIPANTS,START_TIME,END_TIME,COMMENTS,NEED_PROJECTOR,NEED_LOUDSPEAKER,NEED_BEVERAGE,NEED_FRUITS,NEED_SNACKS,SNACK_LEVEL,NUM_OF_PEOPLE,STATE,PR_ID,ALLDAY,SUBMIT_DATE) values ('210','279','魏玉梅','LOC-1','丽园','L410','22','小学语文骨干教师活动','本区小学语文骨干教师',to_timestamp('16-MAY-13 02.00.00.000000000 PM','DD-MON-RR HH.MI.SS.FF AM'),to_timestamp('16-MAY-13 04.00.00.000000000 PM','DD-MON-RR HH.MI.SS.FF AM'),null,'Y','Y','Y','N','N',null,42,'已取消',null,'TIME',to_date('08-MAY-13','DD-MON-RR'));
Insert into OA.CONF_ROOM_CALENDAR (ID,USER_ID,USER_DISPLAY_NAME,LOCATION_ID,LOCATION_NAME,MEETING_ROOM,MEETING_ROOM_ID,TITLE,PARTICIPANTS,START_TIME,END_TIME,COMMENTS,NEED_PROJECTOR,NEED_LOUDSPEAKER,NEED_BEVERAGE,NEED_FRUITS,NEED_SNACKS,SNACK_LEVEL,NUM_OF_PEOPLE,STATE,PR_ID,ALLDAY,SUBMIT_DATE) values ('211','185','王爽英','LOC-1','丽园','L410','22','社会学科学业考试阅卷','各校社会学科教师',to_timestamp('24-MAY-13 01.00.00.000000000 PM','DD-MON-RR HH.MI.SS.FF AM'),to_timestamp('24-MAY-13 05.00.00.000000000 PM','DD-MON-RR HH.MI.SS.FF AM'),null,'N','N','Y','N','N',null,30,'已审核',null,'TIME',to_date('08-MAY-13','DD-MON-RR'));
Insert into OA.CONF_ROOM_CALENDAR (ID,USER_ID,USER_DISPLAY_NAME,LOCATION_ID,LOCATION_NAME,MEETING_ROOM,MEETING_ROOM_ID,TITLE,PARTICIPANTS,START_TIME,END_TIME,COMMENTS,NEED_PROJECTOR,NEED_LOUDSPEAKER,NEED_BEVERAGE,NEED_FRUITS,NEED_SNACKS,SNACK_LEVEL,NUM_OF_PEOPLE,STATE,PR_ID,ALLDAY,SUBMIT_DATE) values ('212','154','邢至晖','LOC-1','丽园','L511','25','院首届教代会秘书处会议','邢至晖、竺玲、陈霞红、吴墩才、冯秋萌、魏玉梅、张增康',to_timestamp('10-MAY-13 08.30.00.000000000 AM','DD-MON-RR HH.MI.SS.FF AM'),to_timestamp('10-MAY-13 09.30.46.000000000 AM','DD-MON-RR HH.MI.SS.FF AM'),null,'N','N','Y','N','N',null,7,'已取消',null,'TIME',to_date('08-MAY-13','DD-MON-RR'));
Insert into OA.CONF_ROOM_CALENDAR (ID,USER_ID,USER_DISPLAY_NAME,LOCATION_ID,LOCATION_NAME,MEETING_ROOM,MEETING_ROOM_ID,TITLE,PARTICIPANTS,START_TIME,END_TIME,COMMENTS,NEED_PROJECTOR,NEED_LOUDSPEAKER,NEED_BEVERAGE,NEED_FRUITS,NEED_SNACKS,SNACK_LEVEL,NUM_OF_PEOPLE,STATE,PR_ID,ALLDAY,SUBMIT_DATE) values ('213','154','邢至晖','LOC-1','丽园','L506','24','区教育基金会会议','谷勇仁等',to_timestamp('14-MAY-13 02.00.05.000000000 PM','DD-MON-RR HH.MI.SS.FF AM'),to_timestamp('14-MAY-13 04.47.17.000000000 PM','DD-MON-RR HH.MI.SS.FF AM'),null,'N','N','Y','N','N',null,17,'已审核',null,'TIME',to_date('08-MAY-13','DD-MON-RR'));
Insert into OA.CONF_ROOM_CALENDAR (ID,USER_ID,USER_DISPLAY_NAME,LOCATION_ID,LOCATION_NAME,MEETING_ROOM,MEETING_ROOM_ID,TITLE,PARTICIPANTS,START_TIME,END_TIME,COMMENTS,NEED_PROJECTOR,NEED_LOUDSPEAKER,NEED_BEVERAGE,NEED_FRUITS,NEED_SNACKS,SNACK_LEVEL,NUM_OF_PEOPLE,STATE,PR_ID,ALLDAY,SUBMIT_DATE) values ('215','308','严明','LOC-1','丽园','L410','22','实验员培训','教研室',to_timestamp('10-MAY-13 01.00.00.000000000 PM','DD-MON-RR HH.MI.SS.FF AM'),to_timestamp('10-MAY-13 02.00.00.000000000 PM','DD-MON-RR HH.MI.SS.FF AM'),null,'Y','Y','N','N','N',null,50,'已审核',null,'TIME',to_date('08-MAY-13','DD-MON-RR'));
Insert into OA.CONF_ROOM_CALENDAR (ID,USER_ID,USER_DISPLAY_NAME,LOCATION_ID,LOCATION_NAME,MEETING_ROOM,MEETING_ROOM_ID,TITLE,PARTICIPANTS,START_TIME,END_TIME,COMMENTS,NEED_PROJECTOR,NEED_LOUDSPEAKER,NEED_BEVERAGE,NEED_FRUITS,NEED_SNACKS,SNACK_LEVEL,NUM_OF_PEOPLE,STATE,PR_ID,ALLDAY,SUBMIT_DATE) values ('218','171','陈双艳','LOC-1','丽园','L410','22','中考备考工作','初三英语备课组长',to_timestamp('20-MAY-13 02.00.24.000000000 PM','DD-MON-RR HH.MI.SS.FF AM'),to_timestamp('20-MAY-13 04.00.40.000000000 PM','DD-MON-RR HH.MI.SS.FF AM'),null,'N','Y','Y','N','N',null,28,'已审核',null,'TIME',to_date('09-MAY-13','DD-MON-RR'));
Insert into OA.CONF_ROOM_CALENDAR (ID,USER_ID,USER_DISPLAY_NAME,LOCATION_ID,LOCATION_NAME,MEETING_ROOM,MEETING_ROOM_ID,TITLE,PARTICIPANTS,START_TIME,END_TIME,COMMENTS,NEED_PROJECTOR,NEED_LOUDSPEAKER,NEED_BEVERAGE,NEED_FRUITS,NEED_SNACKS,SNACK_LEVEL,NUM_OF_PEOPLE,STATE,PR_ID,ALLDAY,SUBMIT_DATE) values ('224','232','李燕华','LOC-2','自忠','Z3-408','35','改稿会议','各校班主任',to_timestamp('22-MAY-13 02.00.11.000000000 PM','DD-MON-RR HH.MI.SS.FF AM'),to_timestamp('22-MAY-13 03.30.28.000000000 PM','DD-MON-RR HH.MI.SS.FF AM'),null,'N','Y','N','N','N',null,30,'已审核',null,'TIME',to_date('13-MAY-13','DD-MON-RR'));
Insert into OA.CONF_ROOM_CALENDAR (ID,USER_ID,USER_DISPLAY_NAME,LOCATION_ID,LOCATION_NAME,MEETING_ROOM,MEETING_ROOM_ID,TITLE,PARTICIPANTS,START_TIME,END_TIME,COMMENTS,NEED_PROJECTOR,NEED_LOUDSPEAKER,NEED_BEVERAGE,NEED_FRUITS,NEED_SNACKS,SNACK_LEVEL,NUM_OF_PEOPLE,STATE,PR_ID,ALLDAY,SUBMIT_DATE) values ('234','236','袁志健','LOC-2','自忠','Z3-310','32','师训课程审定会议','袁志健',to_timestamp('22-MAY-13 09.00.00.000000000 AM','DD-MON-RR HH.MI.SS.FF AM'),to_timestamp('22-MAY-13 11.30.00.000000000 AM','DD-MON-RR HH.MI.SS.FF AM'),null,'Y','N','N','N','N',null,20,'已审核',null,'TIME',to_date('15-MAY-13','DD-MON-RR'));
Insert into OA.CONF_ROOM_CALENDAR (ID,USER_ID,USER_DISPLAY_NAME,LOCATION_ID,LOCATION_NAME,MEETING_ROOM,MEETING_ROOM_ID,TITLE,PARTICIPANTS,START_TIME,END_TIME,COMMENTS,NEED_PROJECTOR,NEED_LOUDSPEAKER,NEED_BEVERAGE,NEED_FRUITS,NEED_SNACKS,SNACK_LEVEL,NUM_OF_PEOPLE,STATE,PR_ID,ALLDAY,SUBMIT_DATE) values ('235','236','袁志健','LOC-2','自忠','Z3-408','35','师训课程审定会议','黄金丽',to_timestamp('22-MAY-13 09.00.00.000000000 AM','DD-MON-RR HH.MI.SS.FF AM'),to_timestamp('22-MAY-13 11.30.00.000000000 AM','DD-MON-RR HH.MI.SS.FF AM'),null,'N','N','N','N','N',null,20,'已审核',null,'TIME',to_date('15-MAY-13','DD-MON-RR'));
Insert into OA.CONF_ROOM_CALENDAR (ID,USER_ID,USER_DISPLAY_NAME,LOCATION_ID,LOCATION_NAME,MEETING_ROOM,MEETING_ROOM_ID,TITLE,PARTICIPANTS,START_TIME,END_TIME,COMMENTS,NEED_PROJECTOR,NEED_LOUDSPEAKER,NEED_BEVERAGE,NEED_FRUITS,NEED_SNACKS,SNACK_LEVEL,NUM_OF_PEOPLE,STATE,PR_ID,ALLDAY,SUBMIT_DATE) values ('239','254','郑渝萍','LOC-1','丽园','L211','21','人事干部培训','班主任、学员',to_timestamp('23-MAY-13 09.00.00.000000000 AM','DD-MON-RR HH.MI.SS.FF AM'),to_timestamp('23-MAY-13 11.30.00.000000000 AM','DD-MON-RR HH.MI.SS.FF AM'),null,'Y','Y','Y','N','N',null,124,'已审核',null,'TIME',to_date('16-MAY-13','DD-MON-RR'));
Insert into OA.CONF_ROOM_CALENDAR (ID,USER_ID,USER_DISPLAY_NAME,LOCATION_ID,LOCATION_NAME,MEETING_ROOM,MEETING_ROOM_ID,TITLE,PARTICIPANTS,START_TIME,END_TIME,COMMENTS,NEED_PROJECTOR,NEED_LOUDSPEAKER,NEED_BEVERAGE,NEED_FRUITS,NEED_SNACKS,SNACK_LEVEL,NUM_OF_PEOPLE,STATE,PR_ID,ALLDAY,SUBMIT_DATE) values ('240','254','郑渝萍','LOC-2','自忠','Z3-304','34','书记培训','班主任、学员',to_timestamp('22-MAY-13 01.30.00.000000000 PM','DD-MON-RR HH.MI.SS.FF AM'),to_timestamp('22-MAY-13 04.00.00.000000000 PM','DD-MON-RR HH.MI.SS.FF AM'),null,'Y','Y','Y','N','N',null,60,'已审核',null,'TIME',to_date('16-MAY-13','DD-MON-RR'));
Insert into OA.CONF_ROOM_CALENDAR (ID,USER_ID,USER_DISPLAY_NAME,LOCATION_ID,LOCATION_NAME,MEETING_ROOM,MEETING_ROOM_ID,TITLE,PARTICIPANTS,START_TIME,END_TIME,COMMENTS,NEED_PROJECTOR,NEED_LOUDSPEAKER,NEED_BEVERAGE,NEED_FRUITS,NEED_SNACKS,SNACK_LEVEL,NUM_OF_PEOPLE,STATE,PR_ID,ALLDAY,SUBMIT_DATE) values ('241','254','郑渝萍','LOC-2','自忠','Z3-304','34','校级干部心理咨询师培训','班主任、学员',to_timestamp('25-MAY-13 09.00.00.000000000 AM','DD-MON-RR HH.MI.SS.FF AM'),to_timestamp('25-MAY-13 11.59.59.000000000 PM','DD-MON-RR HH.MI.SS.FF AM'),null,'Y','Y','Y','N','N',null,33,'已审核',null,'ALLDAY',to_date('16-MAY-13','DD-MON-RR'));
Insert into OA.CONF_ROOM_CALENDAR (ID,USER_ID,USER_DISPLAY_NAME,LOCATION_ID,LOCATION_NAME,MEETING_ROOM,MEETING_ROOM_ID,TITLE,PARTICIPANTS,START_TIME,END_TIME,COMMENTS,NEED_PROJECTOR,NEED_LOUDSPEAKER,NEED_BEVERAGE,NEED_FRUITS,NEED_SNACKS,SNACK_LEVEL,NUM_OF_PEOPLE,STATE,PR_ID,ALLDAY,SUBMIT_DATE) values ('248','287','陆懿香','LOC-1','丽园','L201','20','教育局新教师面试 ','职改办',to_timestamp('28-MAY-13 12.00.53.000000000 PM','DD-MON-RR HH.MI.SS.FF AM'),to_timestamp('28-MAY-13 04.30.08.000000000 PM','DD-MON-RR HH.MI.SS.FF AM'),null,'N','N','Y','N','N',null,0,'已审核',null,'TIME',to_date('21-MAY-13','DD-MON-RR'));
Insert into OA.CONF_ROOM_CALENDAR (ID,USER_ID,USER_DISPLAY_NAME,LOCATION_ID,LOCATION_NAME,MEETING_ROOM,MEETING_ROOM_ID,TITLE,PARTICIPANTS,START_TIME,END_TIME,COMMENTS,NEED_PROJECTOR,NEED_LOUDSPEAKER,NEED_BEVERAGE,NEED_FRUITS,NEED_SNACKS,SNACK_LEVEL,NUM_OF_PEOPLE,STATE,PR_ID,ALLDAY,SUBMIT_DATE) values ('249','287','陆懿香','LOC-1','丽园','L211','21','教育局新教师面试','职改办',to_timestamp('28-MAY-13 12.00.16.000000000 PM','DD-MON-RR HH.MI.SS.FF AM'),to_timestamp('28-MAY-13 04.30.23.000000000 PM','DD-MON-RR HH.MI.SS.FF AM'),null,'N','N','Y','N','N',null,0,'已审核',null,'TIME',to_date('21-MAY-13','DD-MON-RR'));
Insert into OA.CONF_ROOM_CALENDAR (ID,USER_ID,USER_DISPLAY_NAME,LOCATION_ID,LOCATION_NAME,MEETING_ROOM,MEETING_ROOM_ID,TITLE,PARTICIPANTS,START_TIME,END_TIME,COMMENTS,NEED_PROJECTOR,NEED_LOUDSPEAKER,NEED_BEVERAGE,NEED_FRUITS,NEED_SNACKS,SNACK_LEVEL,NUM_OF_PEOPLE,STATE,PR_ID,ALLDAY,SUBMIT_DATE) values ('250','287','陆懿香','LOC-1','丽园','L506','24','教育局新教师面试','职改办',to_timestamp('28-MAY-13 12.00.06.000000000 PM','DD-MON-RR HH.MI.SS.FF AM'),to_timestamp('28-MAY-13 04.30.15.000000000 PM','DD-MON-RR HH.MI.SS.FF AM'),null,'N','N','N','N','N',null,0,'已审核',null,'TIME',to_date('21-MAY-13','DD-MON-RR'));
Insert into OA.CONF_ROOM_CALENDAR (ID,USER_ID,USER_DISPLAY_NAME,LOCATION_ID,LOCATION_NAME,MEETING_ROOM,MEETING_ROOM_ID,TITLE,PARTICIPANTS,START_TIME,END_TIME,COMMENTS,NEED_PROJECTOR,NEED_LOUDSPEAKER,NEED_BEVERAGE,NEED_FRUITS,NEED_SNACKS,SNACK_LEVEL,NUM_OF_PEOPLE,STATE,PR_ID,ALLDAY,SUBMIT_DATE) values ('251','287','陆懿香','LOC-1','丽园','L511','25','教育局新教师面试','职改办',to_timestamp('28-MAY-13 12.00.47.000000000 PM','DD-MON-RR HH.MI.SS.FF AM'),to_timestamp('28-MAY-13 04.30.53.000000000 PM','DD-MON-RR HH.MI.SS.FF AM'),null,'N','N','Y','N','N',null,0,'已审核',null,'TIME',to_date('21-MAY-13','DD-MON-RR'));
Insert into OA.CONF_ROOM_CALENDAR (ID,USER_ID,USER_DISPLAY_NAME,LOCATION_ID,LOCATION_NAME,MEETING_ROOM,MEETING_ROOM_ID,TITLE,PARTICIPANTS,START_TIME,END_TIME,COMMENTS,NEED_PROJECTOR,NEED_LOUDSPEAKER,NEED_BEVERAGE,NEED_FRUITS,NEED_SNACKS,SNACK_LEVEL,NUM_OF_PEOPLE,STATE,PR_ID,ALLDAY,SUBMIT_DATE) values ('254','254','郑渝萍','LOC-2','自忠','Z3-304','34','总务主任培训','班主任、学员',to_timestamp('28-MAY-13 01.30.00.000000000 PM','DD-MON-RR HH.MI.SS.FF AM'),to_timestamp('28-MAY-13 03.30.00.000000000 PM','DD-MON-RR HH.MI.SS.FF AM'),null,'Y','Y','Y','N','N',null,60,'已审核',null,'TIME',to_date('22-MAY-13','DD-MON-RR'));
Insert into OA.CONF_ROOM_CALENDAR (ID,USER_ID,USER_DISPLAY_NAME,LOCATION_ID,LOCATION_NAME,MEETING_ROOM,MEETING_ROOM_ID,TITLE,PARTICIPANTS,START_TIME,END_TIME,COMMENTS,NEED_PROJECTOR,NEED_LOUDSPEAKER,NEED_BEVERAGE,NEED_FRUITS,NEED_SNACKS,SNACK_LEVEL,NUM_OF_PEOPLE,STATE,PR_ID,ALLDAY,SUBMIT_DATE) values ('255','254','郑渝萍','LOC-2','自忠','Z3-304','34','校级干部心理咨询师培训','班主任、学员',to_timestamp('29-MAY-13 01.30.00.000000000 PM','DD-MON-RR HH.MI.SS.FF AM'),to_timestamp('29-MAY-13 04.30.00.000000000 PM','DD-MON-RR HH.MI.SS.FF AM'),null,'Y','Y','Y','N','N',null,33,'已审核',null,'TIME',to_date('22-MAY-13','DD-MON-RR'));
Insert into OA.CONF_ROOM_CALENDAR (ID,USER_ID,USER_DISPLAY_NAME,LOCATION_ID,LOCATION_NAME,MEETING_ROOM,MEETING_ROOM_ID,TITLE,PARTICIPANTS,START_TIME,END_TIME,COMMENTS,NEED_PROJECTOR,NEED_LOUDSPEAKER,NEED_BEVERAGE,NEED_FRUITS,NEED_SNACKS,SNACK_LEVEL,NUM_OF_PEOPLE,STATE,PR_ID,ALLDAY,SUBMIT_DATE) values ('259','173','周加有','LOC-1','丽园','L410','22','英语名师工作室活动','英语名师工作室学员，区骨干教师',to_timestamp('23-MAY-13 12.00.00.000000000 AM','DD-MON-RR HH.MI.SS.FF AM'),to_timestamp('05-JUN-13 01.00.00.000000000 PM','DD-MON-RR HH.MI.SS.FF AM'),null,'Y','Y','Y','N','N',null,30,'未提交',null,'TIME',to_date('23-MAY-13','DD-MON-RR'));
Insert into OA.CONF_ROOM_CALENDAR (ID,USER_ID,USER_DISPLAY_NAME,LOCATION_ID,LOCATION_NAME,MEETING_ROOM,MEETING_ROOM_ID,TITLE,PARTICIPANTS,START_TIME,END_TIME,COMMENTS,NEED_PROJECTOR,NEED_LOUDSPEAKER,NEED_BEVERAGE,NEED_FRUITS,NEED_SNACKS,SNACK_LEVEL,NUM_OF_PEOPLE,STATE,PR_ID,ALLDAY,SUBMIT_DATE) values ('260','173','周加有','LOC-1','丽园','L410','22','英语名师工作室会议','英语名师工作室导师，学员，骨干教师',to_timestamp('05-JUN-13 01.00.00.000000000 PM','DD-MON-RR HH.MI.SS.FF AM'),to_timestamp('05-JUN-13 04.30.00.000000000 PM','DD-MON-RR HH.MI.SS.FF AM'),null,'Y','Y','Y','N','N',null,40,'已审核',null,'TIME',to_date('23-MAY-13','DD-MON-RR'));
Insert into OA.CONF_ROOM_CALENDAR (ID,USER_ID,USER_DISPLAY_NAME,LOCATION_ID,LOCATION_NAME,MEETING_ROOM,MEETING_ROOM_ID,TITLE,PARTICIPANTS,START_TIME,END_TIME,COMMENTS,NEED_PROJECTOR,NEED_LOUDSPEAKER,NEED_BEVERAGE,NEED_FRUITS,NEED_SNACKS,SNACK_LEVEL,NUM_OF_PEOPLE,STATE,PR_ID,ALLDAY,SUBMIT_DATE) values ('267','312','陈霞红','LOC-2','自忠','Z3-310','32','工会组长会议','工会组长',to_timestamp('29-MAY-13 10.00.00.000000000 AM','DD-MON-RR HH.MI.SS.FF AM'),to_timestamp('29-MAY-13 11.00.00.000000000 AM','DD-MON-RR HH.MI.SS.FF AM'),null,'N','N','Y','N','N',null,16,'已审核',null,'TIME',to_date('27-MAY-13','DD-MON-RR'));
Insert into OA.CONF_ROOM_CALENDAR (ID,USER_ID,USER_DISPLAY_NAME,LOCATION_ID,LOCATION_NAME,MEETING_ROOM,MEETING_ROOM_ID,TITLE,PARTICIPANTS,START_TIME,END_TIME,COMMENTS,NEED_PROJECTOR,NEED_LOUDSPEAKER,NEED_BEVERAGE,NEED_FRUITS,NEED_SNACKS,SNACK_LEVEL,NUM_OF_PEOPLE,STATE,PR_ID,ALLDAY,SUBMIT_DATE) values ('273','282','陆臻里','LOC-2','自忠','Z3-310','32','青年沙龙召集人会议','青年沙龙',to_timestamp('31-MAY-13 01.00.12.000000000 PM','DD-MON-RR HH.MI.SS.FF AM'),to_timestamp('31-MAY-13 04.30.20.000000000 PM','DD-MON-RR HH.MI.SS.FF AM'),null,'N','N','Y','N','N',null,10,'已审核',null,'TIME',to_date('29-MAY-13','DD-MON-RR'));
Insert into OA.CONF_ROOM_CALENDAR (ID,USER_ID,USER_DISPLAY_NAME,LOCATION_ID,LOCATION_NAME,MEETING_ROOM,MEETING_ROOM_ID,TITLE,PARTICIPANTS,START_TIME,END_TIME,COMMENTS,NEED_PROJECTOR,NEED_LOUDSPEAKER,NEED_BEVERAGE,NEED_FRUITS,NEED_SNACKS,SNACK_LEVEL,NUM_OF_PEOPLE,STATE,PR_ID,ALLDAY,SUBMIT_DATE) values ('104','266','李宁','LOC-2','自忠','Z3-310','32','欢送朱震远','部门全体教职工',to_timestamp('24-APR-13 01.30.00.000000000 PM','DD-MON-RR HH.MI.SS.FF AM'),to_timestamp('24-APR-13 02.30.00.000000000 PM','DD-MON-RR HH.MI.SS.FF AM'),'茶话会','Y','Y','Y','Y','Y',null,14,'已审核',null,'TIME',to_date('22-APR-13','DD-MON-RR'));
Insert into OA.CONF_ROOM_CALENDAR (ID,USER_ID,USER_DISPLAY_NAME,LOCATION_ID,LOCATION_NAME,MEETING_ROOM,MEETING_ROOM_ID,TITLE,PARTICIPANTS,START_TIME,END_TIME,COMMENTS,NEED_PROJECTOR,NEED_LOUDSPEAKER,NEED_BEVERAGE,NEED_FRUITS,NEED_SNACKS,SNACK_LEVEL,NUM_OF_PEOPLE,STATE,PR_ID,ALLDAY,SUBMIT_DATE) values ('148','282','陆臻里','LOC-1','丽园','L511','25','总支会议','总支委员',to_timestamp('03-MAY-13 09.00.00.000000000 AM','DD-MON-RR HH.MI.SS.FF AM'),to_timestamp('03-MAY-13 12.00.00.000000000 PM','DD-MON-RR HH.MI.SS.FF AM'),null,'N','N','Y','N','N',null,10,'已审核',null,'TIME',to_date('02-MAY-13','DD-MON-RR'));
Insert into OA.CONF_ROOM_CALENDAR (ID,USER_ID,USER_DISPLAY_NAME,LOCATION_ID,LOCATION_NAME,MEETING_ROOM,MEETING_ROOM_ID,TITLE,PARTICIPANTS,START_TIME,END_TIME,COMMENTS,NEED_PROJECTOR,NEED_LOUDSPEAKER,NEED_BEVERAGE,NEED_FRUITS,NEED_SNACKS,SNACK_LEVEL,NUM_OF_PEOPLE,STATE,PR_ID,ALLDAY,SUBMIT_DATE) values ('149','165','吴勇','LOC-1','丽园','L201','20','初中语文骨干教师例会','初中语文骨干教师',to_timestamp('09-MAY-13 01.30.00.000000000 PM','DD-MON-RR HH.MI.SS.FF AM'),to_timestamp('09-MAY-13 03.00.00.000000000 PM','DD-MON-RR HH.MI.SS.FF AM'),null,'N','N','Y','N','N',null,17,'已审核',null,'TIME',to_date('02-MAY-13','DD-MON-RR'));
Insert into OA.CONF_ROOM_CALENDAR (ID,USER_ID,USER_DISPLAY_NAME,LOCATION_ID,LOCATION_NAME,MEETING_ROOM,MEETING_ROOM_ID,TITLE,PARTICIPANTS,START_TIME,END_TIME,COMMENTS,NEED_PROJECTOR,NEED_LOUDSPEAKER,NEED_BEVERAGE,NEED_FRUITS,NEED_SNACKS,SNACK_LEVEL,NUM_OF_PEOPLE,STATE,PR_ID,ALLDAY,SUBMIT_DATE) values ('160','202','王愉敏','LOC-1','丽园','L201','20','跨学科研修活动','有关人员',to_timestamp('29-MAY-13 09.00.00.000000000 AM','DD-MON-RR HH.MI.SS.FF AM'),to_timestamp('29-MAY-13 11.10.06.000000000 AM','DD-MON-RR HH.MI.SS.FF AM'),null,'N','N','Y','N','N',null,17,'已审核',null,'TIME',to_date('21-MAY-13','DD-MON-RR'));
Insert into OA.CONF_ROOM_CALENDAR (ID,USER_ID,USER_DISPLAY_NAME,LOCATION_ID,LOCATION_NAME,MEETING_ROOM,MEETING_ROOM_ID,TITLE,PARTICIPANTS,START_TIME,END_TIME,COMMENTS,NEED_PROJECTOR,NEED_LOUDSPEAKER,NEED_BEVERAGE,NEED_FRUITS,NEED_SNACKS,SNACK_LEVEL,NUM_OF_PEOPLE,STATE,PR_ID,ALLDAY,SUBMIT_DATE) values ('161','179','黄莹','LOC-1','丽园','L511','25','市科学教材评价会议','市专家和评价小组成员',to_timestamp('15-MAY-13 09.00.22.000000000 AM','DD-MON-RR HH.MI.SS.FF AM'),to_timestamp('15-MAY-13 11.59.59.000000000 PM','DD-MON-RR HH.MI.SS.FF AM'),null,'Y','N','Y','N','N',null,10,'已审核',null,'ALLDAY',to_date('02-MAY-13','DD-MON-RR'));
Insert into OA.CONF_ROOM_CALENDAR (ID,USER_ID,USER_DISPLAY_NAME,LOCATION_ID,LOCATION_NAME,MEETING_ROOM,MEETING_ROOM_ID,TITLE,PARTICIPANTS,START_TIME,END_TIME,COMMENTS,NEED_PROJECTOR,NEED_LOUDSPEAKER,NEED_BEVERAGE,NEED_FRUITS,NEED_SNACKS,SNACK_LEVEL,NUM_OF_PEOPLE,STATE,PR_ID,ALLDAY,SUBMIT_DATE) values ('189','222','唐军','LOC-1','丽园','L411','23','学习所会议','王伟鸣、奚晓晶、魏耀发、李金钊、唐军等',to_timestamp('10-MAY-13 01.30.00.000000000 PM','DD-MON-RR HH.MI.SS.FF AM'),to_timestamp('10-MAY-13 04.30.00.000000000 PM','DD-MON-RR HH.MI.SS.FF AM'),null,'Y','N','Y','N','N',null,6,'已审核',null,'TIME',to_date('06-MAY-13','DD-MON-RR'));
Insert into OA.CONF_ROOM_CALENDAR (ID,USER_ID,USER_DISPLAY_NAME,LOCATION_ID,LOCATION_NAME,MEETING_ROOM,MEETING_ROOM_ID,TITLE,PARTICIPANTS,START_TIME,END_TIME,COMMENTS,NEED_PROJECTOR,NEED_LOUDSPEAKER,NEED_BEVERAGE,NEED_FRUITS,NEED_SNACKS,SNACK_LEVEL,NUM_OF_PEOPLE,STATE,PR_ID,ALLDAY,SUBMIT_DATE) values ('204','156','冯强','LOC-1','丽园','L506','24','信息平台和网络协商会议','王局、曹局、奚院、邢院、冯院等',to_timestamp('15-MAY-13 08.30.00.000000000 AM','DD-MON-RR HH.MI.SS.FF AM'),to_timestamp('15-MAY-13 10.00.00.000000000 AM','DD-MON-RR HH.MI.SS.FF AM'),null,'Y','Y','Y','N','N',null,15,'已审核',null,'TIME',to_date('07-MAY-13','DD-MON-RR'));
Insert into OA.CONF_ROOM_CALENDAR (ID,USER_ID,USER_DISPLAY_NAME,LOCATION_ID,LOCATION_NAME,MEETING_ROOM,MEETING_ROOM_ID,TITLE,PARTICIPANTS,START_TIME,END_TIME,COMMENTS,NEED_PROJECTOR,NEED_LOUDSPEAKER,NEED_BEVERAGE,NEED_FRUITS,NEED_SNACKS,SNACK_LEVEL,NUM_OF_PEOPLE,STATE,PR_ID,ALLDAY,SUBMIT_DATE) values ('206','194','夏昕','LOC-1','丽园','L411','23','初三体育中考小结','体育教研员、分管领导',to_timestamp('08-MAY-13 09.00.00.000000000 AM','DD-MON-RR HH.MI.SS.FF AM'),to_timestamp('08-MAY-13 10.30.00.000000000 AM','DD-MON-RR HH.MI.SS.FF AM'),null,'N','N','Y','N','N',null,8,'已审核',null,'TIME',to_date('07-MAY-13','DD-MON-RR'));
Insert into OA.CONF_ROOM_CALENDAR (ID,USER_ID,USER_DISPLAY_NAME,LOCATION_ID,LOCATION_NAME,MEETING_ROOM,MEETING_ROOM_ID,TITLE,PARTICIPANTS,START_TIME,END_TIME,COMMENTS,NEED_PROJECTOR,NEED_LOUDSPEAKER,NEED_BEVERAGE,NEED_FRUITS,NEED_SNACKS,SNACK_LEVEL,NUM_OF_PEOPLE,STATE,PR_ID,ALLDAY,SUBMIT_DATE) values ('207','282','陆臻里','LOC-2','自忠','Z3-310','32','第七支部党员活动','第七支部党员',to_timestamp('10-MAY-13 09.00.00.000000000 AM','DD-MON-RR HH.MI.SS.FF AM'),to_timestamp('10-MAY-13 10.00.00.000000000 AM','DD-MON-RR HH.MI.SS.FF AM'),null,'N','N','N','N','N',null,12,'已审核',null,'TIME',to_date('07-MAY-13','DD-MON-RR'));
Insert into OA.CONF_ROOM_CALENDAR (ID,USER_ID,USER_DISPLAY_NAME,LOCATION_ID,LOCATION_NAME,MEETING_ROOM,MEETING_ROOM_ID,TITLE,PARTICIPANTS,START_TIME,END_TIME,COMMENTS,NEED_PROJECTOR,NEED_LOUDSPEAKER,NEED_BEVERAGE,NEED_FRUITS,NEED_SNACKS,SNACK_LEVEL,NUM_OF_PEOPLE,STATE,PR_ID,ALLDAY,SUBMIT_DATE) values ('208','235','黄金丽','LOC-2','自忠','Z3-310','32','规范化培训基地分管校长工作会议','人事科科长、基地校长',to_timestamp('15-MAY-13 01.30.30.000000000 PM','DD-MON-RR HH.MI.SS.FF AM'),to_timestamp('15-MAY-13 04.00.51.000000000 PM','DD-MON-RR HH.MI.SS.FF AM'),null,'Y','Y','Y','N','N',null,16,'已审核',null,'TIME',to_date('07-MAY-13','DD-MON-RR'));
Insert into OA.CONF_ROOM_CALENDAR (ID,USER_ID,USER_DISPLAY_NAME,LOCATION_ID,LOCATION_NAME,MEETING_ROOM,MEETING_ROOM_ID,TITLE,PARTICIPANTS,START_TIME,END_TIME,COMMENTS,NEED_PROJECTOR,NEED_LOUDSPEAKER,NEED_BEVERAGE,NEED_FRUITS,NEED_SNACKS,SNACK_LEVEL,NUM_OF_PEOPLE,STATE,PR_ID,ALLDAY,SUBMIT_DATE) values ('214','253','竺岭','LOC-2','自忠','Z3-104','31','教代会筹备会议','教代会工作组',to_timestamp('10-MAY-13 08.30.00.000000000 AM','DD-MON-RR HH.MI.SS.FF AM'),to_timestamp('10-MAY-13 09.30.00.000000000 AM','DD-MON-RR HH.MI.SS.FF AM'),null,'N','N','N','N','N',null,7,'已审核',null,'TIME',to_date('08-MAY-13','DD-MON-RR'));
Insert into OA.CONF_ROOM_CALENDAR (ID,USER_ID,USER_DISPLAY_NAME,LOCATION_ID,LOCATION_NAME,MEETING_ROOM,MEETING_ROOM_ID,TITLE,PARTICIPANTS,START_TIME,END_TIME,COMMENTS,NEED_PROJECTOR,NEED_LOUDSPEAKER,NEED_BEVERAGE,NEED_FRUITS,NEED_SNACKS,SNACK_LEVEL,NUM_OF_PEOPLE,STATE,PR_ID,ALLDAY,SUBMIT_DATE) values ('229','279','魏玉梅','LOC-1','丽园','L410','22','中心组学习和行政会议','学院中层及以上干部',to_timestamp('21-MAY-13 02.00.00.000000000 PM','DD-MON-RR HH.MI.SS.FF AM'),to_timestamp('21-MAY-13 04.30.00.000000000 PM','DD-MON-RR HH.MI.SS.FF AM'),null,'Y','Y','Y','N','N',null,45,'已审核',null,'TIME',to_date('14-MAY-13','DD-MON-RR'));
Insert into OA.CONF_ROOM_CALENDAR (ID,USER_ID,USER_DISPLAY_NAME,LOCATION_ID,LOCATION_NAME,MEETING_ROOM,MEETING_ROOM_ID,TITLE,PARTICIPANTS,START_TIME,END_TIME,COMMENTS,NEED_PROJECTOR,NEED_LOUDSPEAKER,NEED_BEVERAGE,NEED_FRUITS,NEED_SNACKS,SNACK_LEVEL,NUM_OF_PEOPLE,STATE,PR_ID,ALLDAY,SUBMIT_DATE) values ('230','282','陆臻里','LOC-2','自忠','Z3-408','35','各支部书记会','各支部书记',to_timestamp('17-MAY-13 01.30.32.000000000 PM','DD-MON-RR HH.MI.SS.FF AM'),to_timestamp('17-MAY-13 04.00.44.000000000 PM','DD-MON-RR HH.MI.SS.FF AM'),null,'N','N','Y','N','N',null,10,'已审核',null,'TIME',to_date('14-MAY-13','DD-MON-RR'));
Insert into OA.CONF_ROOM_CALENDAR (ID,USER_ID,USER_DISPLAY_NAME,LOCATION_ID,LOCATION_NAME,MEETING_ROOM,MEETING_ROOM_ID,TITLE,PARTICIPANTS,START_TIME,END_TIME,COMMENTS,NEED_PROJECTOR,NEED_LOUDSPEAKER,NEED_BEVERAGE,NEED_FRUITS,NEED_SNACKS,SNACK_LEVEL,NUM_OF_PEOPLE,STATE,PR_ID,ALLDAY,SUBMIT_DATE) values ('243','235','黄金丽','LOC-2','自忠','Z3-310','32','部门业务学习','部门教师',to_timestamp('20-MAY-13 09.00.40.000000000 AM','DD-MON-RR HH.MI.SS.FF AM'),to_timestamp('20-MAY-13 10.30.50.000000000 AM','DD-MON-RR HH.MI.SS.FF AM'),null,'Y','N','Y','N','N',null,16,'已审核',null,'TIME',to_date('17-MAY-13','DD-MON-RR'));
Insert into OA.CONF_ROOM_CALENDAR (ID,USER_ID,USER_DISPLAY_NAME,LOCATION_ID,LOCATION_NAME,MEETING_ROOM,MEETING_ROOM_ID,TITLE,PARTICIPANTS,START_TIME,END_TIME,COMMENTS,NEED_PROJECTOR,NEED_LOUDSPEAKER,NEED_BEVERAGE,NEED_FRUITS,NEED_SNACKS,SNACK_LEVEL,NUM_OF_PEOPLE,STATE,PR_ID,ALLDAY,SUBMIT_DATE) values ('244','183','汪素青','LOC-1','丽园','L410','22','政治骨干教师活动 ','中小学政治骨干教师 ',to_timestamp('27-MAY-13 01.30.05.000000000 PM','DD-MON-RR HH.MI.SS.FF AM'),to_timestamp('27-MAY-13 03.30.50.000000000 PM','DD-MON-RR HH.MI.SS.FF AM'),null,'Y','N','N','N','N',null,16,'已审核',null,'TIME',to_date('20-MAY-13','DD-MON-RR'));
Insert into OA.CONF_ROOM_CALENDAR (ID,USER_ID,USER_DISPLAY_NAME,LOCATION_ID,LOCATION_NAME,MEETING_ROOM,MEETING_ROOM_ID,TITLE,PARTICIPANTS,START_TIME,END_TIME,COMMENTS,NEED_PROJECTOR,NEED_LOUDSPEAKER,NEED_BEVERAGE,NEED_FRUITS,NEED_SNACKS,SNACK_LEVEL,NUM_OF_PEOPLE,STATE,PR_ID,ALLDAY,SUBMIT_DATE) values ('261','283','张旖琳','LOC-1','丽园','L411','23','办公平台工作会议','各部门主任',to_timestamp('28-MAY-13 01.30.03.000000000 PM','DD-MON-RR HH.MI.SS.FF AM'),to_timestamp('28-MAY-13 04.30.11.000000000 PM','DD-MON-RR HH.MI.SS.FF AM'),null,'Y','N','Y','N','N',null,15,'已审核',null,'TIME',to_date('23-MAY-13','DD-MON-RR'));
Insert into OA.CONF_ROOM_CALENDAR (ID,USER_ID,USER_DISPLAY_NAME,LOCATION_ID,LOCATION_NAME,MEETING_ROOM,MEETING_ROOM_ID,TITLE,PARTICIPANTS,START_TIME,END_TIME,COMMENTS,NEED_PROJECTOR,NEED_LOUDSPEAKER,NEED_BEVERAGE,NEED_FRUITS,NEED_SNACKS,SNACK_LEVEL,NUM_OF_PEOPLE,STATE,PR_ID,ALLDAY,SUBMIT_DATE) values ('263','235','黄金丽','LOC-2','自忠','Z3-310','32','新疆高校毕业生实习园园长工作会议','幼儿园园长',to_timestamp('30-MAY-13 01.30.12.000000000 PM','DD-MON-RR HH.MI.SS.FF AM'),to_timestamp('30-MAY-13 03.21.36.000000000 PM','DD-MON-RR HH.MI.SS.FF AM'),null,'Y','N','Y','N','N',null,160,'已审核',null,'TIME',to_date('24-MAY-13','DD-MON-RR'));
Insert into OA.CONF_ROOM_CALENDAR (ID,USER_ID,USER_DISPLAY_NAME,LOCATION_ID,LOCATION_NAME,MEETING_ROOM,MEETING_ROOM_ID,TITLE,PARTICIPANTS,START_TIME,END_TIME,COMMENTS,NEED_PROJECTOR,NEED_LOUDSPEAKER,NEED_BEVERAGE,NEED_FRUITS,NEED_SNACKS,SNACK_LEVEL,NUM_OF_PEOPLE,STATE,PR_ID,ALLDAY,SUBMIT_DATE) values ('266','224','吴晓芬','LOC-1','丽园','L506','24','教心工作室活动','导师及学员',to_timestamp('05-JUN-13 09.00.00.000000000 AM','DD-MON-RR HH.MI.SS.FF AM'),to_timestamp('05-JUN-13 11.59.59.000000000 PM','DD-MON-RR HH.MI.SS.FF AM'),null,'Y','Y','Y','N','N',null,30,'已审核',null,'ALLDAY',to_date('27-MAY-13','DD-MON-RR'));
Insert into OA.CONF_ROOM_CALENDAR (ID,USER_ID,USER_DISPLAY_NAME,LOCATION_ID,LOCATION_NAME,MEETING_ROOM,MEETING_ROOM_ID,TITLE,PARTICIPANTS,START_TIME,END_TIME,COMMENTS,NEED_PROJECTOR,NEED_LOUDSPEAKER,NEED_BEVERAGE,NEED_FRUITS,NEED_SNACKS,SNACK_LEVEL,NUM_OF_PEOPLE,STATE,PR_ID,ALLDAY,SUBMIT_DATE) values ('146','267','吴幸敏','LOC-2','自忠','Z3-310','32','获奖教师培训','全区获奖教师',to_timestamp('02-MAY-13 03.00.00.000000000 PM','DD-MON-RR HH.MI.SS.FF AM'),to_timestamp('02-MAY-13 04.00.00.000000000 PM','DD-MON-RR HH.MI.SS.FF AM'),null,'Y','Y','Y','N','N',null,30,'已取消',null,'TIME',to_date('02-MAY-13','DD-MON-RR'));
Insert into OA.CONF_ROOM_CALENDAR (ID,USER_ID,USER_DISPLAY_NAME,LOCATION_ID,LOCATION_NAME,MEETING_ROOM,MEETING_ROOM_ID,TITLE,PARTICIPANTS,START_TIME,END_TIME,COMMENTS,NEED_PROJECTOR,NEED_LOUDSPEAKER,NEED_BEVERAGE,NEED_FRUITS,NEED_SNACKS,SNACK_LEVEL,NUM_OF_PEOPLE,STATE,PR_ID,ALLDAY,SUBMIT_DATE) values ('147','267','吴幸敏','LOC-2','自忠','Z3-310','32','获奖教师培训','全区一二等奖获奖教师',to_timestamp('08-MAY-13 03.00.00.000000000 PM','DD-MON-RR HH.MI.SS.FF AM'),to_timestamp('08-MAY-13 04.00.00.000000000 PM','DD-MON-RR HH.MI.SS.FF AM'),null,'Y','Y','Y','N','N',null,30,'已审核',null,'TIME',to_date('02-MAY-13','DD-MON-RR'));
Insert into OA.CONF_ROOM_CALENDAR (ID,USER_ID,USER_DISPLAY_NAME,LOCATION_ID,LOCATION_NAME,MEETING_ROOM,MEETING_ROOM_ID,TITLE,PARTICIPANTS,START_TIME,END_TIME,COMMENTS,NEED_PROJECTOR,NEED_LOUDSPEAKER,NEED_BEVERAGE,NEED_FRUITS,NEED_SNACKS,SNACK_LEVEL,NUM_OF_PEOPLE,STATE,PR_ID,ALLDAY,SUBMIT_DATE) values ('153','254','郑渝萍','LOC-2','自忠','Z3-310','32','书记班微论坛研讨会','书记班班主任、班委会成员',to_timestamp('08-MAY-13 04.00.00.000000000 PM','DD-MON-RR HH.MI.SS.FF AM'),to_timestamp('08-MAY-13 05.00.00.000000000 PM','DD-MON-RR HH.MI.SS.FF AM'),null,'N','N','Y','N','N',null,9,'已审核',null,'TIME',to_date('02-MAY-13','DD-MON-RR'));
Insert into OA.CONF_ROOM_CALENDAR (ID,USER_ID,USER_DISPLAY_NAME,LOCATION_ID,LOCATION_NAME,MEETING_ROOM,MEETING_ROOM_ID,TITLE,PARTICIPANTS,START_TIME,END_TIME,COMMENTS,NEED_PROJECTOR,NEED_LOUDSPEAKER,NEED_BEVERAGE,NEED_FRUITS,NEED_SNACKS,SNACK_LEVEL,NUM_OF_PEOPLE,STATE,PR_ID,ALLDAY,SUBMIT_DATE) values ('155','235','黄金丽','LOC-2','自忠','Z3-310','32','部门业务学习','师训部教师',to_timestamp('06-MAY-13 09.00.31.000000000 AM','DD-MON-RR HH.MI.SS.FF AM'),to_timestamp('06-MAY-13 11.17.03.000000000 AM','DD-MON-RR HH.MI.SS.FF AM'),null,'Y','Y','Y','N','N',null,16,'已审核',null,'TIME',to_date('02-MAY-13','DD-MON-RR'));
Insert into OA.CONF_ROOM_CALENDAR (ID,USER_ID,USER_DISPLAY_NAME,LOCATION_ID,LOCATION_NAME,MEETING_ROOM,MEETING_ROOM_ID,TITLE,PARTICIPANTS,START_TIME,END_TIME,COMMENTS,NEED_PROJECTOR,NEED_LOUDSPEAKER,NEED_BEVERAGE,NEED_FRUITS,NEED_SNACKS,SNACK_LEVEL,NUM_OF_PEOPLE,STATE,PR_ID,ALLDAY,SUBMIT_DATE) values ('162','228','曹婕琼','LOC-2','自忠','Z3-310','32','市教委基教处召开特殊教育会议','基教处、评估院、特教所、特教学校校长、特教老专家等',to_timestamp('09-MAY-13 01.30.00.000000000 PM','DD-MON-RR HH.MI.SS.FF AM'),to_timestamp('09-MAY-13 04.30.00.000000000 PM','DD-MON-RR HH.MI.SS.FF AM'),null,'N','N','N','N','N',null,15,'已审核',null,'TIME',to_date('02-MAY-13','DD-MON-RR'));
Insert into OA.CONF_ROOM_CALENDAR (ID,USER_ID,USER_DISPLAY_NAME,LOCATION_ID,LOCATION_NAME,MEETING_ROOM,MEETING_ROOM_ID,TITLE,PARTICIPANTS,START_TIME,END_TIME,COMMENTS,NEED_PROJECTOR,NEED_LOUDSPEAKER,NEED_BEVERAGE,NEED_FRUITS,NEED_SNACKS,SNACK_LEVEL,NUM_OF_PEOPLE,STATE,PR_ID,ALLDAY,SUBMIT_DATE) values ('171','279','魏玉梅','LOC-1','丽园','Z3-304','34','青年沙龙活动','青年沙龙成员',to_timestamp('10-MAY-13 01.30.00.000000000 PM','DD-MON-RR HH.MI.SS.FF AM'),to_timestamp('10-MAY-13 04.00.00.000000000 PM','DD-MON-RR HH.MI.SS.FF AM'),null,'N','Y','Y','N','N',null,50,'已审核',null,'TIME',to_date('03-MAY-13','DD-MON-RR'));
Insert into OA.CONF_ROOM_CALENDAR (ID,USER_ID,USER_DISPLAY_NAME,LOCATION_ID,LOCATION_NAME,MEETING_ROOM,MEETING_ROOM_ID,TITLE,PARTICIPANTS,START_TIME,END_TIME,COMMENTS,NEED_PROJECTOR,NEED_LOUDSPEAKER,NEED_BEVERAGE,NEED_FRUITS,NEED_SNACKS,SNACK_LEVEL,NUM_OF_PEOPLE,STATE,PR_ID,ALLDAY,SUBMIT_DATE) values ('187','158','陈兆施','LOC-1','丽园','L410','22','公平','教研员',to_timestamp('17-MAY-13 09.00.44.000000000 AM','DD-MON-RR HH.MI.SS.FF AM'),to_timestamp('17-MAY-13 11.24.33.000000000 AM','DD-MON-RR HH.MI.SS.FF AM'),null,'N','Y','N','N','N',null,0,'已审核',null,'TIME',to_date('06-MAY-13','DD-MON-RR'));
Insert into OA.CONF_ROOM_CALENDAR (ID,USER_ID,USER_DISPLAY_NAME,LOCATION_ID,LOCATION_NAME,MEETING_ROOM,MEETING_ROOM_ID,TITLE,PARTICIPANTS,START_TIME,END_TIME,COMMENTS,NEED_PROJECTOR,NEED_LOUDSPEAKER,NEED_BEVERAGE,NEED_FRUITS,NEED_SNACKS,SNACK_LEVEL,NUM_OF_PEOPLE,STATE,PR_ID,ALLDAY,SUBMIT_DATE) values ('188','158','陈兆施','LOC-1','丽园','L506','24','小学公平','教研员',to_timestamp('17-MAY-13 09.19.39.000000000 AM','DD-MON-RR HH.MI.SS.FF AM'),to_timestamp('17-MAY-13 11.26.05.000000000 AM','DD-MON-RR HH.MI.SS.FF AM'),null,'N','Y','N','N','N',null,0,'已审核',null,'TIME',to_date('06-MAY-13','DD-MON-RR'));
Insert into OA.CONF_ROOM_CALENDAR (ID,USER_ID,USER_DISPLAY_NAME,LOCATION_ID,LOCATION_NAME,MEETING_ROOM,MEETING_ROOM_ID,TITLE,PARTICIPANTS,START_TIME,END_TIME,COMMENTS,NEED_PROJECTOR,NEED_LOUDSPEAKER,NEED_BEVERAGE,NEED_FRUITS,NEED_SNACKS,SNACK_LEVEL,NUM_OF_PEOPLE,STATE,PR_ID,ALLDAY,SUBMIT_DATE) values ('228','159','夏向东','LOC-1','丽园','L411','23','区教学颁奖会议','局、院领导、教师代表',to_timestamp('22-MAY-13 02.18.34.000000000 PM','DD-MON-RR HH.MI.SS.FF AM'),to_timestamp('22-MAY-13 04.18.45.000000000 PM','DD-MON-RR HH.MI.SS.FF AM'),null,'N','N','N','N','N',null,0,'已审核',null,'TIME',to_date('13-MAY-13','DD-MON-RR'));
Insert into OA.CONF_ROOM_CALENDAR (ID,USER_ID,USER_DISPLAY_NAME,LOCATION_ID,LOCATION_NAME,MEETING_ROOM,MEETING_ROOM_ID,TITLE,PARTICIPANTS,START_TIME,END_TIME,COMMENTS,NEED_PROJECTOR,NEED_LOUDSPEAKER,NEED_BEVERAGE,NEED_FRUITS,NEED_SNACKS,SNACK_LEVEL,NUM_OF_PEOPLE,STATE,PR_ID,ALLDAY,SUBMIT_DATE) values ('231','235','黄金丽','LOC-2','自忠','Z3-304','34','师训工作交流','河南省教师',to_timestamp('16-MAY-13 01.30.00.000000000 PM','DD-MON-RR HH.MI.SS.FF AM'),to_timestamp('16-MAY-13 03.00.00.000000000 PM','DD-MON-RR HH.MI.SS.FF AM'),null,'Y','Y','Y','N','N',null,60,'已审核',null,'TIME',to_date('14-MAY-13','DD-MON-RR'));
Insert into OA.CONF_ROOM_CALENDAR (ID,USER_ID,USER_DISPLAY_NAME,LOCATION_ID,LOCATION_NAME,MEETING_ROOM,MEETING_ROOM_ID,TITLE,PARTICIPANTS,START_TIME,END_TIME,COMMENTS,NEED_PROJECTOR,NEED_LOUDSPEAKER,NEED_BEVERAGE,NEED_FRUITS,NEED_SNACKS,SNACK_LEVEL,NUM_OF_PEOPLE,STATE,PR_ID,ALLDAY,SUBMIT_DATE) values ('245','189','朱丽敏','LOC-1','丽园','L410','22','高中地理教材意见使用征集活动','教材意见征集组成员',to_timestamp('30-MAY-13 01.30.00.000000000 PM','DD-MON-RR HH.MI.SS.FF AM'),to_timestamp('30-MAY-13 04.00.00.000000000 PM','DD-MON-RR HH.MI.SS.FF AM'),null,'Y','Y','Y','N','N',null,25,'已审核',null,'TIME',to_date('29-MAY-13','DD-MON-RR'));
Insert into OA.CONF_ROOM_CALENDAR (ID,USER_ID,USER_DISPLAY_NAME,LOCATION_ID,LOCATION_NAME,MEETING_ROOM,MEETING_ROOM_ID,TITLE,PARTICIPANTS,START_TIME,END_TIME,COMMENTS,NEED_PROJECTOR,NEED_LOUDSPEAKER,NEED_BEVERAGE,NEED_FRUITS,NEED_SNACKS,SNACK_LEVEL,NUM_OF_PEOPLE,STATE,PR_ID,ALLDAY,SUBMIT_DATE) values ('252','287','陆懿香','LOC-1','丽园','L410','22','名师工作室活动','工作室学员',to_timestamp('28-MAY-13 01.00.02.000000000 PM','DD-MON-RR HH.MI.SS.FF AM'),to_timestamp('28-MAY-13 03.30.15.000000000 PM','DD-MON-RR HH.MI.SS.FF AM'),null,'N','N','Y','N','N',null,0,'已审核',null,'TIME',to_date('21-MAY-13','DD-MON-RR'));
Insert into OA.CONF_ROOM_CALENDAR (ID,USER_ID,USER_DISPLAY_NAME,LOCATION_ID,LOCATION_NAME,MEETING_ROOM,MEETING_ROOM_ID,TITLE,PARTICIPANTS,START_TIME,END_TIME,COMMENTS,NEED_PROJECTOR,NEED_LOUDSPEAKER,NEED_BEVERAGE,NEED_FRUITS,NEED_SNACKS,SNACK_LEVEL,NUM_OF_PEOPLE,STATE,PR_ID,ALLDAY,SUBMIT_DATE) values ('268','179','黄莹','LOC-1','丽园','L410','22','七年级科学模拟考试质量分析','科学教师',to_timestamp('04-JUN-13 01.30.16.000000000 PM','DD-MON-RR HH.MI.SS.FF AM'),to_timestamp('04-JUN-13 03.30.18.000000000 PM','DD-MON-RR HH.MI.SS.FF AM'),null,'Y','Y','N','N','N',null,40,'已审核',null,'TIME',to_date('28-MAY-13','DD-MON-RR'));
Insert into OA.CONF_ROOM_CALENDAR (ID,USER_ID,USER_DISPLAY_NAME,LOCATION_ID,LOCATION_NAME,MEETING_ROOM,MEETING_ROOM_ID,TITLE,PARTICIPANTS,START_TIME,END_TIME,COMMENTS,NEED_PROJECTOR,NEED_LOUDSPEAKER,NEED_BEVERAGE,NEED_FRUITS,NEED_SNACKS,SNACK_LEVEL,NUM_OF_PEOPLE,STATE,PR_ID,ALLDAY,SUBMIT_DATE) values ('271','226','江欣怿','LOC-1','丽园','L410','22','综合课题组子课题会议','幼儿园园长',to_timestamp('08-JUN-13 09.00.52.000000000 AM','DD-MON-RR HH.MI.SS.FF AM'),to_timestamp('08-JUN-13 11.33.22.000000000 AM','DD-MON-RR HH.MI.SS.FF AM'),null,'Y','Y','Y','N','N',null,20,'已审核',null,'TIME',to_date('28-MAY-13','DD-MON-RR'));
REM INSERTING into OA.DEPARTMENTS
Insert into OA.DEPARTMENTS (DEPT_ID,DEPT_NAME,LOCATION_ID,MGR_ID,CREATED_AT,CREATED_BY,LAST_UPDATED_AT,LAST_UPDATED_BY,MGR_NAME,SUPERVISOR_ID,EXPIRED) values ('1','党总支',null,'151',null,null,null,null,null,'151','N');
Insert into OA.DEPARTMENTS (DEPT_ID,DEPT_NAME,LOCATION_ID,MGR_ID,CREATED_AT,CREATED_BY,LAST_UPDATED_AT,LAST_UPDATED_BY,MGR_NAME,SUPERVISOR_ID,EXPIRED) values ('2','院长室',null,'152',null,null,null,null,null,'152','N');
Insert into OA.DEPARTMENTS (DEPT_ID,DEPT_NAME,LOCATION_ID,MGR_ID,CREATED_AT,CREATED_BY,LAST_UPDATED_AT,LAST_UPDATED_BY,MGR_NAME,SUPERVISOR_ID,EXPIRED) values ('3','中教研室',null,'158',null,null,null,null,null,'154','N');
Insert into OA.DEPARTMENTS (DEPT_ID,DEPT_NAME,LOCATION_ID,MGR_ID,CREATED_AT,CREATED_BY,LAST_UPDATED_AT,LAST_UPDATED_BY,MGR_NAME,SUPERVISOR_ID,EXPIRED) values ('4','小幼教研室',null,'201',null,null,null,null,null,'154','N');
Insert into OA.DEPARTMENTS (DEPT_ID,DEPT_NAME,LOCATION_ID,MGR_ID,CREATED_AT,CREATED_BY,LAST_UPDATED_AT,LAST_UPDATED_BY,MGR_NAME,SUPERVISOR_ID,EXPIRED) values ('5','科研室',null,'218',null,null,null,null,null,'154','N');
Insert into OA.DEPARTMENTS (DEPT_ID,DEPT_NAME,LOCATION_ID,MGR_ID,CREATED_AT,CREATED_BY,LAST_UPDATED_AT,LAST_UPDATED_BY,MGR_NAME,SUPERVISOR_ID,EXPIRED) values ('6','德研室',null,'229',null,null,null,null,null,'157','N');
Insert into OA.DEPARTMENTS (DEPT_ID,DEPT_NAME,LOCATION_ID,MGR_ID,CREATED_AT,CREATED_BY,LAST_UPDATED_AT,LAST_UPDATED_BY,MGR_NAME,SUPERVISOR_ID,EXPIRED) values ('7','师训部',null,'235',null,null,null,null,null,'153','N');
Insert into OA.DEPARTMENTS (DEPT_ID,DEPT_NAME,LOCATION_ID,MGR_ID,CREATED_AT,CREATED_BY,LAST_UPDATED_AT,LAST_UPDATED_BY,MGR_NAME,SUPERVISOR_ID,EXPIRED) values ('8','干训部',null,'251',null,null,null,null,null,'151','N');
Insert into OA.DEPARTMENTS (DEPT_ID,DEPT_NAME,LOCATION_ID,MGR_ID,CREATED_AT,CREATED_BY,LAST_UPDATED_AT,LAST_UPDATED_BY,MGR_NAME,SUPERVISOR_ID,EXPIRED) values ('9','编辑部',null,'256',null,null,null,null,null,'152','N');
Insert into OA.DEPARTMENTS (DEPT_ID,DEPT_NAME,LOCATION_ID,MGR_ID,CREATED_AT,CREATED_BY,LAST_UPDATED_AT,LAST_UPDATED_BY,MGR_NAME,SUPERVISOR_ID,EXPIRED) values ('10','发展部',null,'261',null,null,null,null,null,'157','N');
Insert into OA.DEPARTMENTS (DEPT_ID,DEPT_NAME,LOCATION_ID,MGR_ID,CREATED_AT,CREATED_BY,LAST_UPDATED_AT,LAST_UPDATED_BY,MGR_NAME,SUPERVISOR_ID,EXPIRED) values ('11','信息技术部','LOC-2','266',null,null,null,null,'李宁','155','N');
Insert into OA.DEPARTMENTS (DEPT_ID,DEPT_NAME,LOCATION_ID,MGR_ID,CREATED_AT,CREATED_BY,LAST_UPDATED_AT,LAST_UPDATED_BY,MGR_NAME,SUPERVISOR_ID,EXPIRED) values ('12','院务办公室',null,'279',null,null,null,null,null,'156','N');
Insert into OA.DEPARTMENTS (DEPT_ID,DEPT_NAME,LOCATION_ID,MGR_ID,CREATED_AT,CREATED_BY,LAST_UPDATED_AT,LAST_UPDATED_BY,MGR_NAME,SUPERVISOR_ID,EXPIRED) values ('13','人事室',null,'287',null,null,null,null,null,'152','N');
Insert into OA.DEPARTMENTS (DEPT_ID,DEPT_NAME,LOCATION_ID,MGR_ID,CREATED_AT,CREATED_BY,LAST_UPDATED_AT,LAST_UPDATED_BY,MGR_NAME,SUPERVISOR_ID,EXPIRED) values ('14','总务处',null,'291',null,null,null,null,null,'155','N');
Insert into OA.DEPARTMENTS (DEPT_ID,DEPT_NAME,LOCATION_ID,MGR_ID,CREATED_AT,CREATED_BY,LAST_UPDATED_AT,LAST_UPDATED_BY,MGR_NAME,SUPERVISOR_ID,EXPIRED) values ('15','监测中心',null,'308',null,null,null,null,null,'156','N');
Insert into OA.DEPARTMENTS (DEPT_ID,DEPT_NAME,LOCATION_ID,MGR_ID,CREATED_AT,CREATED_BY,LAST_UPDATED_AT,LAST_UPDATED_BY,MGR_NAME,SUPERVISOR_ID,EXPIRED) values ('16','国交中心',null,'312',null,null,null,null,null,'156','N');
Insert into OA.DEPARTMENTS (DEPT_ID,DEPT_NAME,LOCATION_ID,MGR_ID,CREATED_AT,CREATED_BY,LAST_UPDATED_AT,LAST_UPDATED_BY,MGR_NAME,SUPERVISOR_ID,EXPIRED) values ('17','工会',null,'253',null,null,null,null,null,'151','N');
REM INSERTING into OA.EMPLOYEES
Insert into OA.EMPLOYEES (USER_NAME,PASSWORD,FIRST_NAME,LAST_NAME,GENDER,MGR_ID,DEPT_ID,EMAIL,MOBILE,OFFICE_PHONE,HOME_PHONE,FAX,LOCATION_ID,HOME_ADDRESS,OFFICE_ADDRESS,LAST_UPDATED_BY,LAST_UPDATED_AT,CREATED_BY,CREATED_AT,TITLE,ID,MGR_NAME,DEPT_NAME,EXPIRED) values ('mayh','welcome1','英慧','马','女',null,'10','myh53833586@hotmail.com','18930120925','60130168',null,null,'LOC-2',null,'自忠路3-201',null,null,null,null,null,'262','胡建民','发展部','N');
Insert into OA.EMPLOYEES (USER_NAME,PASSWORD,FIRST_NAME,LAST_NAME,GENDER,MGR_ID,DEPT_ID,EMAIL,MOBILE,OFFICE_PHONE,HOME_PHONE,FAX,LOCATION_ID,HOME_ADDRESS,OFFICE_ADDRESS,LAST_UPDATED_BY,LAST_UPDATED_AT,CREATED_BY,CREATED_AT,TITLE,ID,MGR_NAME,DEPT_NAME,EXPIRED) values ('zhoujh','welcome1','俊华','周','女',null,'10','zjh528@gmail.com','13501779136','60130116',null,null,'LOC-2',null,'自忠路3-201',null,null,null,null,null,'263','胡建民','发展部','N');
Insert into OA.EMPLOYEES (USER_NAME,PASSWORD,FIRST_NAME,LAST_NAME,GENDER,MGR_ID,DEPT_ID,EMAIL,MOBILE,OFFICE_PHONE,HOME_PHONE,FAX,LOCATION_ID,HOME_ADDRESS,OFFICE_ADDRESS,LAST_UPDATED_BY,LAST_UPDATED_AT,CREATED_BY,CREATED_AT,TITLE,ID,MGR_NAME,DEPT_NAME,EXPIRED) values ('shijf','welcome1','峻峰','施','男',null,'10','shijunfeng1972@163.com','13045684929','60130195',null,null,'LOC-2',null,'自忠路3-201',null,null,null,null,null,'264','胡建民','发展部','N');
Insert into OA.EMPLOYEES (USER_NAME,PASSWORD,FIRST_NAME,LAST_NAME,GENDER,MGR_ID,DEPT_ID,EMAIL,MOBILE,OFFICE_PHONE,HOME_PHONE,FAX,LOCATION_ID,HOME_ADDRESS,OFFICE_ADDRESS,LAST_UPDATED_BY,LAST_UPDATED_AT,CREATED_BY,CREATED_AT,TITLE,ID,MGR_NAME,DEPT_NAME,EXPIRED) values ('linjh','welcome1','建华','林','女',null,'10','linjianhua1966@163.com','13524640207','60130175',null,null,'LOC-2',null,'自忠路3-201',null,null,null,null,null,'265','胡建民','发展部','N');
Insert into OA.EMPLOYEES (USER_NAME,PASSWORD,FIRST_NAME,LAST_NAME,GENDER,MGR_ID,DEPT_ID,EMAIL,MOBILE,OFFICE_PHONE,HOME_PHONE,FAX,LOCATION_ID,HOME_ADDRESS,OFFICE_ADDRESS,LAST_UPDATED_BY,LAST_UPDATED_AT,CREATED_BY,CREATED_AT,TITLE,ID,MGR_NAME,DEPT_NAME,EXPIRED) values ('lin','l','宁','李','男',null,'11','hplining@sina.com','13023254945','61769226',null,null,'LOC-1',null,'丽园路207',null,null,null,null,null,'266','李宁','信息技术部','N');
Insert into OA.EMPLOYEES (USER_NAME,PASSWORD,FIRST_NAME,LAST_NAME,GENDER,MGR_ID,DEPT_ID,EMAIL,MOBILE,OFFICE_PHONE,HOME_PHONE,FAX,LOCATION_ID,HOME_ADDRESS,OFFICE_ADDRESS,LAST_UPDATED_BY,LAST_UPDATED_AT,CREATED_BY,CREATED_AT,TITLE,ID,MGR_NAME,DEPT_NAME,EXPIRED) values ('wuxm','wuxm','幸敏','吴','男',null,'11','wuxn@citiz.net','13701831592','60130147',null,null,'LOC-2',null,'自忠路1-204',null,null,null,null,null,'267','李宁','信息技术部','N');
Insert into OA.EMPLOYEES (USER_NAME,PASSWORD,FIRST_NAME,LAST_NAME,GENDER,MGR_ID,DEPT_ID,EMAIL,MOBILE,OFFICE_PHONE,HOME_PHONE,FAX,LOCATION_ID,HOME_ADDRESS,OFFICE_ADDRESS,LAST_UPDATED_BY,LAST_UPDATED_AT,CREATED_BY,CREATED_AT,TITLE,ID,MGR_NAME,DEPT_NAME,EXPIRED) values ('ganzw','Jyxy@110','仲巍','甘','男',null,'11','ganzhongwei119@163.com','15800388869','60130215',null,null,'LOC-2',null,'自忠路1-204',null,null,null,null,null,'268','李宁','信息技术部','N');
Insert into OA.EMPLOYEES (USER_NAME,PASSWORD,FIRST_NAME,LAST_NAME,GENDER,MGR_ID,DEPT_ID,EMAIL,MOBILE,OFFICE_PHONE,HOME_PHONE,FAX,LOCATION_ID,HOME_ADDRESS,OFFICE_ADDRESS,LAST_UPDATED_BY,LAST_UPDATED_AT,CREATED_BY,CREATED_AT,TITLE,ID,MGR_NAME,DEPT_NAME,EXPIRED) values ('chengq','welcome1','功强','陈','男',null,'11','chengongqiang@jyxy.lwedu.sh.cn','13311660482','60130118',null,null,'LOC-2',null,'自忠路1-204',null,null,null,null,null,'269','李宁','信息技术部','N');
Insert into OA.EMPLOYEES (USER_NAME,PASSWORD,FIRST_NAME,LAST_NAME,GENDER,MGR_ID,DEPT_ID,EMAIL,MOBILE,OFFICE_PHONE,HOME_PHONE,FAX,LOCATION_ID,HOME_ADDRESS,OFFICE_ADDRESS,LAST_UPDATED_BY,LAST_UPDATED_AT,CREATED_BY,CREATED_AT,TITLE,ID,MGR_NAME,DEPT_NAME,EXPIRED) values ('huangxm','h','新民','黄','女',null,'11',null,'13816380485','60130137',null,null,'LOC-2',null,'自忠路1-204',null,null,null,null,null,'270','李宁','信息技术部','N');
Insert into OA.EMPLOYEES (USER_NAME,PASSWORD,FIRST_NAME,LAST_NAME,GENDER,MGR_ID,DEPT_ID,EMAIL,MOBILE,OFFICE_PHONE,HOME_PHONE,FAX,LOCATION_ID,HOME_ADDRESS,OFFICE_ADDRESS,LAST_UPDATED_BY,LAST_UPDATED_AT,CREATED_BY,CREATED_AT,TITLE,ID,MGR_NAME,DEPT_NAME,EXPIRED) values ('shengj','shengj','杰','盛','男',null,'11',null,'18901682238','60130148',null,null,'LOC-2',null,'自忠路1-204',null,null,null,null,null,'271','李宁','信息技术部','N');
Insert into OA.EMPLOYEES (USER_NAME,PASSWORD,FIRST_NAME,LAST_NAME,GENDER,MGR_ID,DEPT_ID,EMAIL,MOBILE,OFFICE_PHONE,HOME_PHONE,FAX,LOCATION_ID,HOME_ADDRESS,OFFICE_ADDRESS,LAST_UPDATED_BY,LAST_UPDATED_AT,CREATED_BY,CREATED_AT,TITLE,ID,MGR_NAME,DEPT_NAME,EXPIRED) values ('liuyz','welcome1','一中','刘','男',null,'11',null,'13564610262','60130119',null,null,'LOC-2',null,'自忠路2号楼多功能室',null,null,null,null,null,'272','李宁','信息技术部','N');
Insert into OA.EMPLOYEES (USER_NAME,PASSWORD,FIRST_NAME,LAST_NAME,GENDER,MGR_ID,DEPT_ID,EMAIL,MOBILE,OFFICE_PHONE,HOME_PHONE,FAX,LOCATION_ID,HOME_ADDRESS,OFFICE_ADDRESS,LAST_UPDATED_BY,LAST_UPDATED_AT,CREATED_BY,CREATED_AT,TITLE,ID,MGR_NAME,DEPT_NAME,EXPIRED) values ('dongsr','zzl455h1205','首人','董','男',null,'11','dongshouren@jyxy.lwedu.sh.cn','13918876483','60130127',null,null,'LOC-2',null,'自忠路1-204',null,null,null,null,null,'273','李宁','信息技术部','N');
Insert into OA.EMPLOYEES (USER_NAME,PASSWORD,FIRST_NAME,LAST_NAME,GENDER,MGR_ID,DEPT_ID,EMAIL,MOBILE,OFFICE_PHONE,HOME_PHONE,FAX,LOCATION_ID,HOME_ADDRESS,OFFICE_ADDRESS,LAST_UPDATED_BY,LAST_UPDATED_AT,CREATED_BY,CREATED_AT,TITLE,ID,MGR_NAME,DEPT_NAME,EXPIRED) values ('zhuzy','welcome1','震远','朱','男',null,'11','zyzhu402@vip.163.com','13816267661','60130155',null,null,'LOC-2',null,'自忠路1-104',null,null,null,null,null,'274','李宁','信息技术部','N');
Insert into OA.EMPLOYEES (USER_NAME,PASSWORD,FIRST_NAME,LAST_NAME,GENDER,MGR_ID,DEPT_ID,EMAIL,MOBILE,OFFICE_PHONE,HOME_PHONE,FAX,LOCATION_ID,HOME_ADDRESS,OFFICE_ADDRESS,LAST_UPDATED_BY,LAST_UPDATED_AT,CREATED_BY,CREATED_AT,TITLE,ID,MGR_NAME,DEPT_NAME,EXPIRED) values ('chengym','welcome1','雨明','程','男',null,'11',null,'13917337839','61769278',null,null,'LOC-1',null,'丽园路307',null,null,null,null,null,'275','李宁','信息技术部','N');
Insert into OA.EMPLOYEES (USER_NAME,PASSWORD,FIRST_NAME,LAST_NAME,GENDER,MGR_ID,DEPT_ID,EMAIL,MOBILE,OFFICE_PHONE,HOME_PHONE,FAX,LOCATION_ID,HOME_ADDRESS,OFFICE_ADDRESS,LAST_UPDATED_BY,LAST_UPDATED_AT,CREATED_BY,CREATED_AT,TITLE,ID,MGR_NAME,DEPT_NAME,EXPIRED) values ('bianxq','1969621','学群','边','女',null,'11',null,'13918506219','60130101',null,null,'LOC-2',null,'自忠路2-107',null,null,null,null,null,'276','李宁','信息技术部','N');
Insert into OA.EMPLOYEES (USER_NAME,PASSWORD,FIRST_NAME,LAST_NAME,GENDER,MGR_ID,DEPT_ID,EMAIL,MOBILE,OFFICE_PHONE,HOME_PHONE,FAX,LOCATION_ID,HOME_ADDRESS,OFFICE_ADDRESS,LAST_UPDATED_BY,LAST_UPDATED_AT,CREATED_BY,CREATED_AT,TITLE,ID,MGR_NAME,DEPT_NAME,EXPIRED) values ('qianzy','welcome1','芝漪','钱','女',null,'11',null,null,'61769268',null,null,'LOC-1',null,'丽园路306',null,null,null,null,null,'277','李宁','信息技术部','N');
Insert into OA.EMPLOYEES (USER_NAME,PASSWORD,FIRST_NAME,LAST_NAME,GENDER,MGR_ID,DEPT_ID,EMAIL,MOBILE,OFFICE_PHONE,HOME_PHONE,FAX,LOCATION_ID,HOME_ADDRESS,OFFICE_ADDRESS,LAST_UPDATED_BY,LAST_UPDATED_AT,CREATED_BY,CREATED_AT,TITLE,ID,MGR_NAME,DEPT_NAME,EXPIRED) values ('jinb','jin','彪','金','男',null,'11',null,'13764584750','61769273',null,null,'LOC-1',null,'丽园路207',null,null,null,null,null,'278','李宁','信息技术部','N');
Insert into OA.EMPLOYEES (USER_NAME,PASSWORD,FIRST_NAME,LAST_NAME,GENDER,MGR_ID,DEPT_ID,EMAIL,MOBILE,OFFICE_PHONE,HOME_PHONE,FAX,LOCATION_ID,HOME_ADDRESS,OFFICE_ADDRESS,LAST_UPDATED_BY,LAST_UPDATED_AT,CREATED_BY,CREATED_AT,TITLE,ID,MGR_NAME,DEPT_NAME,EXPIRED) values ('weiym','82998299','玉梅','魏','女',null,'12','13621703663@163.com','13621703663','61769299',null,null,'LOC-1',null,'丽园路509',null,null,null,null,null,'279','魏玉梅','院务办公室','N');
Insert into OA.EMPLOYEES (USER_NAME,PASSWORD,FIRST_NAME,LAST_NAME,GENDER,MGR_ID,DEPT_ID,EMAIL,MOBILE,OFFICE_PHONE,HOME_PHONE,FAX,LOCATION_ID,HOME_ADDRESS,OFFICE_ADDRESS,LAST_UPDATED_BY,LAST_UPDATED_AT,CREATED_BY,CREATED_AT,TITLE,ID,MGR_NAME,DEPT_NAME,EXPIRED) values ('yuj','welcome1','靖','俞','女',null,'12','zyw690924zyw@163.com','13636620353','60130166',null,null,'LOC-2',null,'自忠路3-404',null,null,null,null,null,'280','魏玉梅','院务办公室','N');
Insert into OA.EMPLOYEES (USER_NAME,PASSWORD,FIRST_NAME,LAST_NAME,GENDER,MGR_ID,DEPT_ID,EMAIL,MOBILE,OFFICE_PHONE,HOME_PHONE,FAX,LOCATION_ID,HOME_ADDRESS,OFFICE_ADDRESS,LAST_UPDATED_BY,LAST_UPDATED_AT,CREATED_BY,CREATED_AT,TITLE,ID,MGR_NAME,DEPT_NAME,EXPIRED) values ('zhengcj','681003','潮静','郑','女',null,'12','13801758995@163.com','13801758995','60130123',null,null,'LOC-2',null,'自忠路3-407',null,null,null,null,null,'281','魏玉梅','院务办公室','N');
Insert into OA.EMPLOYEES (USER_NAME,PASSWORD,FIRST_NAME,LAST_NAME,GENDER,MGR_ID,DEPT_ID,EMAIL,MOBILE,OFFICE_PHONE,HOME_PHONE,FAX,LOCATION_ID,HOME_ADDRESS,OFFICE_ADDRESS,LAST_UPDATED_BY,LAST_UPDATED_AT,CREATED_BY,CREATED_AT,TITLE,ID,MGR_NAME,DEPT_NAME,EXPIRED) values ('luzl','455478','臻里','陆','女',null,'12','13817761081@163.com','13817761081','60130191',null,null,'LOC-2',null,'自忠路3-404',null,null,null,null,null,'282','魏玉梅','院务办公室','N');
Insert into OA.EMPLOYEES (USER_NAME,PASSWORD,FIRST_NAME,LAST_NAME,GENDER,MGR_ID,DEPT_ID,EMAIL,MOBILE,OFFICE_PHONE,HOME_PHONE,FAX,LOCATION_ID,HOME_ADDRESS,OFFICE_ADDRESS,LAST_UPDATED_BY,LAST_UPDATED_AT,CREATED_BY,CREATED_AT,TITLE,ID,MGR_NAME,DEPT_NAME,EXPIRED) values ('zhangyl','weareone','旖琳','张','女',null,'12',null,'13681863083','61769277',null,null,'LOC-1',null,'丽园路509',null,null,null,null,null,'283','魏玉梅','院务办公室','N');
Insert into OA.EMPLOYEES (USER_NAME,PASSWORD,FIRST_NAME,LAST_NAME,GENDER,MGR_ID,DEPT_ID,EMAIL,MOBILE,OFFICE_PHONE,HOME_PHONE,FAX,LOCATION_ID,HOME_ADDRESS,OFFICE_ADDRESS,LAST_UPDATED_BY,LAST_UPDATED_AT,CREATED_BY,CREATED_AT,TITLE,ID,MGR_NAME,DEPT_NAME,EXPIRED) values ('zhengl','920212','理','郑','女',null,'12',null,'13671754907','60130196',null,null,'LOC-2',null,'自忠路3-407',null,null,null,null,null,'284','魏玉梅','院务办公室','N');
Insert into OA.EMPLOYEES (USER_NAME,PASSWORD,FIRST_NAME,LAST_NAME,GENDER,MGR_ID,DEPT_ID,EMAIL,MOBILE,OFFICE_PHONE,HOME_PHONE,FAX,LOCATION_ID,HOME_ADDRESS,OFFICE_ADDRESS,LAST_UPDATED_BY,LAST_UPDATED_AT,CREATED_BY,CREATED_AT,TITLE,ID,MGR_NAME,DEPT_NAME,EXPIRED) values ('gaocw','123456','重文','高','女',null,'12',null,'13061760288','61769266',null,null,'LOC-1',null,'丽园路509',null,null,null,null,null,'285','魏玉梅','院务办公室','N');
Insert into OA.EMPLOYEES (USER_NAME,PASSWORD,FIRST_NAME,LAST_NAME,GENDER,MGR_ID,DEPT_ID,EMAIL,MOBILE,OFFICE_PHONE,HOME_PHONE,FAX,LOCATION_ID,HOME_ADDRESS,OFFICE_ADDRESS,LAST_UPDATED_BY,LAST_UPDATED_AT,CREATED_BY,CREATED_AT,TITLE,ID,MGR_NAME,DEPT_NAME,EXPIRED) values ('gaogp','welcome1','广萍','高','女',null,'12',null,null,'61769267',null,null,'LOC-1',null,'丽园路213',null,null,null,null,null,'286','魏玉梅','院务办公室','N');
Insert into OA.EMPLOYEES (USER_NAME,PASSWORD,FIRST_NAME,LAST_NAME,GENDER,MGR_ID,DEPT_ID,EMAIL,MOBILE,OFFICE_PHONE,HOME_PHONE,FAX,LOCATION_ID,HOME_ADDRESS,OFFICE_ADDRESS,LAST_UPDATED_BY,LAST_UPDATED_AT,CREATED_BY,CREATED_AT,TITLE,ID,MGR_NAME,DEPT_NAME,EXPIRED) values ('luyx','welcome1','懿香','陆','女',null,'13','luyixiang@hpe.cn','13651671505','61769222',null,null,'LOC-1',null,'丽园路508',null,null,null,null,null,'287','陆懿香','人事室','N');
Insert into OA.EMPLOYEES (USER_NAME,PASSWORD,FIRST_NAME,LAST_NAME,GENDER,MGR_ID,DEPT_ID,EMAIL,MOBILE,OFFICE_PHONE,HOME_PHONE,FAX,LOCATION_ID,HOME_ADDRESS,OFFICE_ADDRESS,LAST_UPDATED_BY,LAST_UPDATED_AT,CREATED_BY,CREATED_AT,TITLE,ID,MGR_NAME,DEPT_NAME,EXPIRED) values ('caoy','welcome1','筠','曹','女',null,'13',null,'13621975261','61769357',null,null,'LOC-1',null,'丽园路206',null,null,null,null,null,'288','陆懿香','人事室','N');
Insert into OA.EMPLOYEES (USER_NAME,PASSWORD,FIRST_NAME,LAST_NAME,GENDER,MGR_ID,DEPT_ID,EMAIL,MOBILE,OFFICE_PHONE,HOME_PHONE,FAX,LOCATION_ID,HOME_ADDRESS,OFFICE_ADDRESS,LAST_UPDATED_BY,LAST_UPDATED_AT,CREATED_BY,CREATED_AT,TITLE,ID,MGR_NAME,DEPT_NAME,EXPIRED) values ('guojy','welcome1','健颖','郭','女',null,'13',null,'13524911332','61769356',null,null,'LOC-1',null,'丽园路206',null,null,null,null,null,'289','陆懿香','人事室','N');
Insert into OA.EMPLOYEES (USER_NAME,PASSWORD,FIRST_NAME,LAST_NAME,GENDER,MGR_ID,DEPT_ID,EMAIL,MOBILE,OFFICE_PHONE,HOME_PHONE,FAX,LOCATION_ID,HOME_ADDRESS,OFFICE_ADDRESS,LAST_UPDATED_BY,LAST_UPDATED_AT,CREATED_BY,CREATED_AT,TITLE,ID,MGR_NAME,DEPT_NAME,EXPIRED) values ('jiaowy','welcome1','文燕','焦','女',null,'13',null,'13701721066','60130163',null,null,'LOC-2',null,'自忠路3-506',null,null,null,null,null,'290','陆懿香','人事室','N');
Insert into OA.EMPLOYEES (USER_NAME,PASSWORD,FIRST_NAME,LAST_NAME,GENDER,MGR_ID,DEPT_ID,EMAIL,MOBILE,OFFICE_PHONE,HOME_PHONE,FAX,LOCATION_ID,HOME_ADDRESS,OFFICE_ADDRESS,LAST_UPDATED_BY,LAST_UPDATED_AT,CREATED_BY,CREATED_AT,TITLE,ID,MGR_NAME,DEPT_NAME,EXPIRED) values ('zhangzk','ggg','增康','张','男',null,'14','13801916875@139.cm','13801916875','61769358',null,null,'LOC-1',null,'丽园路204',null,null,null,null,null,'291','张增康','总务处','N');
Insert into OA.EMPLOYEES (USER_NAME,PASSWORD,FIRST_NAME,LAST_NAME,GENDER,MGR_ID,DEPT_ID,EMAIL,MOBILE,OFFICE_PHONE,HOME_PHONE,FAX,LOCATION_ID,HOME_ADDRESS,OFFICE_ADDRESS,LAST_UPDATED_BY,LAST_UPDATED_AT,CREATED_BY,CREATED_AT,TITLE,ID,MGR_NAME,DEPT_NAME,EXPIRED) values ('wangxm','welcome1','锡明','王','男',null,'14',null,'13801935713','61769318',null,null,'LOC-1',null,'丽园路204',null,null,null,null,null,'292','张增康','总务处','N');
Insert into OA.EMPLOYEES (USER_NAME,PASSWORD,FIRST_NAME,LAST_NAME,GENDER,MGR_ID,DEPT_ID,EMAIL,MOBILE,OFFICE_PHONE,HOME_PHONE,FAX,LOCATION_ID,HOME_ADDRESS,OFFICE_ADDRESS,LAST_UPDATED_BY,LAST_UPDATED_AT,CREATED_BY,CREATED_AT,TITLE,ID,MGR_NAME,DEPT_NAME,EXPIRED) values ('chaim','111111','明','柴','男',null,'14',null,'13917477005','60130108',null,null,'LOC-2',null,'自忠路2-102',null,null,null,null,null,'293','张增康','总务处','N');
Insert into OA.EMPLOYEES (USER_NAME,PASSWORD,FIRST_NAME,LAST_NAME,GENDER,MGR_ID,DEPT_ID,EMAIL,MOBILE,OFFICE_PHONE,HOME_PHONE,FAX,LOCATION_ID,HOME_ADDRESS,OFFICE_ADDRESS,LAST_UPDATED_BY,LAST_UPDATED_AT,CREATED_BY,CREATED_AT,TITLE,ID,MGR_NAME,DEPT_NAME,EXPIRED) values ('chendy','welcome1','德煜','陈','男',null,'14',null,'13917613621','61769360',null,null,'LOC-1',null,'丽园路传达室',null,null,null,null,null,'294','张增康','总务处','N');
Insert into OA.EMPLOYEES (USER_NAME,PASSWORD,FIRST_NAME,LAST_NAME,GENDER,MGR_ID,DEPT_ID,EMAIL,MOBILE,OFFICE_PHONE,HOME_PHONE,FAX,LOCATION_ID,HOME_ADDRESS,OFFICE_ADDRESS,LAST_UPDATED_BY,LAST_UPDATED_AT,CREATED_BY,CREATED_AT,TITLE,ID,MGR_NAME,DEPT_NAME,EXPIRED) values ('xiangqs','6659','庆生','项','男',null,'14',null,'15026610358','61769262',null,null,'LOC-1',null,'丽园路205',null,null,null,null,null,'295','张增康','总务处','N');
Insert into OA.EMPLOYEES (USER_NAME,PASSWORD,FIRST_NAME,LAST_NAME,GENDER,MGR_ID,DEPT_ID,EMAIL,MOBILE,OFFICE_PHONE,HOME_PHONE,FAX,LOCATION_ID,HOME_ADDRESS,OFFICE_ADDRESS,LAST_UPDATED_BY,LAST_UPDATED_AT,CREATED_BY,CREATED_AT,TITLE,ID,MGR_NAME,DEPT_NAME,EXPIRED) values ('zhoufq','welcome1','福歧','周','男',null,'14',null,'15821155680','60130122',null,null,'LOC-2',null,'自忠路3-103',null,null,null,null,null,'296','张增康','总务处','N');
Insert into OA.EMPLOYEES (USER_NAME,PASSWORD,FIRST_NAME,LAST_NAME,GENDER,MGR_ID,DEPT_ID,EMAIL,MOBILE,OFFICE_PHONE,HOME_PHONE,FAX,LOCATION_ID,HOME_ADDRESS,OFFICE_ADDRESS,LAST_UPDATED_BY,LAST_UPDATED_AT,CREATED_BY,CREATED_AT,TITLE,ID,MGR_NAME,DEPT_NAME,EXPIRED) values ('zhuhd','123456','汉东','朱','男',null,'14',null,'13361818725','61769261',null,null,'LOC-1',null,'丽园路205',null,null,null,null,null,'297','张增康','总务处','N');
Insert into OA.EMPLOYEES (USER_NAME,PASSWORD,FIRST_NAME,LAST_NAME,GENDER,MGR_ID,DEPT_ID,EMAIL,MOBILE,OFFICE_PHONE,HOME_PHONE,FAX,LOCATION_ID,HOME_ADDRESS,OFFICE_ADDRESS,LAST_UPDATED_BY,LAST_UPDATED_AT,CREATED_BY,CREATED_AT,TITLE,ID,MGR_NAME,DEPT_NAME,EXPIRED) values ('zhansl','6659','盛林','詹','男',null,'14',null,'13671588241','61769263',null,null,'LOC-1',null,'丽园路205',null,null,null,null,null,'298','张增康','总务处','N');
Insert into OA.EMPLOYEES (USER_NAME,PASSWORD,FIRST_NAME,LAST_NAME,GENDER,MGR_ID,DEPT_ID,EMAIL,MOBILE,OFFICE_PHONE,HOME_PHONE,FAX,LOCATION_ID,HOME_ADDRESS,OFFICE_ADDRESS,LAST_UPDATED_BY,LAST_UPDATED_AT,CREATED_BY,CREATED_AT,TITLE,ID,MGR_NAME,DEPT_NAME,EXPIRED) values ('wuxb','welcome1','小豹','吴','男',null,'14',null,'13818789318','60130169',null,null,'LOC-2',null,'自忠路2-106',null,null,null,null,null,'299','张增康','总务处','N');
Insert into OA.EMPLOYEES (USER_NAME,PASSWORD,FIRST_NAME,LAST_NAME,GENDER,MGR_ID,DEPT_ID,EMAIL,MOBILE,OFFICE_PHONE,HOME_PHONE,FAX,LOCATION_ID,HOME_ADDRESS,OFFICE_ADDRESS,LAST_UPDATED_BY,LAST_UPDATED_AT,CREATED_BY,CREATED_AT,TITLE,ID,MGR_NAME,DEPT_NAME,EXPIRED) values ('zhangsy','welcome1','士彦','章','男',null,'14',null,'13816987315','60130208',null,null,'LOC-2',null,'自忠路2-105',null,null,null,null,null,'300','张增康','总务处','N');
Insert into OA.EMPLOYEES (USER_NAME,PASSWORD,FIRST_NAME,LAST_NAME,GENDER,MGR_ID,DEPT_ID,EMAIL,MOBILE,OFFICE_PHONE,HOME_PHONE,FAX,LOCATION_ID,HOME_ADDRESS,OFFICE_ADDRESS,LAST_UPDATED_BY,LAST_UPDATED_AT,CREATED_BY,CREATED_AT,TITLE,ID,MGR_NAME,DEPT_NAME,EXPIRED) values ('huangxl','welcome1','晓林','黄','女',null,'14','13817874990@163.com','13817874990','61769379',null,null,'LOC-1',null,'丽园路203',null,null,null,null,null,'301','张增康','总务处','N');
Insert into OA.EMPLOYEES (USER_NAME,PASSWORD,FIRST_NAME,LAST_NAME,GENDER,MGR_ID,DEPT_ID,EMAIL,MOBILE,OFFICE_PHONE,HOME_PHONE,FAX,LOCATION_ID,HOME_ADDRESS,OFFICE_ADDRESS,LAST_UPDATED_BY,LAST_UPDATED_AT,CREATED_BY,CREATED_AT,TITLE,ID,MGR_NAME,DEPT_NAME,EXPIRED) values ('muxh','6659','小虎','穆','男',null,'14',null,'13671936659','61769265',null,null,'LOC-1',null,'丽园路205',null,null,null,null,null,'302','张增康','总务处','N');
Insert into OA.EMPLOYEES (USER_NAME,PASSWORD,FIRST_NAME,LAST_NAME,GENDER,MGR_ID,DEPT_ID,EMAIL,MOBILE,OFFICE_PHONE,HOME_PHONE,FAX,LOCATION_ID,HOME_ADDRESS,OFFICE_ADDRESS,LAST_UPDATED_BY,LAST_UPDATED_AT,CREATED_BY,CREATED_AT,TITLE,ID,MGR_NAME,DEPT_NAME,EXPIRED) values ('chenxp','welcome1','学平','陈','女',null,'14',null,'13701813138',null,null,null,null,null,null,null,null,null,null,null,'303','张增康','总务处','N');
Insert into OA.EMPLOYEES (USER_NAME,PASSWORD,FIRST_NAME,LAST_NAME,GENDER,MGR_ID,DEPT_ID,EMAIL,MOBILE,OFFICE_PHONE,HOME_PHONE,FAX,LOCATION_ID,HOME_ADDRESS,OFFICE_ADDRESS,LAST_UPDATED_BY,LAST_UPDATED_AT,CREATED_BY,CREATED_AT,TITLE,ID,MGR_NAME,DEPT_NAME,EXPIRED) values ('miulj','6404','连江','缪','男',null,'14',null,'18918551121','61769355',null,null,'LOC-1',null,'丽园路202',null,null,null,null,null,'304','张增康','总务处','N');
Insert into OA.EMPLOYEES (USER_NAME,PASSWORD,FIRST_NAME,LAST_NAME,GENDER,MGR_ID,DEPT_ID,EMAIL,MOBILE,OFFICE_PHONE,HOME_PHONE,FAX,LOCATION_ID,HOME_ADDRESS,OFFICE_ADDRESS,LAST_UPDATED_BY,LAST_UPDATED_AT,CREATED_BY,CREATED_AT,TITLE,ID,MGR_NAME,DEPT_NAME,EXPIRED) values ('zhuwh','welcome1','文晖','朱','男',null,'14',null,'13611796757','60130193',null,null,'LOC-2',null,'自忠路2-110',null,null,null,null,null,'305','张增康','总务处','N');
Insert into OA.EMPLOYEES (USER_NAME,PASSWORD,FIRST_NAME,LAST_NAME,GENDER,MGR_ID,DEPT_ID,EMAIL,MOBILE,OFFICE_PHONE,HOME_PHONE,FAX,LOCATION_ID,HOME_ADDRESS,OFFICE_ADDRESS,LAST_UPDATED_BY,LAST_UPDATED_AT,CREATED_BY,CREATED_AT,TITLE,ID,MGR_NAME,DEPT_NAME,EXPIRED) values ('fanhq','welcome1','慧倩','范','女',null,'14','fanhuiqian@126.com','13818901334','60130188',null,null,'LOC-2',null,'自忠路2-103',null,null,null,null,null,'306','张增康','总务处','N');
Insert into OA.EMPLOYEES (USER_NAME,PASSWORD,FIRST_NAME,LAST_NAME,GENDER,MGR_ID,DEPT_ID,EMAIL,MOBILE,OFFICE_PHONE,HOME_PHONE,FAX,LOCATION_ID,HOME_ADDRESS,OFFICE_ADDRESS,LAST_UPDATED_BY,LAST_UPDATED_AT,CREATED_BY,CREATED_AT,TITLE,ID,MGR_NAME,DEPT_NAME,EXPIRED) values ('majq','welcome1','家琦','马','男',null,'14',null,'18930497187','60130173',null,null,'LOC-2',null,'自忠路3-103',null,null,null,null,null,'307','张增康','总务处','N');
Insert into OA.EMPLOYEES (USER_NAME,PASSWORD,FIRST_NAME,LAST_NAME,GENDER,MGR_ID,DEPT_ID,EMAIL,MOBILE,OFFICE_PHONE,HOME_PHONE,FAX,LOCATION_ID,HOME_ADDRESS,OFFICE_ADDRESS,LAST_UPDATED_BY,LAST_UPDATED_AT,CREATED_BY,CREATED_AT,TITLE,ID,MGR_NAME,DEPT_NAME,EXPIRED) values ('yanming','welcome1','明','严','男',null,'15','shyanming@vip.sina.com','13764506165','61769306',null,null,'LOC-1',null,'丽园路401',null,null,null,null,null,'308','严明','监测中心','N');
Insert into OA.EMPLOYEES (USER_NAME,PASSWORD,FIRST_NAME,LAST_NAME,GENDER,MGR_ID,DEPT_ID,EMAIL,MOBILE,OFFICE_PHONE,HOME_PHONE,FAX,LOCATION_ID,HOME_ADDRESS,OFFICE_ADDRESS,LAST_UPDATED_BY,LAST_UPDATED_AT,CREATED_BY,CREATED_AT,TITLE,ID,MGR_NAME,DEPT_NAME,EXPIRED) values ('chenl','welcome1','磊','陈','男',null,'15',null,'13402006302','61769313',null,null,'LOC-1',null,'丽园路401',null,null,null,null,null,'309','严明','监测中心','N');
Insert into OA.EMPLOYEES (USER_NAME,PASSWORD,FIRST_NAME,LAST_NAME,GENDER,MGR_ID,DEPT_ID,EMAIL,MOBILE,OFFICE_PHONE,HOME_PHONE,FAX,LOCATION_ID,HOME_ADDRESS,OFFICE_ADDRESS,LAST_UPDATED_BY,LAST_UPDATED_AT,CREATED_BY,CREATED_AT,TITLE,ID,MGR_NAME,DEPT_NAME,EXPIRED) values ('xuqh','ysy3205','庆惠','徐','女',null,'15','xqhsarah@yahoo.com.cn','13917702432','61769309',null,null,'LOC-1',null,'丽园路401',null,null,null,null,null,'310','严明','监测中心','N');
Insert into OA.EMPLOYEES (USER_NAME,PASSWORD,FIRST_NAME,LAST_NAME,GENDER,MGR_ID,DEPT_ID,EMAIL,MOBILE,OFFICE_PHONE,HOME_PHONE,FAX,LOCATION_ID,HOME_ADDRESS,OFFICE_ADDRESS,LAST_UPDATED_BY,LAST_UPDATED_AT,CREATED_BY,CREATED_AT,TITLE,ID,MGR_NAME,DEPT_NAME,EXPIRED) values ('yeq','welcome1','青','叶','男',null,'15','feige_yq@hpe.cn','13621769397','61769236',null,null,'LOC-1',null,'丽园路401',null,null,null,null,null,'311','严明','监测中心','N');
Insert into OA.EMPLOYEES (USER_NAME,PASSWORD,FIRST_NAME,LAST_NAME,GENDER,MGR_ID,DEPT_ID,EMAIL,MOBILE,OFFICE_PHONE,HOME_PHONE,FAX,LOCATION_ID,HOME_ADDRESS,OFFICE_ADDRESS,LAST_UPDATED_BY,LAST_UPDATED_AT,CREATED_BY,CREATED_AT,TITLE,ID,MGR_NAME,DEPT_NAME,EXPIRED) values ('chenxh','196343','霞红','陈','女',null,'16','chenxiahong@139.com','13918299212','60130112',null,null,'LOC-2',null,'自忠路3-504',null,null,null,null,null,'312','陈霞红','国交中心','N');
Insert into OA.EMPLOYEES (USER_NAME,PASSWORD,FIRST_NAME,LAST_NAME,GENDER,MGR_ID,DEPT_ID,EMAIL,MOBILE,OFFICE_PHONE,HOME_PHONE,FAX,LOCATION_ID,HOME_ADDRESS,OFFICE_ADDRESS,LAST_UPDATED_BY,LAST_UPDATED_AT,CREATED_BY,CREATED_AT,TITLE,ID,MGR_NAME,DEPT_NAME,EXPIRED) values ('slwlj2002','welcome1','凌珏','王','女',null,'16','slwlj2002@hotmail.com','13501850027','60130162',null,null,'LOC-2',null,'自忠路3-504',null,null,null,null,null,'313','陈霞红','国交中心','N');
Insert into OA.EMPLOYEES (USER_NAME,PASSWORD,FIRST_NAME,LAST_NAME,GENDER,MGR_ID,DEPT_ID,EMAIL,MOBILE,OFFICE_PHONE,HOME_PHONE,FAX,LOCATION_ID,HOME_ADDRESS,OFFICE_ADDRESS,LAST_UPDATED_BY,LAST_UPDATED_AT,CREATED_BY,CREATED_AT,TITLE,ID,MGR_NAME,DEPT_NAME,EXPIRED) values ('wangf','welcome1','菲','王','女',null,'16','lemonwangfei@163.com','13636610559','60130138',null,null,'LOC-2',null,'自忠路3-504',null,null,null,null,null,'314','陈霞红','国交中心','N');
Insert into OA.EMPLOYEES (USER_NAME,PASSWORD,FIRST_NAME,LAST_NAME,GENDER,MGR_ID,DEPT_ID,EMAIL,MOBILE,OFFICE_PHONE,HOME_PHONE,FAX,LOCATION_ID,HOME_ADDRESS,OFFICE_ADDRESS,LAST_UPDATED_BY,LAST_UPDATED_AT,CREATED_BY,CREATED_AT,TITLE,ID,MGR_NAME,DEPT_NAME,EXPIRED) values ('xuy','welcome1','颖','许','女',null,'16',null,'13621768900','60130139',null,null,'LOC-2',null,'自忠路3-504',null,null,null,null,null,'315','陈霞红','国交中心','N');
Insert into OA.EMPLOYEES (USER_NAME,PASSWORD,FIRST_NAME,LAST_NAME,GENDER,MGR_ID,DEPT_ID,EMAIL,MOBILE,OFFICE_PHONE,HOME_PHONE,FAX,LOCATION_ID,HOME_ADDRESS,OFFICE_ADDRESS,LAST_UPDATED_BY,LAST_UPDATED_AT,CREATED_BY,CREATED_AT,TITLE,ID,MGR_NAME,DEPT_NAME,EXPIRED) values ('chenfl','750432','福林','陈','男',null,'14',null,'13501630255',null,null,null,null,null,null,null,null,null,null,null,'316','张增康','总务处','N');
Insert into OA.EMPLOYEES (USER_NAME,PASSWORD,FIRST_NAME,LAST_NAME,GENDER,MGR_ID,DEPT_ID,EMAIL,MOBILE,OFFICE_PHONE,HOME_PHONE,FAX,LOCATION_ID,HOME_ADDRESS,OFFICE_ADDRESS,LAST_UPDATED_BY,LAST_UPDATED_AT,CREATED_BY,CREATED_AT,TITLE,ID,MGR_NAME,DEPT_NAME,EXPIRED) values ('administrator','Passw0rd','Admin','Admin','男',null,null,null,'18621910893',null,null,null,null,null,null,null,null,null,null,null,'501',null,null,'N');
Insert into OA.EMPLOYEES (USER_NAME,PASSWORD,FIRST_NAME,LAST_NAME,GENDER,MGR_ID,DEPT_ID,EMAIL,MOBILE,OFFICE_PHONE,HOME_PHONE,FAX,LOCATION_ID,HOME_ADDRESS,OFFICE_ADDRESS,LAST_UPDATED_BY,LAST_UPDATED_AT,CREATED_BY,CREATED_AT,TITLE,ID,MGR_NAME,DEPT_NAME,EXPIRED) values ('zhaoqk','welcome1','其坤','赵','男',null,'1','zhaoqikun@jyxy.lwedu.sh.cn','13701819679','63879323',null,null,'LOC-2',null,'自忠路3-401',null,null,null,null,null,'151','赵其坤','党总支','N');
Insert into OA.EMPLOYEES (USER_NAME,PASSWORD,FIRST_NAME,LAST_NAME,GENDER,MGR_ID,DEPT_ID,EMAIL,MOBILE,OFFICE_PHONE,HOME_PHONE,FAX,LOCATION_ID,HOME_ADDRESS,OFFICE_ADDRESS,LAST_UPDATED_BY,LAST_UPDATED_AT,CREATED_BY,CREATED_AT,TITLE,ID,MGR_NAME,DEPT_NAME,EXPIRED) values ('xixj','8','晓晶','奚','女',null,'2','xixiaojing1111@126.com','13916543333','61769333',null,null,'LOC-1',null,'丽园路501',null,null,null,null,null,'152','奚晓晶','院长室','N');
Insert into OA.EMPLOYEES (USER_NAME,PASSWORD,FIRST_NAME,LAST_NAME,GENDER,MGR_ID,DEPT_ID,EMAIL,MOBILE,OFFICE_PHONE,HOME_PHONE,FAX,LOCATION_ID,HOME_ADDRESS,OFFICE_ADDRESS,LAST_UPDATED_BY,LAST_UPDATED_AT,CREATED_BY,CREATED_AT,TITLE,ID,MGR_NAME,DEPT_NAME,EXPIRED) values ('panym','736353','裕民','潘','男',null,'2','panyumin@hpe.cn','13818111068','60130181',null,null,'LOC-2',null,'自忠路3-301',null,null,null,null,null,'153','奚晓晶','院长室','N');
Insert into OA.EMPLOYEES (USER_NAME,PASSWORD,FIRST_NAME,LAST_NAME,GENDER,MGR_ID,DEPT_ID,EMAIL,MOBILE,OFFICE_PHONE,HOME_PHONE,FAX,LOCATION_ID,HOME_ADDRESS,OFFICE_ADDRESS,LAST_UPDATED_BY,LAST_UPDATED_AT,CREATED_BY,CREATED_AT,TITLE,ID,MGR_NAME,DEPT_NAME,EXPIRED) values ('xingzh','welcome1','至晖','邢','男',null,'2','xing@hpe.cn','13501884177','61769366',null,null,'LOC-1',null,'丽园路504',null,null,null,null,null,'154','奚晓晶','院长室','N');
Insert into OA.EMPLOYEES (USER_NAME,PASSWORD,FIRST_NAME,LAST_NAME,GENDER,MGR_ID,DEPT_ID,EMAIL,MOBILE,OFFICE_PHONE,HOME_PHONE,FAX,LOCATION_ID,HOME_ADDRESS,OFFICE_ADDRESS,LAST_UPDATED_BY,LAST_UPDATED_AT,CREATED_BY,CREATED_AT,TITLE,ID,MGR_NAME,DEPT_NAME,EXPIRED) values ('zhousf','zhou1717','树发','周','男',null,'2',null,'18918968968','60130182',null,null,'LOC-2',null,'自忠路3-302',null,null,null,null,null,'155','奚晓晶','院长室','N');
Insert into OA.EMPLOYEES (USER_NAME,PASSWORD,FIRST_NAME,LAST_NAME,GENDER,MGR_ID,DEPT_ID,EMAIL,MOBILE,OFFICE_PHONE,HOME_PHONE,FAX,LOCATION_ID,HOME_ADDRESS,OFFICE_ADDRESS,LAST_UPDATED_BY,LAST_UPDATED_AT,CREATED_BY,CREATED_AT,TITLE,ID,MGR_NAME,DEPT_NAME,EXPIRED) values ('fengq','172431','强','冯','男',null,'2','xmfq2011@163.com','18018678177','61769276',null,null,'LOC-1',null,'丽园路504',null,null,null,null,null,'156','奚晓晶','院长室','N');
Insert into OA.EMPLOYEES (USER_NAME,PASSWORD,FIRST_NAME,LAST_NAME,GENDER,MGR_ID,DEPT_ID,EMAIL,MOBILE,OFFICE_PHONE,HOME_PHONE,FAX,LOCATION_ID,HOME_ADDRESS,OFFICE_ADDRESS,LAST_UPDATED_BY,LAST_UPDATED_AT,CREATED_BY,CREATED_AT,TITLE,ID,MGR_NAME,DEPT_NAME,EXPIRED) values ('lj11110','lj950928','峻','李','女',null,'2','lj11110@163.com','13671907501','60130186',null,null,'LOC-2',null,'自忠路3-303',null,null,null,null,null,'157','奚晓晶','院长室','N');
Insert into OA.EMPLOYEES (USER_NAME,PASSWORD,FIRST_NAME,LAST_NAME,GENDER,MGR_ID,DEPT_ID,EMAIL,MOBILE,OFFICE_PHONE,HOME_PHONE,FAX,LOCATION_ID,HOME_ADDRESS,OFFICE_ADDRESS,LAST_UPDATED_BY,LAST_UPDATED_AT,CREATED_BY,CREATED_AT,TITLE,ID,MGR_NAME,DEPT_NAME,EXPIRED) values ('chenzs','welcome1','兆施','陈','男',null,'3','2880czs@sina.com','13641767138','61769307',null,null,'LOC-1',null,'丽园路401',null,null,null,null,null,'158','邢至晖','中教研室','N');
Insert into OA.EMPLOYEES (USER_NAME,PASSWORD,FIRST_NAME,LAST_NAME,GENDER,MGR_ID,DEPT_ID,EMAIL,MOBILE,OFFICE_PHONE,HOME_PHONE,FAX,LOCATION_ID,HOME_ADDRESS,OFFICE_ADDRESS,LAST_UPDATED_BY,LAST_UPDATED_AT,CREATED_BY,CREATED_AT,TITLE,ID,MGR_NAME,DEPT_NAME,EXPIRED) values ('xiaxd','xxd8952','向东','夏','男',null,'3','xxd8952@163.com','15800857896','61769303',null,null,'LOC-1',null,'丽园路401',null,null,null,null,null,'159','邢至晖','中教研室','N');
Insert into OA.EMPLOYEES (USER_NAME,PASSWORD,FIRST_NAME,LAST_NAME,GENDER,MGR_ID,DEPT_ID,EMAIL,MOBILE,OFFICE_PHONE,HOME_PHONE,FAX,LOCATION_ID,HOME_ADDRESS,OFFICE_ADDRESS,LAST_UPDATED_BY,LAST_UPDATED_AT,CREATED_BY,CREATED_AT,TITLE,ID,MGR_NAME,DEPT_NAME,EXPIRED) values ('pingzw','welcome1','智炜','平','女',null,'3',null,'13916707042','61769302',null,null,'LOC-1',null,'丽园路401',null,null,null,null,null,'160','邢至晖','中教研室','N');
Insert into OA.EMPLOYEES (USER_NAME,PASSWORD,FIRST_NAME,LAST_NAME,GENDER,MGR_ID,DEPT_ID,EMAIL,MOBILE,OFFICE_PHONE,HOME_PHONE,FAX,LOCATION_ID,HOME_ADDRESS,OFFICE_ADDRESS,LAST_UPDATED_BY,LAST_UPDATED_AT,CREATED_BY,CREATED_AT,TITLE,ID,MGR_NAME,DEPT_NAME,EXPIRED) values ('guyp','welcome1','跃平','顾','男',null,'3','guyueping68420@sina.com','13661980204','61769305',null,null,'LOC-1',null,'丽园路401',null,null,null,null,null,'161','邢至晖','中教研室','N');
Insert into OA.EMPLOYEES (USER_NAME,PASSWORD,FIRST_NAME,LAST_NAME,GENDER,MGR_ID,DEPT_ID,EMAIL,MOBILE,OFFICE_PHONE,HOME_PHONE,FAX,LOCATION_ID,HOME_ADDRESS,OFFICE_ADDRESS,LAST_UPDATED_BY,LAST_UPDATED_AT,CREATED_BY,CREATED_AT,TITLE,ID,MGR_NAME,DEPT_NAME,EXPIRED) values ('pengwx','welcome1','万侠','彭','女',null,'3',null,'13681743938','61769370',null,null,'LOC-1',null,'丽园路408',null,null,null,null,null,'162','邢至晖','中教研室','N');
Insert into OA.EMPLOYEES (USER_NAME,PASSWORD,FIRST_NAME,LAST_NAME,GENDER,MGR_ID,DEPT_ID,EMAIL,MOBILE,OFFICE_PHONE,HOME_PHONE,FAX,LOCATION_ID,HOME_ADDRESS,OFFICE_ADDRESS,LAST_UPDATED_BY,LAST_UPDATED_AT,CREATED_BY,CREATED_AT,TITLE,ID,MGR_NAME,DEPT_NAME,EXPIRED) values ('yangy','welcome1','勇','杨','男',null,'3',null,'13611894686','61769371',null,null,'LOC-1',null,'丽园路408',null,null,null,null,null,'163','邢至晖','中教研室','N');
Insert into OA.EMPLOYEES (USER_NAME,PASSWORD,FIRST_NAME,LAST_NAME,GENDER,MGR_ID,DEPT_ID,EMAIL,MOBILE,OFFICE_PHONE,HOME_PHONE,FAX,LOCATION_ID,HOME_ADDRESS,OFFICE_ADDRESS,LAST_UPDATED_BY,LAST_UPDATED_AT,CREATED_BY,CREATED_AT,TITLE,ID,MGR_NAME,DEPT_NAME,EXPIRED) values ('xux','welcome1','侠','徐','男',null,'3','xuxia1@hpe.cn','13916921128','61769375',null,null,'LOC-1',null,'丽园路408',null,null,null,null,null,'164','邢至晖','中教研室','N');
Insert into OA.EMPLOYEES (USER_NAME,PASSWORD,FIRST_NAME,LAST_NAME,GENDER,MGR_ID,DEPT_ID,EMAIL,MOBILE,OFFICE_PHONE,HOME_PHONE,FAX,LOCATION_ID,HOME_ADDRESS,OFFICE_ADDRESS,LAST_UPDATED_BY,LAST_UPDATED_AT,CREATED_BY,CREATED_AT,TITLE,ID,MGR_NAME,DEPT_NAME,EXPIRED) values ('wuy','welcome1','勇','吴','男',null,'3',null,'13501817954','61769376',null,null,'LOC-1',null,'丽园路408',null,null,null,null,null,'165','邢至晖','中教研室','N');
Insert into OA.EMPLOYEES (USER_NAME,PASSWORD,FIRST_NAME,LAST_NAME,GENDER,MGR_ID,DEPT_ID,EMAIL,MOBILE,OFFICE_PHONE,HOME_PHONE,FAX,LOCATION_ID,HOME_ADDRESS,OFFICE_ADDRESS,LAST_UPDATED_BY,LAST_UPDATED_AT,CREATED_BY,CREATED_AT,TITLE,ID,MGR_NAME,DEPT_NAME,EXPIRED) values ('zhaow','welcome1','伟','赵','男',null,'3','zhaoweidata@hpe.cn','13386232772','61769308',null,null,'LOC-1',null,'丽园路403',null,null,null,null,null,'166','邢至晖','中教研室','N');
Insert into OA.EMPLOYEES (USER_NAME,PASSWORD,FIRST_NAME,LAST_NAME,GENDER,MGR_ID,DEPT_ID,EMAIL,MOBILE,OFFICE_PHONE,HOME_PHONE,FAX,LOCATION_ID,HOME_ADDRESS,OFFICE_ADDRESS,LAST_UPDATED_BY,LAST_UPDATED_AT,CREATED_BY,CREATED_AT,TITLE,ID,MGR_NAME,DEPT_NAME,EXPIRED) values ('kouhq','welcome1','恒清','寇','男',null,'3',null,'13761531895','61769312',null,null,'LOC-1',null,'丽园路403',null,null,null,null,null,'167','邢至晖','中教研室','N');
Insert into OA.EMPLOYEES (USER_NAME,PASSWORD,FIRST_NAME,LAST_NAME,GENDER,MGR_ID,DEPT_ID,EMAIL,MOBILE,OFFICE_PHONE,HOME_PHONE,FAX,LOCATION_ID,HOME_ADDRESS,OFFICE_ADDRESS,LAST_UPDATED_BY,LAST_UPDATED_AT,CREATED_BY,CREATED_AT,TITLE,ID,MGR_NAME,DEPT_NAME,EXPIRED) values ('liyq','welcome1','燕琴','李','女',null,'3',null,'13564246720','61769317',null,null,'LOC-1',null,'丽园路403',null,null,null,null,null,'168','邢至晖','中教研室','N');
Insert into OA.EMPLOYEES (USER_NAME,PASSWORD,FIRST_NAME,LAST_NAME,GENDER,MGR_ID,DEPT_ID,EMAIL,MOBILE,OFFICE_PHONE,HOME_PHONE,FAX,LOCATION_ID,HOME_ADDRESS,OFFICE_ADDRESS,LAST_UPDATED_BY,LAST_UPDATED_AT,CREATED_BY,CREATED_AT,TITLE,ID,MGR_NAME,DEPT_NAME,EXPIRED) values ('gaoy','welcome1','炎','高','男',null,'3','highgy@hpe.cn','13817865850','61769290',null,null,'LOC-1',null,'丽园路301',null,null,null,null,null,'169','邢至晖','中教研室','N');
Insert into OA.EMPLOYEES (USER_NAME,PASSWORD,FIRST_NAME,LAST_NAME,GENDER,MGR_ID,DEPT_ID,EMAIL,MOBILE,OFFICE_PHONE,HOME_PHONE,FAX,LOCATION_ID,HOME_ADDRESS,OFFICE_ADDRESS,LAST_UPDATED_BY,LAST_UPDATED_AT,CREATED_BY,CREATED_AT,TITLE,ID,MGR_NAME,DEPT_NAME,EXPIRED) values ('jinm','welcome1','敏','金','女',null,'3','minjin441@hotmail.com','13611927840','61769332',null,null,'LOC-1',null,'丽园路405',null,null,null,null,null,'170','邢至晖','中教研室','N');
Insert into OA.EMPLOYEES (USER_NAME,PASSWORD,FIRST_NAME,LAST_NAME,GENDER,MGR_ID,DEPT_ID,EMAIL,MOBILE,OFFICE_PHONE,HOME_PHONE,FAX,LOCATION_ID,HOME_ADDRESS,OFFICE_ADDRESS,LAST_UPDATED_BY,LAST_UPDATED_AT,CREATED_BY,CREATED_AT,TITLE,ID,MGR_NAME,DEPT_NAME,EXPIRED) values ('chensy','welcome1','双艳','陈','女',null,'3','wengwx@sh163.net','13671636191','61769328',null,null,'LOC-1',null,'丽园路405',null,null,null,null,null,'171','邢至晖','中教研室','N');
Insert into OA.EMPLOYEES (USER_NAME,PASSWORD,FIRST_NAME,LAST_NAME,GENDER,MGR_ID,DEPT_ID,EMAIL,MOBILE,OFFICE_PHONE,HOME_PHONE,FAX,LOCATION_ID,HOME_ADDRESS,OFFICE_ADDRESS,LAST_UPDATED_BY,LAST_UPDATED_AT,CREATED_BY,CREATED_AT,TITLE,ID,MGR_NAME,DEPT_NAME,EXPIRED) values ('caijx','welcome1','金香','蔡','女',null,'3',null,'13641845468','61769331',null,null,'LOC-1',null,'丽园路405',null,null,null,null,null,'172','邢至晖','中教研室','N');
Insert into OA.EMPLOYEES (USER_NAME,PASSWORD,FIRST_NAME,LAST_NAME,GENDER,MGR_ID,DEPT_ID,EMAIL,MOBILE,OFFICE_PHONE,HOME_PHONE,FAX,LOCATION_ID,HOME_ADDRESS,OFFICE_ADDRESS,LAST_UPDATED_BY,LAST_UPDATED_AT,CREATED_BY,CREATED_AT,TITLE,ID,MGR_NAME,DEPT_NAME,EXPIRED) values ('zhoujy','welcome1','加有','周','男',null,'3','joefoxzjy@hotmail.com','13661407289','61769329',null,null,'LOC-1',null,'丽园路405',null,null,null,null,null,'173','邢至晖','中教研室','N');
Insert into OA.EMPLOYEES (USER_NAME,PASSWORD,FIRST_NAME,LAST_NAME,GENDER,MGR_ID,DEPT_ID,EMAIL,MOBILE,OFFICE_PHONE,HOME_PHONE,FAX,LOCATION_ID,HOME_ADDRESS,OFFICE_ADDRESS,LAST_UPDATED_BY,LAST_UPDATED_AT,CREATED_BY,CREATED_AT,TITLE,ID,MGR_NAME,DEPT_NAME,EXPIRED) values ('yangmh','welcome1','鸣华','杨','女',null,'3','yangminghua1971@sina.com','18616500050','61769310',null,null,'LOC-1',null,'丽园路403',null,null,null,null,null,'174','邢至晖','中教研室','N');
Insert into OA.EMPLOYEES (USER_NAME,PASSWORD,FIRST_NAME,LAST_NAME,GENDER,MGR_ID,DEPT_ID,EMAIL,MOBILE,OFFICE_PHONE,HOME_PHONE,FAX,LOCATION_ID,HOME_ADDRESS,OFFICE_ADDRESS,LAST_UPDATED_BY,LAST_UPDATED_AT,CREATED_BY,CREATED_AT,TITLE,ID,MGR_NAME,DEPT_NAME,EXPIRED) values ('gugd','welcome1','国东','顾','男',null,'3','guodong2684@sina.com','13621988180','61769316',null,null,'LOC-1',null,'丽园路403',null,null,null,null,null,'175','邢至晖','中教研室','N');
Insert into OA.EMPLOYEES (USER_NAME,PASSWORD,FIRST_NAME,LAST_NAME,GENDER,MGR_ID,DEPT_ID,EMAIL,MOBILE,OFFICE_PHONE,HOME_PHONE,FAX,LOCATION_ID,HOME_ADDRESS,OFFICE_ADDRESS,LAST_UPDATED_BY,LAST_UPDATED_AT,CREATED_BY,CREATED_AT,TITLE,ID,MGR_NAME,DEPT_NAME,EXPIRED) values ('chengxj','welcome1','晓俊','成','男',null,'3','xjc19742003@yahoo.com.cn','15026981178','61769315',null,null,'LOC-1',null,'丽园路403',null,null,null,null,null,'176','邢至晖','中教研室','N');
Insert into OA.EMPLOYEES (USER_NAME,PASSWORD,FIRST_NAME,LAST_NAME,GENDER,MGR_ID,DEPT_ID,EMAIL,MOBILE,OFFICE_PHONE,HOME_PHONE,FAX,LOCATION_ID,HOME_ADDRESS,OFFICE_ADDRESS,LAST_UPDATED_BY,LAST_UPDATED_AT,CREATED_BY,CREATED_AT,TITLE,ID,MGR_NAME,DEPT_NAME,EXPIRED) values ('liufc','welcome1','发初','刘','男',null,'3','liufachu@hpe.cn','15000301639','61769325',null,null,'LOC-1',null,'丽园路404',null,null,null,null,null,'177','邢至晖','中教研室','N');
Insert into OA.EMPLOYEES (USER_NAME,PASSWORD,FIRST_NAME,LAST_NAME,GENDER,MGR_ID,DEPT_ID,EMAIL,MOBILE,OFFICE_PHONE,HOME_PHONE,FAX,LOCATION_ID,HOME_ADDRESS,OFFICE_ADDRESS,LAST_UPDATED_BY,LAST_UPDATED_AT,CREATED_BY,CREATED_AT,TITLE,ID,MGR_NAME,DEPT_NAME,EXPIRED) values ('yangj','welcome1','捷','杨','女',null,'3','yangjie001@hpe.cn','13636685280','61769326',null,null,'LOC-1',null,'丽园路404',null,null,null,null,null,'178','邢至晖','中教研室','N');
Insert into OA.EMPLOYEES (USER_NAME,PASSWORD,FIRST_NAME,LAST_NAME,GENDER,MGR_ID,DEPT_ID,EMAIL,MOBILE,OFFICE_PHONE,HOME_PHONE,FAX,LOCATION_ID,HOME_ADDRESS,OFFICE_ADDRESS,LAST_UPDATED_BY,LAST_UPDATED_AT,CREATED_BY,CREATED_AT,TITLE,ID,MGR_NAME,DEPT_NAME,EXPIRED) values ('huangy','lg12341234','莹','黄','女',null,'3','hphy2012@163.com','13764213151','61769320',null,null,'LOC-1',null,'丽园路404',null,null,null,null,null,'179','邢至晖','中教研室','N');
Insert into OA.EMPLOYEES (USER_NAME,PASSWORD,FIRST_NAME,LAST_NAME,GENDER,MGR_ID,DEPT_ID,EMAIL,MOBILE,OFFICE_PHONE,HOME_PHONE,FAX,LOCATION_ID,HOME_ADDRESS,OFFICE_ADDRESS,LAST_UPDATED_BY,LAST_UPDATED_AT,CREATED_BY,CREATED_AT,TITLE,ID,MGR_NAME,DEPT_NAME,EXPIRED) values ('zhangrx','welcome1','如欣','张','女',null,'3',null,'13501872158','61769319',null,null,'LOC-1',null,'丽园路404',null,null,null,null,null,'180','邢至晖','中教研室','N');
Insert into OA.EMPLOYEES (USER_NAME,PASSWORD,FIRST_NAME,LAST_NAME,GENDER,MGR_ID,DEPT_ID,EMAIL,MOBILE,OFFICE_PHONE,HOME_PHONE,FAX,LOCATION_ID,HOME_ADDRESS,OFFICE_ADDRESS,LAST_UPDATED_BY,LAST_UPDATED_AT,CREATED_BY,CREATED_AT,TITLE,ID,MGR_NAME,DEPT_NAME,EXPIRED) values ('lijun','welcome1','君','李','男',null,'3',null,'18917982469','61769323',null,null,'LOC-1',null,'丽园路404',null,null,null,null,null,'181','邢至晖','中教研室','N');
Insert into OA.EMPLOYEES (USER_NAME,PASSWORD,FIRST_NAME,LAST_NAME,GENDER,MGR_ID,DEPT_ID,EMAIL,MOBILE,OFFICE_PHONE,HOME_PHONE,FAX,LOCATION_ID,HOME_ADDRESS,OFFICE_ADDRESS,LAST_UPDATED_BY,LAST_UPDATED_AT,CREATED_BY,CREATED_AT,TITLE,ID,MGR_NAME,DEPT_NAME,EXPIRED) values ('shanzf','594177','志芳','单','女',null,'3',null,'13641873632','61769321',null,null,'LOC-1',null,'丽园路404',null,null,null,null,null,'182','邢至晖','中教研室','N');
Insert into OA.EMPLOYEES (USER_NAME,PASSWORD,FIRST_NAME,LAST_NAME,GENDER,MGR_ID,DEPT_ID,EMAIL,MOBILE,OFFICE_PHONE,HOME_PHONE,FAX,LOCATION_ID,HOME_ADDRESS,OFFICE_ADDRESS,LAST_UPDATED_BY,LAST_UPDATED_AT,CREATED_BY,CREATED_AT,TITLE,ID,MGR_NAME,DEPT_NAME,EXPIRED) values ('wangsq','asdfghjk','素青','汪','女',null,'3','wangsuqing@hpe.cn','13761090480','61769350',null,null,'LOC-1',null,'丽园路406',null,null,null,null,null,'183','邢至晖','中教研室','N');
Insert into OA.EMPLOYEES (USER_NAME,PASSWORD,FIRST_NAME,LAST_NAME,GENDER,MGR_ID,DEPT_ID,EMAIL,MOBILE,OFFICE_PHONE,HOME_PHONE,FAX,LOCATION_ID,HOME_ADDRESS,OFFICE_ADDRESS,LAST_UPDATED_BY,LAST_UPDATED_AT,CREATED_BY,CREATED_AT,TITLE,ID,MGR_NAME,DEPT_NAME,EXPIRED) values ('wulh','welcome1','立宏','吴','男',null,'3',null,'13916004366','61769336',null,null,'LOC-1',null,'丽园路406',null,null,null,null,null,'184','邢至晖','中教研室','N');
Insert into OA.EMPLOYEES (USER_NAME,PASSWORD,FIRST_NAME,LAST_NAME,GENDER,MGR_ID,DEPT_ID,EMAIL,MOBILE,OFFICE_PHONE,HOME_PHONE,FAX,LOCATION_ID,HOME_ADDRESS,OFFICE_ADDRESS,LAST_UPDATED_BY,LAST_UPDATED_AT,CREATED_BY,CREATED_AT,TITLE,ID,MGR_NAME,DEPT_NAME,EXPIRED) values ('wangsy','welcome1','爽英','王','女',null,'3',null,'13651759881','61769339',null,null,'LOC-1',null,'丽园路406',null,null,null,null,null,'185','邢至晖','中教研室','N');
Insert into OA.EMPLOYEES (USER_NAME,PASSWORD,FIRST_NAME,LAST_NAME,GENDER,MGR_ID,DEPT_ID,EMAIL,MOBILE,OFFICE_PHONE,HOME_PHONE,FAX,LOCATION_ID,HOME_ADDRESS,OFFICE_ADDRESS,LAST_UPDATED_BY,LAST_UPDATED_AT,CREATED_BY,CREATED_AT,TITLE,ID,MGR_NAME,DEPT_NAME,EXPIRED) values ('hen','welcome1','宁','何','女',null,'3','hening1220@163.com','13918692963','61769338',null,null,'LOC-1',null,'丽园路406',null,null,null,null,null,'186','邢至晖','中教研室','N');
Insert into OA.EMPLOYEES (USER_NAME,PASSWORD,FIRST_NAME,LAST_NAME,GENDER,MGR_ID,DEPT_ID,EMAIL,MOBILE,OFFICE_PHONE,HOME_PHONE,FAX,LOCATION_ID,HOME_ADDRESS,OFFICE_ADDRESS,LAST_UPDATED_BY,LAST_UPDATED_AT,CREATED_BY,CREATED_AT,TITLE,ID,MGR_NAME,DEPT_NAME,EXPIRED) values ('renl','welcome1','琍','任','女',null,'3','renli218@163.com','13636689062','61769335',null,null,'LOC-1',null,'丽园路406',null,null,null,null,null,'187','邢至晖','中教研室','N');
Insert into OA.EMPLOYEES (USER_NAME,PASSWORD,FIRST_NAME,LAST_NAME,GENDER,MGR_ID,DEPT_ID,EMAIL,MOBILE,OFFICE_PHONE,HOME_PHONE,FAX,LOCATION_ID,HOME_ADDRESS,OFFICE_ADDRESS,LAST_UPDATED_BY,LAST_UPDATED_AT,CREATED_BY,CREATED_AT,TITLE,ID,MGR_NAME,DEPT_NAME,EXPIRED) values ('wangbj','welcome1','步坚','王','女',null,'3',null,'13621961511','61769337',null,null,'LOC-1',null,'丽园路406',null,null,null,null,null,'188','邢至晖','中教研室','N');
Insert into OA.EMPLOYEES (USER_NAME,PASSWORD,FIRST_NAME,LAST_NAME,GENDER,MGR_ID,DEPT_ID,EMAIL,MOBILE,OFFICE_PHONE,HOME_PHONE,FAX,LOCATION_ID,HOME_ADDRESS,OFFICE_ADDRESS,LAST_UPDATED_BY,LAST_UPDATED_AT,CREATED_BY,CREATED_AT,TITLE,ID,MGR_NAME,DEPT_NAME,EXPIRED) values ('zhulm','welcome1','丽敏','朱','女',null,'3','zzllmm09@126.com','13661887468','61769373',null,null,'LOC-1',null,'丽园路408',null,null,null,null,null,'189','邢至晖','中教研室','N');
Insert into OA.EMPLOYEES (USER_NAME,PASSWORD,FIRST_NAME,LAST_NAME,GENDER,MGR_ID,DEPT_ID,EMAIL,MOBILE,OFFICE_PHONE,HOME_PHONE,FAX,LOCATION_ID,HOME_ADDRESS,OFFICE_ADDRESS,LAST_UPDATED_BY,LAST_UPDATED_AT,CREATED_BY,CREATED_AT,TITLE,ID,MGR_NAME,DEPT_NAME,EXPIRED) values ('zhangzg','58425853!','智国','张','男',null,'3',null,'13621672600','61769372',null,null,'LOC-1',null,'丽园路408',null,null,null,null,null,'190','邢至晖','中教研室','N');
Insert into OA.EMPLOYEES (USER_NAME,PASSWORD,FIRST_NAME,LAST_NAME,GENDER,MGR_ID,DEPT_ID,EMAIL,MOBILE,OFFICE_PHONE,HOME_PHONE,FAX,LOCATION_ID,HOME_ADDRESS,OFFICE_ADDRESS,LAST_UPDATED_BY,LAST_UPDATED_AT,CREATED_BY,CREATED_AT,TITLE,ID,MGR_NAME,DEPT_NAME,EXPIRED) values ('wanghj','welcome1','慧洁','王','女',null,'3','whj17107@126.com','13916408307','61769365',null,null,'LOC-1',null,'丽园路407',null,null,null,null,null,'191','邢至晖','中教研室','N');
Insert into OA.EMPLOYEES (USER_NAME,PASSWORD,FIRST_NAME,LAST_NAME,GENDER,MGR_ID,DEPT_ID,EMAIL,MOBILE,OFFICE_PHONE,HOME_PHONE,FAX,LOCATION_ID,HOME_ADDRESS,OFFICE_ADDRESS,LAST_UPDATED_BY,LAST_UPDATED_AT,CREATED_BY,CREATED_AT,TITLE,ID,MGR_NAME,DEPT_NAME,EXPIRED) values ('gub','welcome1','斌','顾','男',null,'3',null,'13391157660','61769362',null,null,'LOC-1',null,'丽园路407',null,null,null,null,null,'192','邢至晖','中教研室','N');
Insert into OA.EMPLOYEES (USER_NAME,PASSWORD,FIRST_NAME,LAST_NAME,GENDER,MGR_ID,DEPT_ID,EMAIL,MOBILE,OFFICE_PHONE,HOME_PHONE,FAX,LOCATION_ID,HOME_ADDRESS,OFFICE_ADDRESS,LAST_UPDATED_BY,LAST_UPDATED_AT,CREATED_BY,CREATED_AT,TITLE,ID,MGR_NAME,DEPT_NAME,EXPIRED) values ('wucq','wcq1638','琛琦','吴','女',null,'3','wcq1638@126.com','13916030306','61769351',null,null,'LOC-1',null,'丽园路407',null,null,null,null,null,'193','邢至晖','中教研室','N');
Insert into OA.EMPLOYEES (USER_NAME,PASSWORD,FIRST_NAME,LAST_NAME,GENDER,MGR_ID,DEPT_ID,EMAIL,MOBILE,OFFICE_PHONE,HOME_PHONE,FAX,LOCATION_ID,HOME_ADDRESS,OFFICE_ADDRESS,LAST_UPDATED_BY,LAST_UPDATED_AT,CREATED_BY,CREATED_AT,TITLE,ID,MGR_NAME,DEPT_NAME,EXPIRED) values ('xiax','welcome1','昕','夏','女',null,'3',null,'13564651688','61769352',null,null,'LOC-1',null,'丽园路407',null,null,null,null,null,'194','邢至晖','中教研室','N');
Insert into OA.EMPLOYEES (USER_NAME,PASSWORD,FIRST_NAME,LAST_NAME,GENDER,MGR_ID,DEPT_ID,EMAIL,MOBILE,OFFICE_PHONE,HOME_PHONE,FAX,LOCATION_ID,HOME_ADDRESS,OFFICE_ADDRESS,LAST_UPDATED_BY,LAST_UPDATED_AT,CREATED_BY,CREATED_AT,TITLE,ID,MGR_NAME,DEPT_NAME,EXPIRED) values ('wangch','62531903','朝红','王','女',null,'3','duoduo9184@hotmail.com','13764938484','61769353',null,null,'LOC-1',null,'丽园路407',null,null,null,null,null,'195','邢至晖','中教研室','N');
Insert into OA.EMPLOYEES (USER_NAME,PASSWORD,FIRST_NAME,LAST_NAME,GENDER,MGR_ID,DEPT_ID,EMAIL,MOBILE,OFFICE_PHONE,HOME_PHONE,FAX,LOCATION_ID,HOME_ADDRESS,OFFICE_ADDRESS,LAST_UPDATED_BY,LAST_UPDATED_AT,CREATED_BY,CREATED_AT,TITLE,ID,MGR_NAME,DEPT_NAME,EXPIRED) values ('shenh','198061','菡','沈','女',null,'3',null,'13601852454','61769363',null,null,'LOC-1',null,'丽园路407',null,null,null,null,null,'196','邢至晖','中教研室','N');
Insert into OA.EMPLOYEES (USER_NAME,PASSWORD,FIRST_NAME,LAST_NAME,GENDER,MGR_ID,DEPT_ID,EMAIL,MOBILE,OFFICE_PHONE,HOME_PHONE,FAX,LOCATION_ID,HOME_ADDRESS,OFFICE_ADDRESS,LAST_UPDATED_BY,LAST_UPDATED_AT,CREATED_BY,CREATED_AT,TITLE,ID,MGR_NAME,DEPT_NAME,EXPIRED) values ('chenlu','welcome1','路','陈','女',null,'3','chenlu1966@hotmail.com','13621738568','61769286',null,null,'LOC-1',null,'丽园路407',null,null,null,null,null,'197','邢至晖','中教研室','N');
Insert into OA.EMPLOYEES (USER_NAME,PASSWORD,FIRST_NAME,LAST_NAME,GENDER,MGR_ID,DEPT_ID,EMAIL,MOBILE,OFFICE_PHONE,HOME_PHONE,FAX,LOCATION_ID,HOME_ADDRESS,OFFICE_ADDRESS,LAST_UPDATED_BY,LAST_UPDATED_AT,CREATED_BY,CREATED_AT,TITLE,ID,MGR_NAME,DEPT_NAME,EXPIRED) values ('yanm','welcome1','敏','阎','女',null,'3',null,'13901770997','61769367',null,null,'LOC-1',null,'丽园路407',null,null,null,null,null,'198','邢至晖','中教研室','N');
Insert into OA.EMPLOYEES (USER_NAME,PASSWORD,FIRST_NAME,LAST_NAME,GENDER,MGR_ID,DEPT_ID,EMAIL,MOBILE,OFFICE_PHONE,HOME_PHONE,FAX,LOCATION_ID,HOME_ADDRESS,OFFICE_ADDRESS,LAST_UPDATED_BY,LAST_UPDATED_AT,CREATED_BY,CREATED_AT,TITLE,ID,MGR_NAME,DEPT_NAME,EXPIRED) values ('hanlf','welcome1','立芬','韩','女',null,'3','hphan@hpe.cn','13671686297','61769271',null,null,'LOC-1',null,'丽园路208',null,null,null,null,null,'199','邢至晖','中教研室','N');
Insert into OA.EMPLOYEES (USER_NAME,PASSWORD,FIRST_NAME,LAST_NAME,GENDER,MGR_ID,DEPT_ID,EMAIL,MOBILE,OFFICE_PHONE,HOME_PHONE,FAX,LOCATION_ID,HOME_ADDRESS,OFFICE_ADDRESS,LAST_UPDATED_BY,LAST_UPDATED_AT,CREATED_BY,CREATED_AT,TITLE,ID,MGR_NAME,DEPT_NAME,EXPIRED) values ('liy','welcome1','艳','李','女',null,'3','hpliyan@sina.cn','13024130444','61769301',null,null,'LOC-1',null,'丽园路401',null,null,null,null,null,'200','邢至晖','中教研室','N');
Insert into OA.EMPLOYEES (USER_NAME,PASSWORD,FIRST_NAME,LAST_NAME,GENDER,MGR_ID,DEPT_ID,EMAIL,MOBILE,OFFICE_PHONE,HOME_PHONE,FAX,LOCATION_ID,HOME_ADDRESS,OFFICE_ADDRESS,LAST_UPDATED_BY,LAST_UPDATED_AT,CREATED_BY,CREATED_AT,TITLE,ID,MGR_NAME,DEPT_NAME,EXPIRED) values ('yanxh','welcome1','晓宏','严','男',null,'4','yxh1119@189.cn','18964638060','60130136',null,null,'LOC-2',null,'自忠路2-404',null,null,null,null,null,'201','严晓宏','小幼教研室','N');
Insert into OA.EMPLOYEES (USER_NAME,PASSWORD,FIRST_NAME,LAST_NAME,GENDER,MGR_ID,DEPT_ID,EMAIL,MOBILE,OFFICE_PHONE,HOME_PHONE,FAX,LOCATION_ID,HOME_ADDRESS,OFFICE_ADDRESS,LAST_UPDATED_BY,LAST_UPDATED_AT,CREATED_BY,CREATED_AT,TITLE,ID,MGR_NAME,DEPT_NAME,EXPIRED) values ('wangym','000345','愉敏','王','女',null,'4','hpxxyw@hpe.cn','13641670984','61769272',null,null,'LOC-1',null,'丽园路208',null,null,null,null,null,'202','严晓宏','小幼教研室','N');
Insert into OA.EMPLOYEES (USER_NAME,PASSWORD,FIRST_NAME,LAST_NAME,GENDER,MGR_ID,DEPT_ID,EMAIL,MOBILE,OFFICE_PHONE,HOME_PHONE,FAX,LOCATION_ID,HOME_ADDRESS,OFFICE_ADDRESS,LAST_UPDATED_BY,LAST_UPDATED_AT,CREATED_BY,CREATED_AT,TITLE,ID,MGR_NAME,DEPT_NAME,EXPIRED) values ('zhanggy','welcome1','桂英','张','女',null,'4',null,'13917271697','60130209',null,null,'LOC-2',null,'自忠路2-406',null,null,null,null,null,'203','严晓宏','小幼教研室','N');
Insert into OA.EMPLOYEES (USER_NAME,PASSWORD,FIRST_NAME,LAST_NAME,GENDER,MGR_ID,DEPT_ID,EMAIL,MOBILE,OFFICE_PHONE,HOME_PHONE,FAX,LOCATION_ID,HOME_ADDRESS,OFFICE_ADDRESS,LAST_UPDATED_BY,LAST_UPDATED_AT,CREATED_BY,CREATED_AT,TITLE,ID,MGR_NAME,DEPT_NAME,EXPIRED) values ('wupz','welcome1','佩珍','吴','女',null,'4','wupeizhen65@163.com','13818943220','60130223',null,null,'LOC-2',null,'自忠路2-406',null,null,null,null,null,'204','严晓宏','小幼教研室','N');
Insert into OA.EMPLOYEES (USER_NAME,PASSWORD,FIRST_NAME,LAST_NAME,GENDER,MGR_ID,DEPT_ID,EMAIL,MOBILE,OFFICE_PHONE,HOME_PHONE,FAX,LOCATION_ID,HOME_ADDRESS,OFFICE_ADDRESS,LAST_UPDATED_BY,LAST_UPDATED_AT,CREATED_BY,CREATED_AT,TITLE,ID,MGR_NAME,DEPT_NAME,EXPIRED) values ('zhengkd','welcome1','开达','郑','男',null,'4','zhengkaida1957@yahoo.com.cn','13482645036','60130203',null,null,'LOC-2',null,'自忠路2-407',null,null,null,null,null,'205','严晓宏','小幼教研室','N');
Insert into OA.EMPLOYEES (USER_NAME,PASSWORD,FIRST_NAME,LAST_NAME,GENDER,MGR_ID,DEPT_ID,EMAIL,MOBILE,OFFICE_PHONE,HOME_PHONE,FAX,LOCATION_ID,HOME_ADDRESS,OFFICE_ADDRESS,LAST_UPDATED_BY,LAST_UPDATED_AT,CREATED_BY,CREATED_AT,TITLE,ID,MGR_NAME,DEPT_NAME,EXPIRED) values ('donghp','welcome1','红平','董','女',null,'4','dhp-hp@hotmail.com','13671696155','60130217',null,null,'LOC-2',null,'自忠路2-407',null,null,null,null,null,'206','严晓宏','小幼教研室','N');
Insert into OA.EMPLOYEES (USER_NAME,PASSWORD,FIRST_NAME,LAST_NAME,GENDER,MGR_ID,DEPT_ID,EMAIL,MOBILE,OFFICE_PHONE,HOME_PHONE,FAX,LOCATION_ID,HOME_ADDRESS,OFFICE_ADDRESS,LAST_UPDATED_BY,LAST_UPDATED_AT,CREATED_BY,CREATED_AT,TITLE,ID,MGR_NAME,DEPT_NAME,EXPIRED) values ('daizq','welcome1','正青','戴','女',null,'4','daiziqing@hotmail.com','13641666465','60130126',null,null,'LOC-2',null,'自忠路2-406',null,null,null,null,null,'207','严晓宏','小幼教研室','N');
Insert into OA.EMPLOYEES (USER_NAME,PASSWORD,FIRST_NAME,LAST_NAME,GENDER,MGR_ID,DEPT_ID,EMAIL,MOBILE,OFFICE_PHONE,HOME_PHONE,FAX,LOCATION_ID,HOME_ADDRESS,OFFICE_ADDRESS,LAST_UPDATED_BY,LAST_UPDATED_AT,CREATED_BY,CREATED_AT,TITLE,ID,MGR_NAME,DEPT_NAME,EXPIRED) values ('fuj','welcome1','璟','傅','女',null,'4','maggiefzh@hotmail.com','13611893994','60130201',null,null,'LOC-2',null,'自忠路2-404',null,null,null,null,null,'208','严晓宏','小幼教研室','N');
Insert into OA.EMPLOYEES (USER_NAME,PASSWORD,FIRST_NAME,LAST_NAME,GENDER,MGR_ID,DEPT_ID,EMAIL,MOBILE,OFFICE_PHONE,HOME_PHONE,FAX,LOCATION_ID,HOME_ADDRESS,OFFICE_ADDRESS,LAST_UPDATED_BY,LAST_UPDATED_AT,CREATED_BY,CREATED_AT,TITLE,ID,MGR_NAME,DEPT_NAME,EXPIRED) values ('taol','welcome1','磊','陶','男',null,'4','tlok0553@sina.com','13901861358','60130225',null,null,'LOC-2',null,'自忠路2-402',null,null,null,null,null,'209','严晓宏','小幼教研室','N');
Insert into OA.EMPLOYEES (USER_NAME,PASSWORD,FIRST_NAME,LAST_NAME,GENDER,MGR_ID,DEPT_ID,EMAIL,MOBILE,OFFICE_PHONE,HOME_PHONE,FAX,LOCATION_ID,HOME_ADDRESS,OFFICE_ADDRESS,LAST_UPDATED_BY,LAST_UPDATED_AT,CREATED_BY,CREATED_AT,TITLE,ID,MGR_NAME,DEPT_NAME,EXPIRED) values ('wangmy','welcome1','鸣一','汪','男',null,'4',null,'13901681145','60130152',null,null,'LOC-2',null,'自忠路2-405',null,null,null,null,null,'210','严晓宏','小幼教研室','N');
Insert into OA.EMPLOYEES (USER_NAME,PASSWORD,FIRST_NAME,LAST_NAME,GENDER,MGR_ID,DEPT_ID,EMAIL,MOBILE,OFFICE_PHONE,HOME_PHONE,FAX,LOCATION_ID,HOME_ADDRESS,OFFICE_ADDRESS,LAST_UPDATED_BY,LAST_UPDATED_AT,CREATED_BY,CREATED_AT,TITLE,ID,MGR_NAME,DEPT_NAME,EXPIRED) values ('songw','welcome1','伟','宋','女',null,'4',null,'13816374972','60130213',null,null,'LOC-2',null,'自忠路2-405',null,null,null,null,null,'211','严晓宏','小幼教研室','N');
Insert into OA.EMPLOYEES (USER_NAME,PASSWORD,FIRST_NAME,LAST_NAME,GENDER,MGR_ID,DEPT_ID,EMAIL,MOBILE,OFFICE_PHONE,HOME_PHONE,FAX,LOCATION_ID,HOME_ADDRESS,OFFICE_ADDRESS,LAST_UPDATED_BY,LAST_UPDATED_AT,CREATED_BY,CREATED_AT,TITLE,ID,MGR_NAME,DEPT_NAME,EXPIRED) values ('zhangrf','welcome1','瑞芳','张','女',null,'4','zhangruifang@163.com','13651875500','60130222',null,null,'LOC-2',null,'自忠路2-407',null,null,null,null,null,'212','严晓宏','小幼教研室','N');
Insert into OA.EMPLOYEES (USER_NAME,PASSWORD,FIRST_NAME,LAST_NAME,GENDER,MGR_ID,DEPT_ID,EMAIL,MOBILE,OFFICE_PHONE,HOME_PHONE,FAX,LOCATION_ID,HOME_ADDRESS,OFFICE_ADDRESS,LAST_UPDATED_BY,LAST_UPDATED_AT,CREATED_BY,CREATED_AT,TITLE,ID,MGR_NAME,DEPT_NAME,EXPIRED) values ('qianl','clara951029','蕾','钱','女',null,'4','rrclara@hpe.cn','13681743364','60130219',null,null,'LOC-2',null,'自忠路2-405',null,null,null,null,null,'213','严晓宏','小幼教研室','N');
Insert into OA.EMPLOYEES (USER_NAME,PASSWORD,FIRST_NAME,LAST_NAME,GENDER,MGR_ID,DEPT_ID,EMAIL,MOBILE,OFFICE_PHONE,HOME_PHONE,FAX,LOCATION_ID,HOME_ADDRESS,OFFICE_ADDRESS,LAST_UPDATED_BY,LAST_UPDATED_AT,CREATED_BY,CREATED_AT,TITLE,ID,MGR_NAME,DEPT_NAME,EXPIRED) values ('wangy','dh65896674','嬿','王','女',null,'4','xiao.wangyan@yahoo.com.cn','13611867401','60130100',null,null,'LOC-2',null,'自忠路2-406',null,null,null,null,null,'214','严晓宏','小幼教研室','N');
Insert into OA.EMPLOYEES (USER_NAME,PASSWORD,FIRST_NAME,LAST_NAME,GENDER,MGR_ID,DEPT_ID,EMAIL,MOBILE,OFFICE_PHONE,HOME_PHONE,FAX,LOCATION_ID,HOME_ADDRESS,OFFICE_ADDRESS,LAST_UPDATED_BY,LAST_UPDATED_AT,CREATED_BY,CREATED_AT,TITLE,ID,MGR_NAME,DEPT_NAME,EXPIRED) values ('xiaoyp','welcome1','燕萍','肖','女',null,'4',null,'13918962366','60130227',null,null,'LOC-2',null,'自忠路2-403',null,null,null,null,null,'215','严晓宏','小幼教研室','N');
Insert into OA.EMPLOYEES (USER_NAME,PASSWORD,FIRST_NAME,LAST_NAME,GENDER,MGR_ID,DEPT_ID,EMAIL,MOBILE,OFFICE_PHONE,HOME_PHONE,FAX,LOCATION_ID,HOME_ADDRESS,OFFICE_ADDRESS,LAST_UPDATED_BY,LAST_UPDATED_AT,CREATED_BY,CREATED_AT,TITLE,ID,MGR_NAME,DEPT_NAME,EXPIRED) values ('zhangxf','welcome1','校芳','张','女',null,'4','zhangxiaofang1964@hotmail.com','13916329327','60130133',null,null,'LOC-2',null,'自忠路2-403',null,null,null,null,null,'216','严晓宏','小幼教研室','N');
Insert into OA.EMPLOYEES (USER_NAME,PASSWORD,FIRST_NAME,LAST_NAME,GENDER,MGR_ID,DEPT_ID,EMAIL,MOBILE,OFFICE_PHONE,HOME_PHONE,FAX,LOCATION_ID,HOME_ADDRESS,OFFICE_ADDRESS,LAST_UPDATED_BY,LAST_UPDATED_AT,CREATED_BY,CREATED_AT,TITLE,ID,MGR_NAME,DEPT_NAME,EXPIRED) values ('zhangh','welcome1','红','张','女',null,'4','redhong7@hotmail.com','13816204358','60130220',null,null,'LOC-2',null,'自忠路2-403',null,null,null,null,null,'217','严晓宏','小幼教研室','N');
Insert into OA.EMPLOYEES (USER_NAME,PASSWORD,FIRST_NAME,LAST_NAME,GENDER,MGR_ID,DEPT_ID,EMAIL,MOBILE,OFFICE_PHONE,HOME_PHONE,FAX,LOCATION_ID,HOME_ADDRESS,OFFICE_ADDRESS,LAST_UPDATED_BY,LAST_UPDATED_AT,CREATED_BY,CREATED_AT,TITLE,ID,MGR_NAME,DEPT_NAME,EXPIRED) values ('lijz','welcome1','金钊','李','男',null,'5','ljzemail@163.com','13651854413','61769397',null,null,'LOC-1',null,'丽园路304',null,null,null,null,null,'218','李金钊','科研室','N');
Insert into OA.EMPLOYEES (USER_NAME,PASSWORD,FIRST_NAME,LAST_NAME,GENDER,MGR_ID,DEPT_ID,EMAIL,MOBILE,OFFICE_PHONE,HOME_PHONE,FAX,LOCATION_ID,HOME_ADDRESS,OFFICE_ADDRESS,LAST_UPDATED_BY,LAST_UPDATED_AT,CREATED_BY,CREATED_AT,TITLE,ID,MGR_NAME,DEPT_NAME,EXPIRED) values ('chenyh','welcome1','玉华','陈','女',null,'5',null,'13301968887','61769228',null,null,'LOC-1',null,'丽园路305',null,null,null,null,null,'219','李金钊','科研室','N');
Insert into OA.EMPLOYEES (USER_NAME,PASSWORD,FIRST_NAME,LAST_NAME,GENDER,MGR_ID,DEPT_ID,EMAIL,MOBILE,OFFICE_PHONE,HOME_PHONE,FAX,LOCATION_ID,HOME_ADDRESS,OFFICE_ADDRESS,LAST_UPDATED_BY,LAST_UPDATED_AT,CREATED_BY,CREATED_AT,TITLE,ID,MGR_NAME,DEPT_NAME,EXPIRED) values ('weiyf','welcome1','耀发','魏','男',null,'5','weiyaofa@hpe.cn','15000548490','61769385',null,null,'LOC-1',null,'丽园路301',null,null,null,null,null,'220','李金钊','科研室','N');
Insert into OA.EMPLOYEES (USER_NAME,PASSWORD,FIRST_NAME,LAST_NAME,GENDER,MGR_ID,DEPT_ID,EMAIL,MOBILE,OFFICE_PHONE,HOME_PHONE,FAX,LOCATION_ID,HOME_ADDRESS,OFFICE_ADDRESS,LAST_UPDATED_BY,LAST_UPDATED_AT,CREATED_BY,CREATED_AT,TITLE,ID,MGR_NAME,DEPT_NAME,EXPIRED) values ('zhucf','welcome1','崇福','朱','男',null,'5',null,'13916940267','61769258',null,null,'LOC-1',null,'丽园路305',null,null,null,null,null,'221','李金钊','科研室','N');
Insert into OA.EMPLOYEES (USER_NAME,PASSWORD,FIRST_NAME,LAST_NAME,GENDER,MGR_ID,DEPT_ID,EMAIL,MOBILE,OFFICE_PHONE,HOME_PHONE,FAX,LOCATION_ID,HOME_ADDRESS,OFFICE_ADDRESS,LAST_UPDATED_BY,LAST_UPDATED_AT,CREATED_BY,CREATED_AT,TITLE,ID,MGR_NAME,DEPT_NAME,EXPIRED) values ('tangj','750828','军','唐','男',null,'5','tjnzh@hotmail.com','13611798189','61769396',null,null,'LOC-1',null,'丽园路304',null,null,null,null,null,'222','李金钊','科研室','N');
Insert into OA.EMPLOYEES (USER_NAME,PASSWORD,FIRST_NAME,LAST_NAME,GENDER,MGR_ID,DEPT_ID,EMAIL,MOBILE,OFFICE_PHONE,HOME_PHONE,FAX,LOCATION_ID,HOME_ADDRESS,OFFICE_ADDRESS,LAST_UPDATED_BY,LAST_UPDATED_AT,CREATED_BY,CREATED_AT,TITLE,ID,MGR_NAME,DEPT_NAME,EXPIRED) values ('zhoubj','272727','冰洁','周','女',null,'5','zhoubingjie666@yahoo.cn','13641862086','61769202',null,null,'LOC-1',null,'丽园路304',null,null,null,null,null,'223','李金钊','科研室','N');
Insert into OA.EMPLOYEES (USER_NAME,PASSWORD,FIRST_NAME,LAST_NAME,GENDER,MGR_ID,DEPT_ID,EMAIL,MOBILE,OFFICE_PHONE,HOME_PHONE,FAX,LOCATION_ID,HOME_ADDRESS,OFFICE_ADDRESS,LAST_UPDATED_BY,LAST_UPDATED_AT,CREATED_BY,CREATED_AT,TITLE,ID,MGR_NAME,DEPT_NAME,EXPIRED) values ('wuxf','123456','晓芬','吴','女',null,'5','wuxiaofen2002@hotmail.com','13761046168','61769238',null,null,'LOC-1',null,'丽园路305',null,null,null,null,null,'224','李金钊','科研室','N');
Insert into OA.EMPLOYEES (USER_NAME,PASSWORD,FIRST_NAME,LAST_NAME,GENDER,MGR_ID,DEPT_ID,EMAIL,MOBILE,OFFICE_PHONE,HOME_PHONE,FAX,LOCATION_ID,HOME_ADDRESS,OFFICE_ADDRESS,LAST_UPDATED_BY,LAST_UPDATED_AT,CREATED_BY,CREATED_AT,TITLE,ID,MGR_NAME,DEPT_NAME,EXPIRED) values ('liyl','welcome1','艳璐','李','女',null,'5','13681863296@163.com','13681863296','61769398',null,null,'LOC-1',null,'丽园路304',null,null,null,null,null,'225','李金钊','科研室','N');
Insert into OA.EMPLOYEES (USER_NAME,PASSWORD,FIRST_NAME,LAST_NAME,GENDER,MGR_ID,DEPT_ID,EMAIL,MOBILE,OFFICE_PHONE,HOME_PHONE,FAX,LOCATION_ID,HOME_ADDRESS,OFFICE_ADDRESS,LAST_UPDATED_BY,LAST_UPDATED_AT,CREATED_BY,CREATED_AT,TITLE,ID,MGR_NAME,DEPT_NAME,EXPIRED) values ('jiangxy','123456','欣怿','江','女',null,'5','jianggem@hotmail.com','15921612669','61769233',null,null,'LOC-1',null,'丽园路305',null,null,null,null,null,'226','李金钊','科研室','N');
Insert into OA.EMPLOYEES (USER_NAME,PASSWORD,FIRST_NAME,LAST_NAME,GENDER,MGR_ID,DEPT_ID,EMAIL,MOBILE,OFFICE_PHONE,HOME_PHONE,FAX,LOCATION_ID,HOME_ADDRESS,OFFICE_ADDRESS,LAST_UPDATED_BY,LAST_UPDATED_AT,CREATED_BY,CREATED_AT,TITLE,ID,MGR_NAME,DEPT_NAME,EXPIRED) values ('huqx','welcome1','琼霞','呼','女',null,'5','huqiongxia@yahoo.com.cn','13816228542','60130170',null,null,'LOC-2',null,'自忠路4号楼',null,null,null,null,null,'227','李金钊','科研室','N');
Insert into OA.EMPLOYEES (USER_NAME,PASSWORD,FIRST_NAME,LAST_NAME,GENDER,MGR_ID,DEPT_ID,EMAIL,MOBILE,OFFICE_PHONE,HOME_PHONE,FAX,LOCATION_ID,HOME_ADDRESS,OFFICE_ADDRESS,LAST_UPDATED_BY,LAST_UPDATED_AT,CREATED_BY,CREATED_AT,TITLE,ID,MGR_NAME,DEPT_NAME,EXPIRED) values ('caojq','cjq781127','婕琼','曹','女',null,'5','caojieqiong@yahoo.com.cn','13916103841','60130107',null,null,'LOC-2',null,'自忠路4号楼',null,null,null,null,null,'228','李金钊','科研室','N');
Insert into OA.EMPLOYEES (USER_NAME,PASSWORD,FIRST_NAME,LAST_NAME,GENDER,MGR_ID,DEPT_ID,EMAIL,MOBILE,OFFICE_PHONE,HOME_PHONE,FAX,LOCATION_ID,HOME_ADDRESS,OFFICE_ADDRESS,LAST_UPDATED_BY,LAST_UPDATED_AT,CREATED_BY,CREATED_AT,TITLE,ID,MGR_NAME,DEPT_NAME,EXPIRED) values ('fengqm','123456','秋萌','冯','女',null,'6',null,'13801802868','60130135',null,null,'LOC-2',null,'自忠路1-504',null,null,null,null,null,'229','冯秋萌','德研室','N');
Insert into OA.EMPLOYEES (USER_NAME,PASSWORD,FIRST_NAME,LAST_NAME,GENDER,MGR_ID,DEPT_ID,EMAIL,MOBILE,OFFICE_PHONE,HOME_PHONE,FAX,LOCATION_ID,HOME_ADDRESS,OFFICE_ADDRESS,LAST_UPDATED_BY,LAST_UPDATED_AT,CREATED_BY,CREATED_AT,TITLE,ID,MGR_NAME,DEPT_NAME,EXPIRED) values ('sungc','welcome1','公策','孙','男',null,'6','sgcb_927144@126.com','13681802346','60130221',null,null,'LOC-2',null,'自忠路1-504',null,null,null,null,null,'230','冯秋萌','德研室','N');
Insert into OA.EMPLOYEES (USER_NAME,PASSWORD,FIRST_NAME,LAST_NAME,GENDER,MGR_ID,DEPT_ID,EMAIL,MOBILE,OFFICE_PHONE,HOME_PHONE,FAX,LOCATION_ID,HOME_ADDRESS,OFFICE_ADDRESS,LAST_UPDATED_BY,LAST_UPDATED_AT,CREATED_BY,CREATED_AT,TITLE,ID,MGR_NAME,DEPT_NAME,EXPIRED) values ('wangdm','welcome1','冬梅','王','女',null,'6','xinyang1818@sina.com','13901859680','60130161',null,null,'LOC-2',null,'自忠路3-101',null,null,null,null,null,'231','冯秋萌','德研室','N');
Insert into OA.EMPLOYEES (USER_NAME,PASSWORD,FIRST_NAME,LAST_NAME,GENDER,MGR_ID,DEPT_ID,EMAIL,MOBILE,OFFICE_PHONE,HOME_PHONE,FAX,LOCATION_ID,HOME_ADDRESS,OFFICE_ADDRESS,LAST_UPDATED_BY,LAST_UPDATED_AT,CREATED_BY,CREATED_AT,TITLE,ID,MGR_NAME,DEPT_NAME,EXPIRED) values ('liyh','welcome1','燕华','李','女',null,'6','lyh523@163.com','13918507396','60130160',null,null,'LOC-2',null,'自忠路1-504',null,null,null,null,null,'232','冯秋萌','德研室','N');
Insert into OA.EMPLOYEES (USER_NAME,PASSWORD,FIRST_NAME,LAST_NAME,GENDER,MGR_ID,DEPT_ID,EMAIL,MOBILE,OFFICE_PHONE,HOME_PHONE,FAX,LOCATION_ID,HOME_ADDRESS,OFFICE_ADDRESS,LAST_UPDATED_BY,LAST_UPDATED_AT,CREATED_BY,CREATED_AT,TITLE,ID,MGR_NAME,DEPT_NAME,EXPIRED) values ('zhangj','19780526','俊','张','男',null,'6','yinhudage@163.com','13651879761','60130172',null,null,'LOC-2',null,'自忠路1-504',null,null,null,null,null,'233','冯秋萌','德研室','N');
Insert into OA.EMPLOYEES (USER_NAME,PASSWORD,FIRST_NAME,LAST_NAME,GENDER,MGR_ID,DEPT_ID,EMAIL,MOBILE,OFFICE_PHONE,HOME_PHONE,FAX,LOCATION_ID,HOME_ADDRESS,OFFICE_ADDRESS,LAST_UPDATED_BY,LAST_UPDATED_AT,CREATED_BY,CREATED_AT,TITLE,ID,MGR_NAME,DEPT_NAME,EXPIRED) values ('qianj','welcome1','锦','钱','女',null,'6',null,'13621892232','60130128',null,null,'LOC-2',null,'自忠路1-504',null,null,null,null,null,'234','冯秋萌','德研室','N');
Insert into OA.EMPLOYEES (USER_NAME,PASSWORD,FIRST_NAME,LAST_NAME,GENDER,MGR_ID,DEPT_ID,EMAIL,MOBILE,OFFICE_PHONE,HOME_PHONE,FAX,LOCATION_ID,HOME_ADDRESS,OFFICE_ADDRESS,LAST_UPDATED_BY,LAST_UPDATED_AT,CREATED_BY,CREATED_AT,TITLE,ID,MGR_NAME,DEPT_NAME,EXPIRED) values ('huangjl','111111','金丽','黄','女',null,'7','goldnicejl11@hotmail.com','13661902809','60130228',null,null,'LOC-2',null,'自忠路2-202',null,null,null,null,null,'235','黄金丽','师训部','N');
Insert into OA.EMPLOYEES (USER_NAME,PASSWORD,FIRST_NAME,LAST_NAME,GENDER,MGR_ID,DEPT_ID,EMAIL,MOBILE,OFFICE_PHONE,HOME_PHONE,FAX,LOCATION_ID,HOME_ADDRESS,OFFICE_ADDRESS,LAST_UPDATED_BY,LAST_UPDATED_AT,CREATED_BY,CREATED_AT,TITLE,ID,MGR_NAME,DEPT_NAME,EXPIRED) values ('yuanzj','welcome1','志健','袁','男',null,'7',null,'13402020535','60130111',null,null,'LOC-2',null,'自忠路2-207',null,null,null,null,null,'236','黄金丽','师训部','N');
Insert into OA.EMPLOYEES (USER_NAME,PASSWORD,FIRST_NAME,LAST_NAME,GENDER,MGR_ID,DEPT_ID,EMAIL,MOBILE,OFFICE_PHONE,HOME_PHONE,FAX,LOCATION_ID,HOME_ADDRESS,OFFICE_ADDRESS,LAST_UPDATED_BY,LAST_UPDATED_AT,CREATED_BY,CREATED_AT,TITLE,ID,MGR_NAME,DEPT_NAME,EXPIRED) values ('qianf','welcome1','芳','钱','女',null,'7','qianfang1959123@hotmail.com','13311905215','60130103',null,null,'LOC-2',null,'自忠路2-207',null,null,null,null,null,'237','黄金丽','师训部','N');
Insert into OA.EMPLOYEES (USER_NAME,PASSWORD,FIRST_NAME,LAST_NAME,GENDER,MGR_ID,DEPT_ID,EMAIL,MOBILE,OFFICE_PHONE,HOME_PHONE,FAX,LOCATION_ID,HOME_ADDRESS,OFFICE_ADDRESS,LAST_UPDATED_BY,LAST_UPDATED_AT,CREATED_BY,CREATED_AT,TITLE,ID,MGR_NAME,DEPT_NAME,EXPIRED) values ('yangqp','welcome1','清平','杨','男',null,'7',null,'15801706531','60130210',null,null,'LOC-2',null,'自忠路2-202',null,null,null,null,null,'238','黄金丽','师训部','N');
Insert into OA.EMPLOYEES (USER_NAME,PASSWORD,FIRST_NAME,LAST_NAME,GENDER,MGR_ID,DEPT_ID,EMAIL,MOBILE,OFFICE_PHONE,HOME_PHONE,FAX,LOCATION_ID,HOME_ADDRESS,OFFICE_ADDRESS,LAST_UPDATED_BY,LAST_UPDATED_AT,CREATED_BY,CREATED_AT,TITLE,ID,MGR_NAME,DEPT_NAME,EXPIRED) values ('wangmh','welcome1','梅华','汪','女',null,'7',null,'13816054987','60130113',null,null,'LOC-2',null,'自忠路2-207',null,null,null,null,null,'239','黄金丽','师训部','N');
Insert into OA.EMPLOYEES (USER_NAME,PASSWORD,FIRST_NAME,LAST_NAME,GENDER,MGR_ID,DEPT_ID,EMAIL,MOBILE,OFFICE_PHONE,HOME_PHONE,FAX,LOCATION_ID,HOME_ADDRESS,OFFICE_ADDRESS,LAST_UPDATED_BY,LAST_UPDATED_AT,CREATED_BY,CREATED_AT,TITLE,ID,MGR_NAME,DEPT_NAME,EXPIRED) values ('longj','welcome1','坚','龙','女',null,'7',null,'13512146959','60130179',null,null,'LOC-2',null,'自忠路2-209',null,null,null,null,null,'240','黄金丽','师训部','N');
Insert into OA.EMPLOYEES (USER_NAME,PASSWORD,FIRST_NAME,LAST_NAME,GENDER,MGR_ID,DEPT_ID,EMAIL,MOBILE,OFFICE_PHONE,HOME_PHONE,FAX,LOCATION_ID,HOME_ADDRESS,OFFICE_ADDRESS,LAST_UPDATED_BY,LAST_UPDATED_AT,CREATED_BY,CREATED_AT,TITLE,ID,MGR_NAME,DEPT_NAME,EXPIRED) values ('sunsl','welcome1','胜利','孙','男',null,'7','victor0319@126.com','13524290539','60130171',null,null,'LOC-2',null,'自忠路2-204',null,null,null,null,null,'241','黄金丽','师训部','N');
Insert into OA.EMPLOYEES (USER_NAME,PASSWORD,FIRST_NAME,LAST_NAME,GENDER,MGR_ID,DEPT_ID,EMAIL,MOBILE,OFFICE_PHONE,HOME_PHONE,FAX,LOCATION_ID,HOME_ADDRESS,OFFICE_ADDRESS,LAST_UPDATED_BY,LAST_UPDATED_AT,CREATED_BY,CREATED_AT,TITLE,ID,MGR_NAME,DEPT_NAME,EXPIRED) values ('bairl','welcome1','乳利','白','女',null,'7','brlbrl@sohu.com','13816832066','60130110',null,null,'LOC-2',null,'自忠路2-207',null,null,null,null,null,'242','黄金丽','师训部','N');
Insert into OA.EMPLOYEES (USER_NAME,PASSWORD,FIRST_NAME,LAST_NAME,GENDER,MGR_ID,DEPT_ID,EMAIL,MOBILE,OFFICE_PHONE,HOME_PHONE,FAX,LOCATION_ID,HOME_ADDRESS,OFFICE_ADDRESS,LAST_UPDATED_BY,LAST_UPDATED_AT,CREATED_BY,CREATED_AT,TITLE,ID,MGR_NAME,DEPT_NAME,EXPIRED) values ('zhangym','welcome1','逸敏','张','男',null,'7','zym@hpe.cn','13917585582','60130132',null,null,'LOC-2',null,'自忠路2-209',null,null,null,null,null,'243','黄金丽','师训部','N');
Insert into OA.EMPLOYEES (USER_NAME,PASSWORD,FIRST_NAME,LAST_NAME,GENDER,MGR_ID,DEPT_ID,EMAIL,MOBILE,OFFICE_PHONE,HOME_PHONE,FAX,LOCATION_ID,HOME_ADDRESS,OFFICE_ADDRESS,LAST_UPDATED_BY,LAST_UPDATED_AT,CREATED_BY,CREATED_AT,TITLE,ID,MGR_NAME,DEPT_NAME,EXPIRED) values ('yingm','amyying','敏','应','女',null,'7','behaveme@163.com','13761579843','60130202',null,null,'LOC-2',null,'自忠路2-204',null,null,null,null,null,'244','黄金丽','师训部','N');
Insert into OA.EMPLOYEES (USER_NAME,PASSWORD,FIRST_NAME,LAST_NAME,GENDER,MGR_ID,DEPT_ID,EMAIL,MOBILE,OFFICE_PHONE,HOME_PHONE,FAX,LOCATION_ID,HOME_ADDRESS,OFFICE_ADDRESS,LAST_UPDATED_BY,LAST_UPDATED_AT,CREATED_BY,CREATED_AT,TITLE,ID,MGR_NAME,DEPT_NAME,EXPIRED) values ('liuyp','123123','燕萍','刘','女',null,'7','lyp_hp@hpe.cn','13311900876','60130211',null,null,'LOC-2',null,'自忠路2-202',null,null,null,null,null,'245','黄金丽','师训部','N');
Insert into OA.EMPLOYEES (USER_NAME,PASSWORD,FIRST_NAME,LAST_NAME,GENDER,MGR_ID,DEPT_ID,EMAIL,MOBILE,OFFICE_PHONE,HOME_PHONE,FAX,LOCATION_ID,HOME_ADDRESS,OFFICE_ADDRESS,LAST_UPDATED_BY,LAST_UPDATED_AT,CREATED_BY,CREATED_AT,TITLE,ID,MGR_NAME,DEPT_NAME,EXPIRED) values ('lihy','welcome1','海燕','李','女',null,'7',null,'13918188321','60130149',null,null,'LOC-2',null,'自忠路2-202',null,null,null,null,null,'246','黄金丽','师训部','N');
Insert into OA.EMPLOYEES (USER_NAME,PASSWORD,FIRST_NAME,LAST_NAME,GENDER,MGR_ID,DEPT_ID,EMAIL,MOBILE,OFFICE_PHONE,HOME_PHONE,FAX,LOCATION_ID,HOME_ADDRESS,OFFICE_ADDRESS,LAST_UPDATED_BY,LAST_UPDATED_AT,CREATED_BY,CREATED_AT,TITLE,ID,MGR_NAME,DEPT_NAME,EXPIRED) values ('chenzf','welcome1','志飞','陈','男',null,'7','czf70@163.com','13611735110','60130150',null,null,'LOC-2',null,'自忠路2-209',null,null,null,null,null,'247','黄金丽','师训部','N');
Insert into OA.EMPLOYEES (USER_NAME,PASSWORD,FIRST_NAME,LAST_NAME,GENDER,MGR_ID,DEPT_ID,EMAIL,MOBILE,OFFICE_PHONE,HOME_PHONE,FAX,LOCATION_ID,HOME_ADDRESS,OFFICE_ADDRESS,LAST_UPDATED_BY,LAST_UPDATED_AT,CREATED_BY,CREATED_AT,TITLE,ID,MGR_NAME,DEPT_NAME,EXPIRED) values ('wangljuan','welcome1','莉娟','王','女',null,'7','yxy891021@163.com','13585739063','60130157',null,null,'LOC-2',null,'自忠路2-209',null,null,null,null,null,'248','黄金丽','师训部','N');
Insert into OA.EMPLOYEES (USER_NAME,PASSWORD,FIRST_NAME,LAST_NAME,GENDER,MGR_ID,DEPT_ID,EMAIL,MOBILE,OFFICE_PHONE,HOME_PHONE,FAX,LOCATION_ID,HOME_ADDRESS,OFFICE_ADDRESS,LAST_UPDATED_BY,LAST_UPDATED_AT,CREATED_BY,CREATED_AT,TITLE,ID,MGR_NAME,DEPT_NAME,EXPIRED) values ('yanhm','welcome1','鹤旻','严','男',null,'7','sora49@126.com','13564254749','60130151',null,null,'LOC-2',null,'自忠路2-204',null,null,null,null,null,'249','黄金丽','师训部','N');
Insert into OA.EMPLOYEES (USER_NAME,PASSWORD,FIRST_NAME,LAST_NAME,GENDER,MGR_ID,DEPT_ID,EMAIL,MOBILE,OFFICE_PHONE,HOME_PHONE,FAX,LOCATION_ID,HOME_ADDRESS,OFFICE_ADDRESS,LAST_UPDATED_BY,LAST_UPDATED_AT,CREATED_BY,CREATED_AT,TITLE,ID,MGR_NAME,DEPT_NAME,EXPIRED) values ('chenhj','63685698','宏杰','陈','男',null,'7','vip_gp04@163.com','13671672326','60130200',null,null,'LOC-2',null,'自忠路2-204',null,null,null,null,null,'250','黄金丽','师训部','N');
Insert into OA.EMPLOYEES (USER_NAME,PASSWORD,FIRST_NAME,LAST_NAME,GENDER,MGR_ID,DEPT_ID,EMAIL,MOBILE,OFFICE_PHONE,HOME_PHONE,FAX,LOCATION_ID,HOME_ADDRESS,OFFICE_ADDRESS,LAST_UPDATED_BY,LAST_UPDATED_AT,CREATED_BY,CREATED_AT,TITLE,ID,MGR_NAME,DEPT_NAME,EXPIRED) values ('wudc','welcome1','墩才','吴','男',null,'8','shwdc@sohu.com','18602111451','60130156',null,null,'LOC-2',null,'自忠路1-404',null,null,null,null,null,'251','吴墩才','干训部','N');
Insert into OA.EMPLOYEES (USER_NAME,PASSWORD,FIRST_NAME,LAST_NAME,GENDER,MGR_ID,DEPT_ID,EMAIL,MOBILE,OFFICE_PHONE,HOME_PHONE,FAX,LOCATION_ID,HOME_ADDRESS,OFFICE_ADDRESS,LAST_UPDATED_BY,LAST_UPDATED_AT,CREATED_BY,CREATED_AT,TITLE,ID,MGR_NAME,DEPT_NAME,EXPIRED) values ('dengt','welcome1','彤','邓','男',null,'8','wldtong@163.com','18721568671','60130177',null,null,'LOC-2',null,'自忠路1-404',null,null,null,null,null,'252','吴墩才','干训部','N');
Insert into OA.EMPLOYEES (USER_NAME,PASSWORD,FIRST_NAME,LAST_NAME,GENDER,MGR_ID,DEPT_ID,EMAIL,MOBILE,OFFICE_PHONE,HOME_PHONE,FAX,LOCATION_ID,HOME_ADDRESS,OFFICE_ADDRESS,LAST_UPDATED_BY,LAST_UPDATED_AT,CREATED_BY,CREATED_AT,TITLE,ID,MGR_NAME,DEPT_NAME,EXPIRED) values ('zhul','welcome1','岭','竺','女',null,'8','zhuling2003@hpe.cn','13916641980','60130153',null,null,'LOC-2',null,'自忠路1-404',null,null,null,null,null,'253','吴墩才','干训部','N');
Insert into OA.EMPLOYEES (USER_NAME,PASSWORD,FIRST_NAME,LAST_NAME,GENDER,MGR_ID,DEPT_ID,EMAIL,MOBILE,OFFICE_PHONE,HOME_PHONE,FAX,LOCATION_ID,HOME_ADDRESS,OFFICE_ADDRESS,LAST_UPDATED_BY,LAST_UPDATED_AT,CREATED_BY,CREATED_AT,TITLE,ID,MGR_NAME,DEPT_NAME,EXPIRED) values ('zhengyp','197721','渝萍','郑','女',null,'8','zlz1107@hotmail.com','13661919748','60130216',null,null,'LOC-2',null,'自忠路1-404',null,null,null,null,null,'254','吴墩才','干训部','N');
Insert into OA.EMPLOYEES (USER_NAME,PASSWORD,FIRST_NAME,LAST_NAME,GENDER,MGR_ID,DEPT_ID,EMAIL,MOBILE,OFFICE_PHONE,HOME_PHONE,FAX,LOCATION_ID,HOME_ADDRESS,OFFICE_ADDRESS,LAST_UPDATED_BY,LAST_UPDATED_AT,CREATED_BY,CREATED_AT,TITLE,ID,MGR_NAME,DEPT_NAME,EXPIRED) values ('chenyl','26298623','亚莉','陈','女',null,'8','chenyalicc@163.com','15900590989','60130229',null,null,'LOC-2',null,'自忠路1-404',null,null,null,null,null,'255','吴墩才','干训部','N');
Insert into OA.EMPLOYEES (USER_NAME,PASSWORD,FIRST_NAME,LAST_NAME,GENDER,MGR_ID,DEPT_ID,EMAIL,MOBILE,OFFICE_PHONE,HOME_PHONE,FAX,LOCATION_ID,HOME_ADDRESS,OFFICE_ADDRESS,LAST_UPDATED_BY,LAST_UPDATED_AT,CREATED_BY,CREATED_AT,TITLE,ID,MGR_NAME,DEPT_NAME,EXPIRED) values ('chenbl','welcome1','必聆','陈','女',null,'9','ling 620110 @ QQ.com','13917369366','61769392',null,null,'LOC-1',null,'丽园路303',null,null,null,null,null,'256','奚晓晶','编辑部','N');
Insert into OA.EMPLOYEES (USER_NAME,PASSWORD,FIRST_NAME,LAST_NAME,GENDER,MGR_ID,DEPT_ID,EMAIL,MOBILE,OFFICE_PHONE,HOME_PHONE,FAX,LOCATION_ID,HOME_ADDRESS,OFFICE_ADDRESS,LAST_UPDATED_BY,LAST_UPDATED_AT,CREATED_BY,CREATED_AT,TITLE,ID,MGR_NAME,DEPT_NAME,EXPIRED) values ('yangdp','welcome1','东平','杨','男',null,'9','ydongp@163.com','13918797398','61769390',null,null,'LOC-1',null,'丽园路303',null,null,null,null,null,'257','奚晓晶','编辑部','N');
Insert into OA.EMPLOYEES (USER_NAME,PASSWORD,FIRST_NAME,LAST_NAME,GENDER,MGR_ID,DEPT_ID,EMAIL,MOBILE,OFFICE_PHONE,HOME_PHONE,FAX,LOCATION_ID,HOME_ADDRESS,OFFICE_ADDRESS,LAST_UPDATED_BY,LAST_UPDATED_AT,CREATED_BY,CREATED_AT,TITLE,ID,MGR_NAME,DEPT_NAME,EXPIRED) values ('wuly','welcome1','立云','吴','女',null,'9','wuliyun@hpe.cn','13601989606','61769393',null,null,'LOC-1',null,'丽园路303',null,null,null,null,null,'258','奚晓晶','编辑部','N');
Insert into OA.EMPLOYEES (USER_NAME,PASSWORD,FIRST_NAME,LAST_NAME,GENDER,MGR_ID,DEPT_ID,EMAIL,MOBILE,OFFICE_PHONE,HOME_PHONE,FAX,LOCATION_ID,HOME_ADDRESS,OFFICE_ADDRESS,LAST_UPDATED_BY,LAST_UPDATED_AT,CREATED_BY,CREATED_AT,TITLE,ID,MGR_NAME,DEPT_NAME,EXPIRED) values ('xiaj','welcome1','军','夏','男',null,'9','aqxiajun@sohu.com','13661644567','61769391',null,null,'LOC-1',null,'丽园路303',null,null,null,null,null,'259','奚晓晶','编辑部','N');
Insert into OA.EMPLOYEES (USER_NAME,PASSWORD,FIRST_NAME,LAST_NAME,GENDER,MGR_ID,DEPT_ID,EMAIL,MOBILE,OFFICE_PHONE,HOME_PHONE,FAX,LOCATION_ID,HOME_ADDRESS,OFFICE_ADDRESS,LAST_UPDATED_BY,LAST_UPDATED_AT,CREATED_BY,CREATED_AT,TITLE,ID,MGR_NAME,DEPT_NAME,EXPIRED) values ('raob','welcome1','滨','饶','女',null,'9','13611897708@139.com','13611897708','61769395',null,null,'LOC-1',null,'丽园路303',null,null,null,null,null,'260','奚晓晶','编辑部','N');
Insert into OA.EMPLOYEES (USER_NAME,PASSWORD,FIRST_NAME,LAST_NAME,GENDER,MGR_ID,DEPT_ID,EMAIL,MOBILE,OFFICE_PHONE,HOME_PHONE,FAX,LOCATION_ID,HOME_ADDRESS,OFFICE_ADDRESS,LAST_UPDATED_BY,LAST_UPDATED_AT,CREATED_BY,CREATED_AT,TITLE,ID,MGR_NAME,DEPT_NAME,EXPIRED) values ('hujm','kx8872805','建民','胡','男',null,'10','shlwhjm@yahoo.com.cn','13816320346','60130192',null,null,'LOC-2',null,'自忠路3-201',null,null,null,null,null,'261','胡建民','发展部','N');
REM INSERTING into OA.HELPDESK_CALLS
Insert into OA.HELPDESK_CALLS (CALL_ID,CALL_READABLE_ID,CALLER_ID,CALLEE_ID,LOCATION_ID,LOCATION_DETAIL,CREATE_BY,CREATE_AT,LAST_UPDATED_BY,LAST_UPDATED_AT,STATE,CALL_RESULT,CALL_RESULT_DETAIL,CALL_EVAL,CALL_EVAL_DETAIL,REASON_LEVEL_1,REASON_LEVEL_2,REASON_LEVEL_3,REASON_DETAIL,SUBMIT_AT,CALLEE_DISPLAY_NAME,BELONG_TO_DEPT,AFFAIR_REVIEW_NOTE) values ('100007','BX-100007','273','250','LOC-2','自忠路455号1204',null,null,null,null,'已评价','修复',null,'非常满意',null,'信息','计算机关联设备','打印机故障',null,to_date('22-APR-13','DD-MON-RR'),null,'11',null);
Insert into OA.HELPDESK_CALLS (CALL_ID,CALL_READABLE_ID,CALLER_ID,CALLEE_ID,LOCATION_ID,LOCATION_DETAIL,CREATE_BY,CREATE_AT,LAST_UPDATED_BY,LAST_UPDATED_AT,STATE,CALL_RESULT,CALL_RESULT_DETAIL,CALL_EVAL,CALL_EVAL_DETAIL,REASON_LEVEL_1,REASON_LEVEL_2,REASON_LEVEL_3,REASON_DETAIL,SUBMIT_AT,CALLEE_DISPLAY_NAME,BELONG_TO_DEPT,AFFAIR_REVIEW_NOTE) values ('100024','BX-100024','273','250','LOC-2','1204',null,null,null,null,'已评价','修复',null,'非常满意',null,'信息','计算机关联设备','打印机故障',null,to_date('26-APR-13','DD-MON-RR'),null,'11',null);
Insert into OA.HELPDESK_CALLS (CALL_ID,CALL_READABLE_ID,CALLER_ID,CALLEE_ID,LOCATION_ID,LOCATION_DETAIL,CREATE_BY,CREATE_AT,LAST_UPDATED_BY,LAST_UPDATED_AT,STATE,CALL_RESULT,CALL_RESULT_DETAIL,CALL_EVAL,CALL_EVAL_DETAIL,REASON_LEVEL_1,REASON_LEVEL_2,REASON_LEVEL_3,REASON_DETAIL,SUBMIT_AT,CALLEE_DISPLAY_NAME,BELONG_TO_DEPT,AFFAIR_REVIEW_NOTE) values ('100025','BX-100025','213','293','LOC-2','2号楼405室',null,null,null,null,'已处理',null,null,null,null,'总务','教学办公等设备','打印机','墨盒要加粉了',to_date('26-APR-13','DD-MON-RR'),null,'14','a');
Insert into OA.HELPDESK_CALLS (CALL_ID,CALL_READABLE_ID,CALLER_ID,CALLEE_ID,LOCATION_ID,LOCATION_DETAIL,CREATE_BY,CREATE_AT,LAST_UPDATED_BY,LAST_UPDATED_AT,STATE,CALL_RESULT,CALL_RESULT_DETAIL,CALL_EVAL,CALL_EVAL_DETAIL,REASON_LEVEL_1,REASON_LEVEL_2,REASON_LEVEL_3,REASON_DETAIL,SUBMIT_AT,CALLEE_DISPLAY_NAME,BELONG_TO_DEPT,AFFAIR_REVIEW_NOTE) values ('100026','BX-100026','216','250','LOC-2','2403',null,null,null,null,'已评价','修复','打印正常使用 IE6.0已升级至8.0平台可以正常登陆.','非常满意',null,'信息','计算机关联设备','打印机故障','打印机显示乱码',to_date('27-APR-13','DD-MON-RR'),null,'11',null);
Insert into OA.HELPDESK_CALLS (CALL_ID,CALL_READABLE_ID,CALLER_ID,CALLEE_ID,LOCATION_ID,LOCATION_DETAIL,CREATE_BY,CREATE_AT,LAST_UPDATED_BY,LAST_UPDATED_AT,STATE,CALL_RESULT,CALL_RESULT_DETAIL,CALL_EVAL,CALL_EVAL_DETAIL,REASON_LEVEL_1,REASON_LEVEL_2,REASON_LEVEL_3,REASON_DETAIL,SUBMIT_AT,CALLEE_DISPLAY_NAME,BELONG_TO_DEPT,AFFAIR_REVIEW_NOTE) values ('100027','BX-100027','282','250','LOC-2','自忠路3号楼310会议室',null,null,null,null,'已评价','转总务','需要清理过滤网 请总务老师联系投影机公司过来清洗.','满意',null,'信息','计算机关联设备','投影设备','310会议室投影仪需清洗过滤网片',to_date('27-APR-13','DD-MON-RR'),null,'11','a');
Insert into OA.HELPDESK_CALLS (CALL_ID,CALL_READABLE_ID,CALLER_ID,CALLEE_ID,LOCATION_ID,LOCATION_DETAIL,CREATE_BY,CREATE_AT,LAST_UPDATED_BY,LAST_UPDATED_AT,STATE,CALL_RESULT,CALL_RESULT_DETAIL,CALL_EVAL,CALL_EVAL_DETAIL,REASON_LEVEL_1,REASON_LEVEL_2,REASON_LEVEL_3,REASON_DETAIL,SUBMIT_AT,CALLEE_DISPLAY_NAME,BELONG_TO_DEPT,AFFAIR_REVIEW_NOTE) values ('100042','BX-100042','250',null,'LOC-2','自忠路455号1号楼302教室',null,null,null,null,'已取消',null,null,null,null,'总务','教学办公等设备','监控','自忠路1号楼302教室墙壁喇叭不通电.',to_date('16-MAY-13','DD-MON-RR'),null,'14',null);
Insert into OA.HELPDESK_CALLS (CALL_ID,CALL_READABLE_ID,CALLER_ID,CALLEE_ID,LOCATION_ID,LOCATION_DETAIL,CREATE_BY,CREATE_AT,LAST_UPDATED_BY,LAST_UPDATED_AT,STATE,CALL_RESULT,CALL_RESULT_DETAIL,CALL_EVAL,CALL_EVAL_DETAIL,REASON_LEVEL_1,REASON_LEVEL_2,REASON_LEVEL_3,REASON_DETAIL,SUBMIT_AT,CALLEE_DISPLAY_NAME,BELONG_TO_DEPT,AFFAIR_REVIEW_NOTE) values ('100002','BX-100002','267','273','LOC-2','1204室',null,null,null,null,'已评价','修复',null,'非常满意',null,'信息','计算机硬件问题','计算机故障','不能启动',to_date('22-APR-13','DD-MON-RR'),null,'11',null);
Insert into OA.HELPDESK_CALLS (CALL_ID,CALL_READABLE_ID,CALLER_ID,CALLEE_ID,LOCATION_ID,LOCATION_DETAIL,CREATE_BY,CREATE_AT,LAST_UPDATED_BY,LAST_UPDATED_AT,STATE,CALL_RESULT,CALL_RESULT_DETAIL,CALL_EVAL,CALL_EVAL_DETAIL,REASON_LEVEL_1,REASON_LEVEL_2,REASON_LEVEL_3,REASON_DETAIL,SUBMIT_AT,CALLEE_DISPLAY_NAME,BELONG_TO_DEPT,AFFAIR_REVIEW_NOTE) values ('100022','BX-100022','250',null,'LOC-2','自忠路455号',null,null,null,null,'已取消',null,null,null,null,'信息','网络问题','网络不通',null,to_date('26-APR-13','DD-MON-RR'),null,'11',null);
Insert into OA.HELPDESK_CALLS (CALL_ID,CALL_READABLE_ID,CALLER_ID,CALLEE_ID,LOCATION_ID,LOCATION_DETAIL,CREATE_BY,CREATE_AT,LAST_UPDATED_BY,LAST_UPDATED_AT,STATE,CALL_RESULT,CALL_RESULT_DETAIL,CALL_EVAL,CALL_EVAL_DETAIL,REASON_LEVEL_1,REASON_LEVEL_2,REASON_LEVEL_3,REASON_DETAIL,SUBMIT_AT,CALLEE_DISPLAY_NAME,BELONG_TO_DEPT,AFFAIR_REVIEW_NOTE) values ('100023','BX-100023','249','267','LOC-2','师训部',null,null,null,null,'已评价','修复',null,'满意',null,'信息','计算机硬件问题','计算机故障',null,to_date('26-APR-13','DD-MON-RR'),null,'11',null);
Insert into OA.HELPDESK_CALLS (CALL_ID,CALL_READABLE_ID,CALLER_ID,CALLEE_ID,LOCATION_ID,LOCATION_DETAIL,CREATE_BY,CREATE_AT,LAST_UPDATED_BY,LAST_UPDATED_AT,STATE,CALL_RESULT,CALL_RESULT_DETAIL,CALL_EVAL,CALL_EVAL_DETAIL,REASON_LEVEL_1,REASON_LEVEL_2,REASON_LEVEL_3,REASON_DETAIL,SUBMIT_AT,CALLEE_DISPLAY_NAME,BELONG_TO_DEPT,AFFAIR_REVIEW_NOTE) values ('100028','BX-100028','244','305','LOC-2','2204办公室',null,null,null,null,'已评价','修复',null,'非常满意',null,'总务','其它','其它','有根灯管坏了，不停闪烁',to_date('28-APR-13','DD-MON-RR'),null,'14',null);
Insert into OA.HELPDESK_CALLS (CALL_ID,CALL_READABLE_ID,CALLER_ID,CALLEE_ID,LOCATION_ID,LOCATION_DETAIL,CREATE_BY,CREATE_AT,LAST_UPDATED_BY,LAST_UPDATED_AT,STATE,CALL_RESULT,CALL_RESULT_DETAIL,CALL_EVAL,CALL_EVAL_DETAIL,REASON_LEVEL_1,REASON_LEVEL_2,REASON_LEVEL_3,REASON_DETAIL,SUBMIT_AT,CALLEE_DISPLAY_NAME,BELONG_TO_DEPT,AFFAIR_REVIEW_NOTE) values ('100041','BX-100041','250',null,'LOC-2','自忠路455号1号楼302教室',null,null,null,null,'已取消',null,null,null,null,'总务','教学办公等设备','电脑','1号楼302教室墙上喇叭电源不通电.',to_date('16-MAY-13','DD-MON-RR'),null,'14',null);
Insert into OA.HELPDESK_CALLS (CALL_ID,CALL_READABLE_ID,CALLER_ID,CALLEE_ID,LOCATION_ID,LOCATION_DETAIL,CREATE_BY,CREATE_AT,LAST_UPDATED_BY,LAST_UPDATED_AT,STATE,CALL_RESULT,CALL_RESULT_DETAIL,CALL_EVAL,CALL_EVAL_DETAIL,REASON_LEVEL_1,REASON_LEVEL_2,REASON_LEVEL_3,REASON_DETAIL,SUBMIT_AT,CALLEE_DISPLAY_NAME,BELONG_TO_DEPT,AFFAIR_REVIEW_NOTE) values ('100010','BX-100010','266','278','LOC-1','206',null,null,null,null,'已处理','修复',null,null,null,'信息','计算机硬件问题','计算机故障',null,to_date('22-APR-13','DD-MON-RR'),null,'11',null);
Insert into OA.HELPDESK_CALLS (CALL_ID,CALL_READABLE_ID,CALLER_ID,CALLEE_ID,LOCATION_ID,LOCATION_DETAIL,CREATE_BY,CREATE_AT,LAST_UPDATED_BY,LAST_UPDATED_AT,STATE,CALL_RESULT,CALL_RESULT_DETAIL,CALL_EVAL,CALL_EVAL_DETAIL,REASON_LEVEL_1,REASON_LEVEL_2,REASON_LEVEL_3,REASON_DETAIL,SUBMIT_AT,CALLEE_DISPLAY_NAME,BELONG_TO_DEPT,AFFAIR_REVIEW_NOTE) values ('100011','BX-100011','273','269','LOC-2','1204',null,null,null,null,'已分派',null,null,null,null,'信息','计算机软件问题','程序出错',null,to_date('22-APR-13','DD-MON-RR'),null,'11',null);
Insert into OA.HELPDESK_CALLS (CALL_ID,CALL_READABLE_ID,CALLER_ID,CALLEE_ID,LOCATION_ID,LOCATION_DETAIL,CREATE_BY,CREATE_AT,LAST_UPDATED_BY,LAST_UPDATED_AT,STATE,CALL_RESULT,CALL_RESULT_DETAIL,CALL_EVAL,CALL_EVAL_DETAIL,REASON_LEVEL_1,REASON_LEVEL_2,REASON_LEVEL_3,REASON_DETAIL,SUBMIT_AT,CALLEE_DISPLAY_NAME,BELONG_TO_DEPT,AFFAIR_REVIEW_NOTE) values ('100012','BX-100012','245','291','LOC-2','2202',null,null,null,null,'已处理','修复',null,null,null,'总务','教学办公等设备','电脑','台式电脑液晶屏中间有一条缝。',to_date('23-APR-13','DD-MON-RR'),null,'14',null);
Insert into OA.HELPDESK_CALLS (CALL_ID,CALL_READABLE_ID,CALLER_ID,CALLEE_ID,LOCATION_ID,LOCATION_DETAIL,CREATE_BY,CREATE_AT,LAST_UPDATED_BY,LAST_UPDATED_AT,STATE,CALL_RESULT,CALL_RESULT_DETAIL,CALL_EVAL,CALL_EVAL_DETAIL,REASON_LEVEL_1,REASON_LEVEL_2,REASON_LEVEL_3,REASON_DETAIL,SUBMIT_AT,CALLEE_DISPLAY_NAME,BELONG_TO_DEPT,AFFAIR_REVIEW_NOTE) values ('100029','BX-100029','284','273','LOC-2','3号楼310会议室',null,null,null,null,'已评价','修复',null,'非常满意',null,'信息','计算机关联设备','音响设备','音响有杂音',to_date('28-APR-13','DD-MON-RR'),null,'11',null);
Insert into OA.HELPDESK_CALLS (CALL_ID,CALL_READABLE_ID,CALLER_ID,CALLEE_ID,LOCATION_ID,LOCATION_DETAIL,CREATE_BY,CREATE_AT,LAST_UPDATED_BY,LAST_UPDATED_AT,STATE,CALL_RESULT,CALL_RESULT_DETAIL,CALL_EVAL,CALL_EVAL_DETAIL,REASON_LEVEL_1,REASON_LEVEL_2,REASON_LEVEL_3,REASON_DETAIL,SUBMIT_AT,CALLEE_DISPLAY_NAME,BELONG_TO_DEPT,AFFAIR_REVIEW_NOTE) values ('100001','BX-100001','155','297','LOC-2','3号楼3楼副院长墙壁挂画',null,null,null,null,'已分派',null,null,null,null,'总务','物业','门窗','画和画框脱落',to_date('22-APR-13','DD-MON-RR'),null,'14',null);
Insert into OA.HELPDESK_CALLS (CALL_ID,CALL_READABLE_ID,CALLER_ID,CALLEE_ID,LOCATION_ID,LOCATION_DETAIL,CREATE_BY,CREATE_AT,LAST_UPDATED_BY,LAST_UPDATED_AT,STATE,CALL_RESULT,CALL_RESULT_DETAIL,CALL_EVAL,CALL_EVAL_DETAIL,REASON_LEVEL_1,REASON_LEVEL_2,REASON_LEVEL_3,REASON_DETAIL,SUBMIT_AT,CALLEE_DISPLAY_NAME,BELONG_TO_DEPT,AFFAIR_REVIEW_NOTE) values ('100005','BX-100005','213',null,'LOC-2','2号楼405',null,null,null,null,'已取消',null,null,null,null,'总务','教学办公等设备','打印机','打印机的要加粉了',null,null,null,null);
Insert into OA.HELPDESK_CALLS (CALL_ID,CALL_READABLE_ID,CALLER_ID,CALLEE_ID,LOCATION_ID,LOCATION_DETAIL,CREATE_BY,CREATE_AT,LAST_UPDATED_BY,LAST_UPDATED_AT,STATE,CALL_RESULT,CALL_RESULT_DETAIL,CALL_EVAL,CALL_EVAL_DETAIL,REASON_LEVEL_1,REASON_LEVEL_2,REASON_LEVEL_3,REASON_DETAIL,SUBMIT_AT,CALLEE_DISPLAY_NAME,BELONG_TO_DEPT,AFFAIR_REVIEW_NOTE) values ('100006','BX-100006','267','250','LOC-2','1204',null,null,null,null,'已评价','修复',null,'非常满意',null,'信息','计算机关联设备','U盘或移动硬盘故障','2121',to_date('22-APR-13','DD-MON-RR'),null,'11',null);
Insert into OA.HELPDESK_CALLS (CALL_ID,CALL_READABLE_ID,CALLER_ID,CALLEE_ID,LOCATION_ID,LOCATION_DETAIL,CREATE_BY,CREATE_AT,LAST_UPDATED_BY,LAST_UPDATED_AT,STATE,CALL_RESULT,CALL_RESULT_DETAIL,CALL_EVAL,CALL_EVAL_DETAIL,REASON_LEVEL_1,REASON_LEVEL_2,REASON_LEVEL_3,REASON_DETAIL,SUBMIT_AT,CALLEE_DISPLAY_NAME,BELONG_TO_DEPT,AFFAIR_REVIEW_NOTE) values ('100008','BX-100008','267','278','LOC-2','1204',null,null,null,null,'已处理','转总务',null,null,null,'信息','计算机软件问题','程序出错',null,to_date('22-APR-13','DD-MON-RR'),null,'11','nnnnn');
Insert into OA.HELPDESK_CALLS (CALL_ID,CALL_READABLE_ID,CALLER_ID,CALLEE_ID,LOCATION_ID,LOCATION_DETAIL,CREATE_BY,CREATE_AT,LAST_UPDATED_BY,LAST_UPDATED_AT,STATE,CALL_RESULT,CALL_RESULT_DETAIL,CALL_EVAL,CALL_EVAL_DETAIL,REASON_LEVEL_1,REASON_LEVEL_2,REASON_LEVEL_3,REASON_DETAIL,SUBMIT_AT,CALLEE_DISPLAY_NAME,BELONG_TO_DEPT,AFFAIR_REVIEW_NOTE) values ('100009','BX-100009','266',null,'LOC-2','1204',null,null,null,null,'已取消',null,null,null,null,'信息','网络问题','网速慢',null,to_date('22-APR-13','DD-MON-RR'),null,'11',null);
Insert into OA.HELPDESK_CALLS (CALL_ID,CALL_READABLE_ID,CALLER_ID,CALLEE_ID,LOCATION_ID,LOCATION_DETAIL,CREATE_BY,CREATE_AT,LAST_UPDATED_BY,LAST_UPDATED_AT,STATE,CALL_RESULT,CALL_RESULT_DETAIL,CALL_EVAL,CALL_EVAL_DETAIL,REASON_LEVEL_1,REASON_LEVEL_2,REASON_LEVEL_3,REASON_DETAIL,SUBMIT_AT,CALLEE_DISPLAY_NAME,BELONG_TO_DEPT,AFFAIR_REVIEW_NOTE) values ('100021','BX-100021','251','291','LOC-2','1号楼405',null,null,null,null,'已处理',null,null,null,null,'总务','其它','其它','网线规整、补墙面洞',to_date('24-APR-13','DD-MON-RR'),null,'14','a');
Insert into OA.HELPDESK_CALLS (CALL_ID,CALL_READABLE_ID,CALLER_ID,CALLEE_ID,LOCATION_ID,LOCATION_DETAIL,CREATE_BY,CREATE_AT,LAST_UPDATED_BY,LAST_UPDATED_AT,STATE,CALL_RESULT,CALL_RESULT_DETAIL,CALL_EVAL,CALL_EVAL_DETAIL,REASON_LEVEL_1,REASON_LEVEL_2,REASON_LEVEL_3,REASON_DETAIL,SUBMIT_AT,CALLEE_DISPLAY_NAME,BELONG_TO_DEPT,AFFAIR_REVIEW_NOTE) values ('100003','BX-100003','266','250','LOC-2','1204',null,null,null,null,'已取消',null,null,null,null,'信息','计算机软件问题','程序出错',null,to_date('22-APR-13','DD-MON-RR'),null,'11',null);
Insert into OA.HELPDESK_CALLS (CALL_ID,CALL_READABLE_ID,CALLER_ID,CALLEE_ID,LOCATION_ID,LOCATION_DETAIL,CREATE_BY,CREATE_AT,LAST_UPDATED_BY,LAST_UPDATED_AT,STATE,CALL_RESULT,CALL_RESULT_DETAIL,CALL_EVAL,CALL_EVAL_DETAIL,REASON_LEVEL_1,REASON_LEVEL_2,REASON_LEVEL_3,REASON_DETAIL,SUBMIT_AT,CALLEE_DISPLAY_NAME,BELONG_TO_DEPT,AFFAIR_REVIEW_NOTE) values ('100004','BX-100004','266','267','LOC-2','1204',null,null,null,null,'已取消',null,null,null,null,'信息','计算机关联设备','打印机故障','无墨',to_date('22-APR-13','DD-MON-RR'),null,'11',null);
REM INSERTING into OA.HELPDESK_ROLES
Insert into OA.HELPDESK_ROLES (LOCATION_ID,HELPDESK_REASON,ROLE_NAME,DEPT_ID,CREATED_AT,CREATED_BY) values (null,'总务','总务报修分派','14',null,null);
Insert into OA.HELPDESK_ROLES (LOCATION_ID,HELPDESK_REASON,ROLE_NAME,DEPT_ID,CREATED_AT,CREATED_BY) values (null,'信息','信息报修分派','11',null,null);
REM INSERTING into OA.ITEM_CATEGORY_APPROVAL
Insert into OA.ITEM_CATEGORY_APPROVAL (ITEM_CATEGORY,APPROVAL_LIMIT) values ('办公用品',0);
Insert into OA.ITEM_CATEGORY_APPROVAL (ITEM_CATEGORY,APPROVAL_LIMIT) values ('生活用品',0);
Insert into OA.ITEM_CATEGORY_APPROVAL (ITEM_CATEGORY,APPROVAL_LIMIT) values ('政府采购用品',0);
Insert into OA.ITEM_CATEGORY_APPROVAL (ITEM_CATEGORY,APPROVAL_LIMIT) values ('水果点心',0);
REM INSERTING into OA.LOCATIONS
Insert into OA.LOCATIONS (LOCATION_ID,FAX,STREET_ADDRESS,POSTAL_CODE,LOCATION_NAME,FRONT_DESK_PHONE,CREATED_AT,CREATED_BY,LAST_UPDATED_AT,LAST_UPDATED_BY,EXPIRED) values ('LOC-1',null,null,null,'丽园',null,null,null,null,null,'N');
Insert into OA.LOCATIONS (LOCATION_ID,FAX,STREET_ADDRESS,POSTAL_CODE,LOCATION_NAME,FRONT_DESK_PHONE,CREATED_AT,CREATED_BY,LAST_UPDATED_AT,LAST_UPDATED_BY,EXPIRED) values ('LOC-2',null,null,null,'自忠',null,null,null,null,null,'N');
REM INSERTING into OA.LOVS
Insert into OA.LOVS (ID,CODE,LOV_DESC,PARENT_CODE,VALUE,CREATED_AT,CREATED_BY,LAST_UPDATED_BY,LAST_UPDATED_AT,FLEX_COL1,FLEX_COL2,FLEX_COL3,EXPIRED) values ('501','ClsRm',null,null,'Z1-203',null,null,null,null,'LOC-2','(40座)',null,'N');
Insert into OA.LOVS (ID,CODE,LOV_DESC,PARENT_CODE,VALUE,CREATED_AT,CREATED_BY,LAST_UPDATED_BY,LAST_UPDATED_AT,FLEX_COL1,FLEX_COL2,FLEX_COL3,EXPIRED) values ('1','ClsRm',null,null,'L209',null,null,null,null,'LOC-1','(40座)',null,'N');
Insert into OA.LOVS (ID,CODE,LOV_DESC,PARENT_CODE,VALUE,CREATED_AT,CREATED_BY,LAST_UPDATED_BY,LAST_UPDATED_AT,FLEX_COL1,FLEX_COL2,FLEX_COL3,EXPIRED) values ('2','ClsRm',null,null,'L212',null,null,null,null,'LOC-1','(40座)',null,'N');
Insert into OA.LOVS (ID,CODE,LOV_DESC,PARENT_CODE,VALUE,CREATED_AT,CREATED_BY,LAST_UPDATED_BY,LAST_UPDATED_AT,FLEX_COL1,FLEX_COL2,FLEX_COL3,EXPIRED) values ('3','ClsRm',null,null,'L-308',null,null,null,null,'LOC-1','(50座)',null,'N');
Insert into OA.LOVS (ID,CODE,LOV_DESC,PARENT_CODE,VALUE,CREATED_AT,CREATED_BY,LAST_UPDATED_BY,LAST_UPDATED_AT,FLEX_COL1,FLEX_COL2,FLEX_COL3,EXPIRED) values ('4','ClsRm',null,null,'Z1-301',null,null,null,null,'LOC-2','(48座)',null,'N');
Insert into OA.LOVS (ID,CODE,LOV_DESC,PARENT_CODE,VALUE,CREATED_AT,CREATED_BY,LAST_UPDATED_BY,LAST_UPDATED_AT,FLEX_COL1,FLEX_COL2,FLEX_COL3,EXPIRED) values ('5','ClsRm',null,null,'Z1-302',null,null,null,null,'LOC-2','(48座)',null,'N');
Insert into OA.LOVS (ID,CODE,LOV_DESC,PARENT_CODE,VALUE,CREATED_AT,CREATED_BY,LAST_UPDATED_BY,LAST_UPDATED_AT,FLEX_COL1,FLEX_COL2,FLEX_COL3,EXPIRED) values ('6','ClsRm',null,null,'Z1-303',null,null,null,null,'LOC-2','(48座)',null,'N');
Insert into OA.LOVS (ID,CODE,LOV_DESC,PARENT_CODE,VALUE,CREATED_AT,CREATED_BY,LAST_UPDATED_BY,LAST_UPDATED_AT,FLEX_COL1,FLEX_COL2,FLEX_COL3,EXPIRED) values ('7','ClsRm',null,null,'Z1-304',null,null,null,null,'LOC-2','(48座)',null,'N');
Insert into OA.LOVS (ID,CODE,LOV_DESC,PARENT_CODE,VALUE,CREATED_AT,CREATED_BY,LAST_UPDATED_BY,LAST_UPDATED_AT,FLEX_COL1,FLEX_COL2,FLEX_COL3,EXPIRED) values ('8','ClsRm',null,null,'Z1-402',null,null,null,null,'LOC-2','(35座)',null,'N');
Insert into OA.LOVS (ID,CODE,LOV_DESC,PARENT_CODE,VALUE,CREATED_AT,CREATED_BY,LAST_UPDATED_BY,LAST_UPDATED_AT,FLEX_COL1,FLEX_COL2,FLEX_COL3,EXPIRED) values ('9','ClsRm',null,null,'Z1-403',null,null,null,null,'LOC-2','(20座)',null,'N');
Insert into OA.LOVS (ID,CODE,LOV_DESC,PARENT_CODE,VALUE,CREATED_AT,CREATED_BY,LAST_UPDATED_BY,LAST_UPDATED_AT,FLEX_COL1,FLEX_COL2,FLEX_COL3,EXPIRED) values ('10','ClsRm',null,null,'Z1-501',null,null,null,null,'LOC-2','(48座)',null,'N');
Insert into OA.LOVS (ID,CODE,LOV_DESC,PARENT_CODE,VALUE,CREATED_AT,CREATED_BY,LAST_UPDATED_BY,LAST_UPDATED_AT,FLEX_COL1,FLEX_COL2,FLEX_COL3,EXPIRED) values ('11','ClsRm',null,null,'Z1-502',null,null,null,null,'LOC-2','(48座)',null,'N');
Insert into OA.LOVS (ID,CODE,LOV_DESC,PARENT_CODE,VALUE,CREATED_AT,CREATED_BY,LAST_UPDATED_BY,LAST_UPDATED_AT,FLEX_COL1,FLEX_COL2,FLEX_COL3,EXPIRED) values ('12','ClsRm',null,null,'Z1-503',null,null,null,null,'LOC-2','(48座)',null,'N');
Insert into OA.LOVS (ID,CODE,LOV_DESC,PARENT_CODE,VALUE,CREATED_AT,CREATED_BY,LAST_UPDATED_BY,LAST_UPDATED_AT,FLEX_COL1,FLEX_COL2,FLEX_COL3,EXPIRED) values ('13','ClsRm',null,null,'ZJTJS',null,null,null,null,'LOC-2','(65座)',null,'N');
Insert into OA.LOVS (ID,CODE,LOV_DESC,PARENT_CODE,VALUE,CREATED_AT,CREATED_BY,LAST_UPDATED_BY,LAST_UPDATED_AT,FLEX_COL1,FLEX_COL2,FLEX_COL3,EXPIRED) values ('14','ClsRmBatchSeq','Class Room Batch Sequence',null,'25',null,null,'徐晋',null,null,null,null,'N');
Insert into OA.LOVS (ID,CODE,LOV_DESC,PARENT_CODE,VALUE,CREATED_AT,CREATED_BY,LAST_UPDATED_BY,LAST_UPDATED_AT,FLEX_COL1,FLEX_COL2,FLEX_COL3,EXPIRED) values ('20','ConfRm',null,null,'L201',null,null,null,null,null,'（20座）','LOC-1','N');
Insert into OA.LOVS (ID,CODE,LOV_DESC,PARENT_CODE,VALUE,CREATED_AT,CREATED_BY,LAST_UPDATED_BY,LAST_UPDATED_AT,FLEX_COL1,FLEX_COL2,FLEX_COL3,EXPIRED) values ('21','ConfRm',null,null,'L211',null,null,null,null,null,'（130座）','LOC-1','N');
Insert into OA.LOVS (ID,CODE,LOV_DESC,PARENT_CODE,VALUE,CREATED_AT,CREATED_BY,LAST_UPDATED_BY,LAST_UPDATED_AT,FLEX_COL1,FLEX_COL2,FLEX_COL3,EXPIRED) values ('22','ConfRm',null,null,'L410',null,null,null,null,null,'（50座）','LOC-1','N');
Insert into OA.LOVS (ID,CODE,LOV_DESC,PARENT_CODE,VALUE,CREATED_AT,CREATED_BY,LAST_UPDATED_BY,LAST_UPDATED_AT,FLEX_COL1,FLEX_COL2,FLEX_COL3,EXPIRED) values ('23','ConfRm',null,null,'L411',null,null,null,null,null,'（20座）','LOC-1','N');
Insert into OA.LOVS (ID,CODE,LOV_DESC,PARENT_CODE,VALUE,CREATED_AT,CREATED_BY,LAST_UPDATED_BY,LAST_UPDATED_AT,FLEX_COL1,FLEX_COL2,FLEX_COL3,EXPIRED) values ('24','ConfRm',null,null,'L506',null,null,null,null,null,'（30座）','LOC-1','N');
Insert into OA.LOVS (ID,CODE,LOV_DESC,PARENT_CODE,VALUE,CREATED_AT,CREATED_BY,LAST_UPDATED_BY,LAST_UPDATED_AT,FLEX_COL1,FLEX_COL2,FLEX_COL3,EXPIRED) values ('25','ConfRm',null,null,'L511',null,null,null,null,null,'（10座）','LOC-1','N');
Insert into OA.LOVS (ID,CODE,LOV_DESC,PARENT_CODE,VALUE,CREATED_AT,CREATED_BY,LAST_UPDATED_BY,LAST_UPDATED_AT,FLEX_COL1,FLEX_COL2,FLEX_COL3,EXPIRED) values ('26','ConfRm',null,null,'Z1-101',null,null,null,null,null,'（33座）','LOC-2','N');
Insert into OA.LOVS (ID,CODE,LOV_DESC,PARENT_CODE,VALUE,CREATED_AT,CREATED_BY,LAST_UPDATED_BY,LAST_UPDATED_AT,FLEX_COL1,FLEX_COL2,FLEX_COL3,EXPIRED) values ('27','ConfRm',null,null,'Z1-405',null,null,null,null,null,'（10座）','LOC-2','N');
Insert into OA.LOVS (ID,CODE,LOV_DESC,PARENT_CODE,VALUE,CREATED_AT,CREATED_BY,LAST_UPDATED_BY,LAST_UPDATED_AT,FLEX_COL1,FLEX_COL2,FLEX_COL3,EXPIRED) values ('28','ConfRm',null,null,'Z1-505',null,null,null,null,null,'（10座）','LOC-2','N');
Insert into OA.LOVS (ID,CODE,LOV_DESC,PARENT_CODE,VALUE,CREATED_AT,CREATED_BY,LAST_UPDATED_BY,LAST_UPDATED_AT,FLEX_COL1,FLEX_COL2,FLEX_COL3,EXPIRED) values ('29','ConfRm',null,null,'Z2-203',null,null,null,null,null,'（12座）','LOC-2','N');
Insert into OA.LOVS (ID,CODE,LOV_DESC,PARENT_CODE,VALUE,CREATED_AT,CREATED_BY,LAST_UPDATED_BY,LAST_UPDATED_AT,FLEX_COL1,FLEX_COL2,FLEX_COL3,EXPIRED) values ('30','ConfRm',null,null,'Z2-401',null,null,null,null,null,'（16座）','LOC-2','N');
Insert into OA.LOVS (ID,CODE,LOV_DESC,PARENT_CODE,VALUE,CREATED_AT,CREATED_BY,LAST_UPDATED_BY,LAST_UPDATED_AT,FLEX_COL1,FLEX_COL2,FLEX_COL3,EXPIRED) values ('31','ConfRm',null,null,'Z3-104',null,null,null,null,null,'（18座）','LOC-2','N');
Insert into OA.LOVS (ID,CODE,LOV_DESC,PARENT_CODE,VALUE,CREATED_AT,CREATED_BY,LAST_UPDATED_BY,LAST_UPDATED_AT,FLEX_COL1,FLEX_COL2,FLEX_COL3,EXPIRED) values ('32','ConfRm',null,null,'Z3-310',null,null,null,null,null,'（20座）','LOC-2','N');
Insert into OA.LOVS (ID,CODE,LOV_DESC,PARENT_CODE,VALUE,CREATED_AT,CREATED_BY,LAST_UPDATED_BY,LAST_UPDATED_AT,FLEX_COL1,FLEX_COL2,FLEX_COL3,EXPIRED) values ('33','ConfRm',null,null,'Z3-309',null,null,null,null,null,'（6座）','LOC-2','N');
Insert into OA.LOVS (ID,CODE,LOV_DESC,PARENT_CODE,VALUE,CREATED_AT,CREATED_BY,LAST_UPDATED_BY,LAST_UPDATED_AT,FLEX_COL1,FLEX_COL2,FLEX_COL3,EXPIRED) values ('34','ConfRm',null,null,'Z3-304',null,null,null,null,null,'（50座）','LOC-2','N');
Insert into OA.LOVS (ID,CODE,LOV_DESC,PARENT_CODE,VALUE,CREATED_AT,CREATED_BY,LAST_UPDATED_BY,LAST_UPDATED_AT,FLEX_COL1,FLEX_COL2,FLEX_COL3,EXPIRED) values ('35','ConfRm',null,null,'Z3-408',null,null,null,null,null,'（20座）','LOC-2','N');
Insert into OA.LOVS (ID,CODE,LOV_DESC,PARENT_CODE,VALUE,CREATED_AT,CREATED_BY,LAST_UPDATED_BY,LAST_UPDATED_AT,FLEX_COL1,FLEX_COL2,FLEX_COL3,EXPIRED) values ('36','ConfRm',null,null,'Z3-508',null,null,null,null,null,'（115座）','LOC-2','N');
Insert into OA.LOVS (ID,CODE,LOV_DESC,PARENT_CODE,VALUE,CREATED_AT,CREATED_BY,LAST_UPDATED_BY,LAST_UPDATED_AT,FLEX_COL1,FLEX_COL2,FLEX_COL3,EXPIRED) values ('40','Vehicle',null,null,'沪EP7908',null,null,null,null,'帕萨特',null,null,'N');
Insert into OA.LOVS (ID,CODE,LOV_DESC,PARENT_CODE,VALUE,CREATED_AT,CREATED_BY,LAST_UPDATED_BY,LAST_UPDATED_AT,FLEX_COL1,FLEX_COL2,FLEX_COL3,EXPIRED) values ('41','Vehicle',null,null,'沪F28930',null,null,null,null,'别克',null,null,'N');
Insert into OA.LOVS (ID,CODE,LOV_DESC,PARENT_CODE,VALUE,CREATED_AT,CREATED_BY,LAST_UPDATED_BY,LAST_UPDATED_AT,FLEX_COL1,FLEX_COL2,FLEX_COL3,EXPIRED) values ('42','Vehicle',null,null,'沪FA1015',null,null,null,null,'雪弗兰',null,null,'N');
Insert into OA.LOVS (ID,CODE,LOV_DESC,PARENT_CODE,VALUE,CREATED_AT,CREATED_BY,LAST_UPDATED_BY,LAST_UPDATED_AT,FLEX_COL1,FLEX_COL2,FLEX_COL3,EXPIRED) values ('43','Vehicle',null,null,'沪E10589',null,null,null,null,'桑塔纳',null,null,'N');
Insert into OA.LOVS (ID,CODE,LOV_DESC,PARENT_CODE,VALUE,CREATED_AT,CREATED_BY,LAST_UPDATED_BY,LAST_UPDATED_AT,FLEX_COL1,FLEX_COL2,FLEX_COL3,EXPIRED) values ('44','Vehicle',null,null,'沪BD8037',null,null,null,null,'道奇',null,null,'N');
Insert into OA.LOVS (ID,CODE,LOV_DESC,PARENT_CODE,VALUE,CREATED_AT,CREATED_BY,LAST_UPDATED_BY,LAST_UPDATED_AT,FLEX_COL1,FLEX_COL2,FLEX_COL3,EXPIRED) values ('45','Vehicle',null,null,'沪BS9058',null,null,null,null,'全顺',null,null,'N');
Insert into OA.LOVS (ID,CODE,LOV_DESC,PARENT_CODE,VALUE,CREATED_AT,CREATED_BY,LAST_UPDATED_BY,LAST_UPDATED_AT,FLEX_COL1,FLEX_COL2,FLEX_COL3,EXPIRED) values ('47','SnackLevel',null,null,'10',null,null,null,null,'10元',null,null,'N');
Insert into OA.LOVS (ID,CODE,LOV_DESC,PARENT_CODE,VALUE,CREATED_AT,CREATED_BY,LAST_UPDATED_BY,LAST_UPDATED_AT,FLEX_COL1,FLEX_COL2,FLEX_COL3,EXPIRED) values ('48','SnackLevel',null,null,'20',null,null,null,null,'20元',null,null,'N');
Insert into OA.LOVS (ID,CODE,LOV_DESC,PARENT_CODE,VALUE,CREATED_AT,CREATED_BY,LAST_UPDATED_BY,LAST_UPDATED_AT,FLEX_COL1,FLEX_COL2,FLEX_COL3,EXPIRED) values ('50','HdRsnLv1',null,null,'总务',null,null,null,null,null,null,null,'N');
Insert into OA.LOVS (ID,CODE,LOV_DESC,PARENT_CODE,VALUE,CREATED_AT,CREATED_BY,LAST_UPDATED_BY,LAST_UPDATED_AT,FLEX_COL1,FLEX_COL2,FLEX_COL3,EXPIRED) values ('51','HdRsnLv1',null,null,'信息',null,null,null,null,null,null,null,'N');
Insert into OA.LOVS (ID,CODE,LOV_DESC,PARENT_CODE,VALUE,CREATED_AT,CREATED_BY,LAST_UPDATED_BY,LAST_UPDATED_AT,FLEX_COL1,FLEX_COL2,FLEX_COL3,EXPIRED) values ('52','HdRsnLv2',null,'总务','物业',null,null,null,null,null,null,null,'N');
Insert into OA.LOVS (ID,CODE,LOV_DESC,PARENT_CODE,VALUE,CREATED_AT,CREATED_BY,LAST_UPDATED_BY,LAST_UPDATED_AT,FLEX_COL1,FLEX_COL2,FLEX_COL3,EXPIRED) values ('53','HdRsnLv2',null,'总务','教学办公等设备',null,null,null,null,null,null,null,'N');
Insert into OA.LOVS (ID,CODE,LOV_DESC,PARENT_CODE,VALUE,CREATED_AT,CREATED_BY,LAST_UPDATED_BY,LAST_UPDATED_AT,FLEX_COL1,FLEX_COL2,FLEX_COL3,EXPIRED) values ('54','HdRsnLv2',null,'总务','其它',null,null,null,null,null,null,null,'N');
Insert into OA.LOVS (ID,CODE,LOV_DESC,PARENT_CODE,VALUE,CREATED_AT,CREATED_BY,LAST_UPDATED_BY,LAST_UPDATED_AT,FLEX_COL1,FLEX_COL2,FLEX_COL3,EXPIRED) values ('55','HdRsnLv2',null,'信息','网络问题',null,null,null,null,null,null,null,'N');
Insert into OA.LOVS (ID,CODE,LOV_DESC,PARENT_CODE,VALUE,CREATED_AT,CREATED_BY,LAST_UPDATED_BY,LAST_UPDATED_AT,FLEX_COL1,FLEX_COL2,FLEX_COL3,EXPIRED) values ('56','HdRsnLv2',null,'信息','计算机硬件问题',null,null,null,null,null,null,null,'N');
Insert into OA.LOVS (ID,CODE,LOV_DESC,PARENT_CODE,VALUE,CREATED_AT,CREATED_BY,LAST_UPDATED_BY,LAST_UPDATED_AT,FLEX_COL1,FLEX_COL2,FLEX_COL3,EXPIRED) values ('57','HdRsnLv2',null,'信息','计算机软件问题',null,null,null,null,null,null,null,'N');
Insert into OA.LOVS (ID,CODE,LOV_DESC,PARENT_CODE,VALUE,CREATED_AT,CREATED_BY,LAST_UPDATED_BY,LAST_UPDATED_AT,FLEX_COL1,FLEX_COL2,FLEX_COL3,EXPIRED) values ('58','HdRsnLv2',null,'信息','计算机关联设备',null,null,null,null,null,null,null,'N');
Insert into OA.LOVS (ID,CODE,LOV_DESC,PARENT_CODE,VALUE,CREATED_AT,CREATED_BY,LAST_UPDATED_BY,LAST_UPDATED_AT,FLEX_COL1,FLEX_COL2,FLEX_COL3,EXPIRED) values ('59','HdRsnLv2',null,'信息','其它',null,null,null,null,null,null,null,'N');
Insert into OA.LOVS (ID,CODE,LOV_DESC,PARENT_CODE,VALUE,CREATED_AT,CREATED_BY,LAST_UPDATED_BY,LAST_UPDATED_AT,FLEX_COL1,FLEX_COL2,FLEX_COL3,EXPIRED) values ('60','HdRsnLv3',null,'物业','水',null,null,null,null,null,null,null,'N');
Insert into OA.LOVS (ID,CODE,LOV_DESC,PARENT_CODE,VALUE,CREATED_AT,CREATED_BY,LAST_UPDATED_BY,LAST_UPDATED_AT,FLEX_COL1,FLEX_COL2,FLEX_COL3,EXPIRED) values ('61','HdRsnLv3',null,'物业','强电',null,null,null,null,null,null,null,'N');
Insert into OA.LOVS (ID,CODE,LOV_DESC,PARENT_CODE,VALUE,CREATED_AT,CREATED_BY,LAST_UPDATED_BY,LAST_UPDATED_AT,FLEX_COL1,FLEX_COL2,FLEX_COL3,EXPIRED) values ('62','HdRsnLv3',null,'物业','煤气',null,null,null,null,null,null,null,'N');
Insert into OA.LOVS (ID,CODE,LOV_DESC,PARENT_CODE,VALUE,CREATED_AT,CREATED_BY,LAST_UPDATED_BY,LAST_UPDATED_AT,FLEX_COL1,FLEX_COL2,FLEX_COL3,EXPIRED) values ('63','HdRsnLv3',null,'物业','电话',null,null,null,null,null,null,null,'N');
Insert into OA.LOVS (ID,CODE,LOV_DESC,PARENT_CODE,VALUE,CREATED_AT,CREATED_BY,LAST_UPDATED_BY,LAST_UPDATED_AT,FLEX_COL1,FLEX_COL2,FLEX_COL3,EXPIRED) values ('64','HdRsnLv3',null,'物业','锁',null,null,null,null,null,null,null,'N');
Insert into OA.LOVS (ID,CODE,LOV_DESC,PARENT_CODE,VALUE,CREATED_AT,CREATED_BY,LAST_UPDATED_BY,LAST_UPDATED_AT,FLEX_COL1,FLEX_COL2,FLEX_COL3,EXPIRED) values ('65','HdRsnLv3',null,'物业','灯',null,null,null,null,null,null,null,'N');
Insert into OA.LOVS (ID,CODE,LOV_DESC,PARENT_CODE,VALUE,CREATED_AT,CREATED_BY,LAST_UPDATED_BY,LAST_UPDATED_AT,FLEX_COL1,FLEX_COL2,FLEX_COL3,EXPIRED) values ('66','HdRsnLv3',null,'物业','门窗',null,null,null,null,null,null,null,'N');
Insert into OA.LOVS (ID,CODE,LOV_DESC,PARENT_CODE,VALUE,CREATED_AT,CREATED_BY,LAST_UPDATED_BY,LAST_UPDATED_AT,FLEX_COL1,FLEX_COL2,FLEX_COL3,EXPIRED) values ('67','HdRsnLv3',null,'教学办公等设备','打印机',null,null,null,null,null,null,null,'N');
Insert into OA.LOVS (ID,CODE,LOV_DESC,PARENT_CODE,VALUE,CREATED_AT,CREATED_BY,LAST_UPDATED_BY,LAST_UPDATED_AT,FLEX_COL1,FLEX_COL2,FLEX_COL3,EXPIRED) values ('68','HdRsnLv3',null,'教学办公等设备','复印机',null,null,null,null,null,null,null,'N');
Insert into OA.LOVS (ID,CODE,LOV_DESC,PARENT_CODE,VALUE,CREATED_AT,CREATED_BY,LAST_UPDATED_BY,LAST_UPDATED_AT,FLEX_COL1,FLEX_COL2,FLEX_COL3,EXPIRED) values ('69','HdRsnLv3',null,'教学办公等设备','投影',null,null,null,null,null,null,null,'N');
Insert into OA.LOVS (ID,CODE,LOV_DESC,PARENT_CODE,VALUE,CREATED_AT,CREATED_BY,LAST_UPDATED_BY,LAST_UPDATED_AT,FLEX_COL1,FLEX_COL2,FLEX_COL3,EXPIRED) values ('70','HdRsnLv3',null,'教学办公等设备','电脑',null,null,null,null,null,null,null,'N');
Insert into OA.LOVS (ID,CODE,LOV_DESC,PARENT_CODE,VALUE,CREATED_AT,CREATED_BY,LAST_UPDATED_BY,LAST_UPDATED_AT,FLEX_COL1,FLEX_COL2,FLEX_COL3,EXPIRED) values ('71','HdRsnLv3',null,'教学办公等设备','监控',null,null,null,null,null,null,null,'N');
Insert into OA.LOVS (ID,CODE,LOV_DESC,PARENT_CODE,VALUE,CREATED_AT,CREATED_BY,LAST_UPDATED_BY,LAST_UPDATED_AT,FLEX_COL1,FLEX_COL2,FLEX_COL3,EXPIRED) values ('72','HdRsnLv3',null,'其它','其它',null,null,null,null,null,null,null,'N');
Insert into OA.LOVS (ID,CODE,LOV_DESC,PARENT_CODE,VALUE,CREATED_AT,CREATED_BY,LAST_UPDATED_BY,LAST_UPDATED_AT,FLEX_COL1,FLEX_COL2,FLEX_COL3,EXPIRED) values ('73','HdRsnLv3',null,'网络问题','网络不通',null,null,null,null,null,null,null,'N');
Insert into OA.LOVS (ID,CODE,LOV_DESC,PARENT_CODE,VALUE,CREATED_AT,CREATED_BY,LAST_UPDATED_BY,LAST_UPDATED_AT,FLEX_COL1,FLEX_COL2,FLEX_COL3,EXPIRED) values ('74','HdRsnLv3',null,'网络问题','网速慢',null,null,null,null,null,null,null,'N');
Insert into OA.LOVS (ID,CODE,LOV_DESC,PARENT_CODE,VALUE,CREATED_AT,CREATED_BY,LAST_UPDATED_BY,LAST_UPDATED_AT,FLEX_COL1,FLEX_COL2,FLEX_COL3,EXPIRED) values ('75','HdRsnLv3',null,'网络问题','网络冲突',null,null,null,null,null,null,null,'N');
Insert into OA.LOVS (ID,CODE,LOV_DESC,PARENT_CODE,VALUE,CREATED_AT,CREATED_BY,LAST_UPDATED_BY,LAST_UPDATED_AT,FLEX_COL1,FLEX_COL2,FLEX_COL3,EXPIRED) values ('76','HdRsnLv3',null,'网络问题','访问网页出错',null,null,null,null,null,null,null,'N');
Insert into OA.LOVS (ID,CODE,LOV_DESC,PARENT_CODE,VALUE,CREATED_AT,CREATED_BY,LAST_UPDATED_BY,LAST_UPDATED_AT,FLEX_COL1,FLEX_COL2,FLEX_COL3,EXPIRED) values ('77','HdRsnLv3',null,'计算机硬件问题','计算机故障',null,null,null,null,null,null,null,'N');
Insert into OA.LOVS (ID,CODE,LOV_DESC,PARENT_CODE,VALUE,CREATED_AT,CREATED_BY,LAST_UPDATED_BY,LAST_UPDATED_AT,FLEX_COL1,FLEX_COL2,FLEX_COL3,EXPIRED) values ('78','HdRsnLv3',null,'计算机软件问题','程序出错',null,null,null,null,null,null,null,'N');
Insert into OA.LOVS (ID,CODE,LOV_DESC,PARENT_CODE,VALUE,CREATED_AT,CREATED_BY,LAST_UPDATED_BY,LAST_UPDATED_AT,FLEX_COL1,FLEX_COL2,FLEX_COL3,EXPIRED) values ('79','HdRsnLv3',null,'计算机软件问题','数据丢失',null,null,null,null,null,null,null,'N');
Insert into OA.LOVS (ID,CODE,LOV_DESC,PARENT_CODE,VALUE,CREATED_AT,CREATED_BY,LAST_UPDATED_BY,LAST_UPDATED_AT,FLEX_COL1,FLEX_COL2,FLEX_COL3,EXPIRED) values ('80','HdRsnLv3',null,'计算机关联设备','U盘或移动硬盘故障',null,null,null,null,null,null,null,'N');
Insert into OA.LOVS (ID,CODE,LOV_DESC,PARENT_CODE,VALUE,CREATED_AT,CREATED_BY,LAST_UPDATED_BY,LAST_UPDATED_AT,FLEX_COL1,FLEX_COL2,FLEX_COL3,EXPIRED) values ('81','HdRsnLv3',null,'计算机关联设备','打印机故障',null,null,null,null,null,null,null,'N');
Insert into OA.LOVS (ID,CODE,LOV_DESC,PARENT_CODE,VALUE,CREATED_AT,CREATED_BY,LAST_UPDATED_BY,LAST_UPDATED_AT,FLEX_COL1,FLEX_COL2,FLEX_COL3,EXPIRED) values ('82','HdRsnLv3',null,'计算机关联设备','投影设备',null,null,null,null,null,null,null,'N');
Insert into OA.LOVS (ID,CODE,LOV_DESC,PARENT_CODE,VALUE,CREATED_AT,CREATED_BY,LAST_UPDATED_BY,LAST_UPDATED_AT,FLEX_COL1,FLEX_COL2,FLEX_COL3,EXPIRED) values ('83','HdRsnLv3',null,'计算机关联设备','音响设备',null,null,null,null,null,null,null,'N');
Insert into OA.LOVS (ID,CODE,LOV_DESC,PARENT_CODE,VALUE,CREATED_AT,CREATED_BY,LAST_UPDATED_BY,LAST_UPDATED_AT,FLEX_COL1,FLEX_COL2,FLEX_COL3,EXPIRED) values ('86','HdResult',null,null,'修复',null,null,null,null,null,null,null,'N');
Insert into OA.LOVS (ID,CODE,LOV_DESC,PARENT_CODE,VALUE,CREATED_AT,CREATED_BY,LAST_UPDATED_BY,LAST_UPDATED_AT,FLEX_COL1,FLEX_COL2,FLEX_COL3,EXPIRED) values ('87','HdResult',null,null,'转总务',null,null,null,null,null,null,null,'N');
Insert into OA.LOVS (ID,CODE,LOV_DESC,PARENT_CODE,VALUE,CREATED_AT,CREATED_BY,LAST_UPDATED_BY,LAST_UPDATED_AT,FLEX_COL1,FLEX_COL2,FLEX_COL3,EXPIRED) values ('90','HdEval',null,null,'非常满意',null,null,null,null,null,null,null,'N');
Insert into OA.LOVS (ID,CODE,LOV_DESC,PARENT_CODE,VALUE,CREATED_AT,CREATED_BY,LAST_UPDATED_BY,LAST_UPDATED_AT,FLEX_COL1,FLEX_COL2,FLEX_COL3,EXPIRED) values ('91','HdEval',null,null,'满意',null,null,null,null,null,null,null,'N');
Insert into OA.LOVS (ID,CODE,LOV_DESC,PARENT_CODE,VALUE,CREATED_AT,CREATED_BY,LAST_UPDATED_BY,LAST_UPDATED_AT,FLEX_COL1,FLEX_COL2,FLEX_COL3,EXPIRED) values ('92','HdEval',null,null,'一般',null,null,null,null,null,null,null,'N');
Insert into OA.LOVS (ID,CODE,LOV_DESC,PARENT_CODE,VALUE,CREATED_AT,CREATED_BY,LAST_UPDATED_BY,LAST_UPDATED_AT,FLEX_COL1,FLEX_COL2,FLEX_COL3,EXPIRED) values ('93','HdEval',null,null,'不满意',null,null,null,null,null,null,null,'N');
Insert into OA.LOVS (ID,CODE,LOV_DESC,PARENT_CODE,VALUE,CREATED_AT,CREATED_BY,LAST_UPDATED_BY,LAST_UPDATED_AT,FLEX_COL1,FLEX_COL2,FLEX_COL3,EXPIRED) values ('94','HdEval',null,null,'非常不满意',null,null,null,null,null,null,null,'N');
Insert into OA.LOVS (ID,CODE,LOV_DESC,PARENT_CODE,VALUE,CREATED_AT,CREATED_BY,LAST_UPDATED_BY,LAST_UPDATED_AT,FLEX_COL1,FLEX_COL2,FLEX_COL3,EXPIRED) values ('201','HdState',null,null,'未提交',null,null,null,null,'1',null,null,'N');
Insert into OA.LOVS (ID,CODE,LOV_DESC,PARENT_CODE,VALUE,CREATED_AT,CREATED_BY,LAST_UPDATED_BY,LAST_UPDATED_AT,FLEX_COL1,FLEX_COL2,FLEX_COL3,EXPIRED) values ('202','HdState',null,null,'已受理',null,null,null,null,'2',null,null,'N');
Insert into OA.LOVS (ID,CODE,LOV_DESC,PARENT_CODE,VALUE,CREATED_AT,CREATED_BY,LAST_UPDATED_BY,LAST_UPDATED_AT,FLEX_COL1,FLEX_COL2,FLEX_COL3,EXPIRED) values ('203','HdState',null,null,'已分派',null,null,null,null,'3',null,null,'N');
Insert into OA.LOVS (ID,CODE,LOV_DESC,PARENT_CODE,VALUE,CREATED_AT,CREATED_BY,LAST_UPDATED_BY,LAST_UPDATED_AT,FLEX_COL1,FLEX_COL2,FLEX_COL3,EXPIRED) values ('204','HdState',null,null,'总务复核',null,null,null,null,'4',null,null,'N');
Insert into OA.LOVS (ID,CODE,LOV_DESC,PARENT_CODE,VALUE,CREATED_AT,CREATED_BY,LAST_UPDATED_BY,LAST_UPDATED_AT,FLEX_COL1,FLEX_COL2,FLEX_COL3,EXPIRED) values ('205','HdState',null,null,'已处理',null,null,null,null,'5',null,null,'N');
Insert into OA.LOVS (ID,CODE,LOV_DESC,PARENT_CODE,VALUE,CREATED_AT,CREATED_BY,LAST_UPDATED_BY,LAST_UPDATED_AT,FLEX_COL1,FLEX_COL2,FLEX_COL3,EXPIRED) values ('206','HdState',null,null,'已评价',null,null,null,null,'6',null,null,'N');
Insert into OA.LOVS (ID,CODE,LOV_DESC,PARENT_CODE,VALUE,CREATED_AT,CREATED_BY,LAST_UPDATED_BY,LAST_UPDATED_AT,FLEX_COL1,FLEX_COL2,FLEX_COL3,EXPIRED) values ('207','HdState',null,null,'已取消',null,null,null,null,'7',null,null,'N');
Insert into OA.LOVS (ID,CODE,LOV_DESC,PARENT_CODE,VALUE,CREATED_AT,CREATED_BY,LAST_UPDATED_BY,LAST_UPDATED_AT,FLEX_COL1,FLEX_COL2,FLEX_COL3,EXPIRED) values ('102','PoState',null,null,'未提交',null,null,null,null,'1',null,null,'N');
Insert into OA.LOVS (ID,CODE,LOV_DESC,PARENT_CODE,VALUE,CREATED_AT,CREATED_BY,LAST_UPDATED_BY,LAST_UPDATED_AT,FLEX_COL1,FLEX_COL2,FLEX_COL3,EXPIRED) values ('103','PoState',null,null,'部门审核',null,null,null,null,'8',null,null,'N');
Insert into OA.LOVS (ID,CODE,LOV_DESC,PARENT_CODE,VALUE,CREATED_AT,CREATED_BY,LAST_UPDATED_BY,LAST_UPDATED_AT,FLEX_COL1,FLEX_COL2,FLEX_COL3,EXPIRED) values ('104','PoState',null,null,'待审核',null,null,null,null,'2',null,null,'N');
Insert into OA.LOVS (ID,CODE,LOV_DESC,PARENT_CODE,VALUE,CREATED_AT,CREATED_BY,LAST_UPDATED_BY,LAST_UPDATED_AT,FLEX_COL1,FLEX_COL2,FLEX_COL3,EXPIRED) values ('105','PoState',null,null,'待审批',null,null,null,null,'3',null,null,'N');
Insert into OA.LOVS (ID,CODE,LOV_DESC,PARENT_CODE,VALUE,CREATED_AT,CREATED_BY,LAST_UPDATED_BY,LAST_UPDATED_AT,FLEX_COL1,FLEX_COL2,FLEX_COL3,EXPIRED) values ('106','PoState',null,null,'被拒绝',null,null,null,null,'4',null,null,'N');
Insert into OA.LOVS (ID,CODE,LOV_DESC,PARENT_CODE,VALUE,CREATED_AT,CREATED_BY,LAST_UPDATED_BY,LAST_UPDATED_AT,FLEX_COL1,FLEX_COL2,FLEX_COL3,EXPIRED) values ('107','PoState',null,null,'执行中',null,null,null,null,'5',null,null,'N');
Insert into OA.LOVS (ID,CODE,LOV_DESC,PARENT_CODE,VALUE,CREATED_AT,CREATED_BY,LAST_UPDATED_BY,LAST_UPDATED_AT,FLEX_COL1,FLEX_COL2,FLEX_COL3,EXPIRED) values ('108','PoState',null,null,'已完成',null,null,null,null,'6',null,null,'N');
Insert into OA.LOVS (ID,CODE,LOV_DESC,PARENT_CODE,VALUE,CREATED_AT,CREATED_BY,LAST_UPDATED_BY,LAST_UPDATED_AT,FLEX_COL1,FLEX_COL2,FLEX_COL3,EXPIRED) values ('109','PoState',null,null,'已取消',null,null,null,null,'7',null,null,'N');
Insert into OA.LOVS (ID,CODE,LOV_DESC,PARENT_CODE,VALUE,CREATED_AT,CREATED_BY,LAST_UPDATED_BY,LAST_UPDATED_AT,FLEX_COL1,FLEX_COL2,FLEX_COL3,EXPIRED) values ('110','ItemCatg',null,null,'办公用品',null,null,null,null,null,null,null,'N');
Insert into OA.LOVS (ID,CODE,LOV_DESC,PARENT_CODE,VALUE,CREATED_AT,CREATED_BY,LAST_UPDATED_BY,LAST_UPDATED_AT,FLEX_COL1,FLEX_COL2,FLEX_COL3,EXPIRED) values ('111','ItemCatg',null,null,'生活用品',null,null,null,null,null,null,null,'N');
Insert into OA.LOVS (ID,CODE,LOV_DESC,PARENT_CODE,VALUE,CREATED_AT,CREATED_BY,LAST_UPDATED_BY,LAST_UPDATED_AT,FLEX_COL1,FLEX_COL2,FLEX_COL3,EXPIRED) values ('112','ItemCatg',null,null,'政府采购用品',null,null,null,null,null,null,null,'N');
Insert into OA.LOVS (ID,CODE,LOV_DESC,PARENT_CODE,VALUE,CREATED_AT,CREATED_BY,LAST_UPDATED_BY,LAST_UPDATED_AT,FLEX_COL1,FLEX_COL2,FLEX_COL3,EXPIRED) values ('113','ItemCatg',null,null,'水果点心',null,null,null,null,null,null,null,'N');
Insert into OA.LOVS (ID,CODE,LOV_DESC,PARENT_CODE,VALUE,CREATED_AT,CREATED_BY,LAST_UPDATED_BY,LAST_UPDATED_AT,FLEX_COL1,FLEX_COL2,FLEX_COL3,EXPIRED) values ('114','ItemCatg',null,null,'其它',null,null,null,null,null,null,null,'N');
Insert into OA.LOVS (ID,CODE,LOV_DESC,PARENT_CODE,VALUE,CREATED_AT,CREATED_BY,LAST_UPDATED_BY,LAST_UPDATED_AT,FLEX_COL1,FLEX_COL2,FLEX_COL3,EXPIRED) values ('115','Item',null,'办公用品','水笔',null,null,null,null,null,null,null,'N');
Insert into OA.LOVS (ID,CODE,LOV_DESC,PARENT_CODE,VALUE,CREATED_AT,CREATED_BY,LAST_UPDATED_BY,LAST_UPDATED_AT,FLEX_COL1,FLEX_COL2,FLEX_COL3,EXPIRED) values ('116','Item',null,'办公用品','圆珠笔',null,null,null,null,null,null,null,'N');
Insert into OA.LOVS (ID,CODE,LOV_DESC,PARENT_CODE,VALUE,CREATED_AT,CREATED_BY,LAST_UPDATED_BY,LAST_UPDATED_AT,FLEX_COL1,FLEX_COL2,FLEX_COL3,EXPIRED) values ('117','Item',null,'办公用品','铅笔',null,null,null,null,null,null,null,'N');
Insert into OA.LOVS (ID,CODE,LOV_DESC,PARENT_CODE,VALUE,CREATED_AT,CREATED_BY,LAST_UPDATED_BY,LAST_UPDATED_AT,FLEX_COL1,FLEX_COL2,FLEX_COL3,EXPIRED) values ('118','Item',null,'办公用品','橡皮',null,null,null,null,null,null,null,'N');
Insert into OA.LOVS (ID,CODE,LOV_DESC,PARENT_CODE,VALUE,CREATED_AT,CREATED_BY,LAST_UPDATED_BY,LAST_UPDATED_AT,FLEX_COL1,FLEX_COL2,FLEX_COL3,EXPIRED) values ('119','Item',null,'办公用品','回形针',null,null,null,null,null,null,null,'N');
Insert into OA.LOVS (ID,CODE,LOV_DESC,PARENT_CODE,VALUE,CREATED_AT,CREATED_BY,LAST_UPDATED_BY,LAST_UPDATED_AT,FLEX_COL1,FLEX_COL2,FLEX_COL3,EXPIRED) values ('120','Item',null,'办公用品','订书机',null,null,null,null,null,null,null,'N');
Insert into OA.LOVS (ID,CODE,LOV_DESC,PARENT_CODE,VALUE,CREATED_AT,CREATED_BY,LAST_UPDATED_BY,LAST_UPDATED_AT,FLEX_COL1,FLEX_COL2,FLEX_COL3,EXPIRED) values ('121','Item',null,'办公用品','订书针',null,null,null,null,null,null,null,'N');
Insert into OA.LOVS (ID,CODE,LOV_DESC,PARENT_CODE,VALUE,CREATED_AT,CREATED_BY,LAST_UPDATED_BY,LAST_UPDATED_AT,FLEX_COL1,FLEX_COL2,FLEX_COL3,EXPIRED) values ('122','Item',null,'办公用品','胶带',null,null,null,null,null,null,null,'N');
Insert into OA.LOVS (ID,CODE,LOV_DESC,PARENT_CODE,VALUE,CREATED_AT,CREATED_BY,LAST_UPDATED_BY,LAST_UPDATED_AT,FLEX_COL1,FLEX_COL2,FLEX_COL3,EXPIRED) values ('123','Item',null,'办公用品','封箱带',null,null,null,null,null,null,null,'N');
Insert into OA.LOVS (ID,CODE,LOV_DESC,PARENT_CODE,VALUE,CREATED_AT,CREATED_BY,LAST_UPDATED_BY,LAST_UPDATED_AT,FLEX_COL1,FLEX_COL2,FLEX_COL3,EXPIRED) values ('124','Item',null,'办公用品','双面胶',null,null,null,null,null,null,null,'N');
Insert into OA.LOVS (ID,CODE,LOV_DESC,PARENT_CODE,VALUE,CREATED_AT,CREATED_BY,LAST_UPDATED_BY,LAST_UPDATED_AT,FLEX_COL1,FLEX_COL2,FLEX_COL3,EXPIRED) values ('125','Item',null,'办公用品','小瓶胶水',null,null,null,null,null,null,null,'N');
Insert into OA.LOVS (ID,CODE,LOV_DESC,PARENT_CODE,VALUE,CREATED_AT,CREATED_BY,LAST_UPDATED_BY,LAST_UPDATED_AT,FLEX_COL1,FLEX_COL2,FLEX_COL3,EXPIRED) values ('126','Item',null,'办公用品','图钉',null,null,null,null,null,null,null,'N');
Insert into OA.LOVS (ID,CODE,LOV_DESC,PARENT_CODE,VALUE,CREATED_AT,CREATED_BY,LAST_UPDATED_BY,LAST_UPDATED_AT,FLEX_COL1,FLEX_COL2,FLEX_COL3,EXPIRED) values ('127','Item',null,'办公用品','工作手册',null,null,null,null,null,null,null,'N');
Insert into OA.LOVS (ID,CODE,LOV_DESC,PARENT_CODE,VALUE,CREATED_AT,CREATED_BY,LAST_UPDATED_BY,LAST_UPDATED_AT,FLEX_COL1,FLEX_COL2,FLEX_COL3,EXPIRED) values ('128','Item',null,'办公用品','硬面抄',null,null,null,null,null,null,null,'N');
Insert into OA.LOVS (ID,CODE,LOV_DESC,PARENT_CODE,VALUE,CREATED_AT,CREATED_BY,LAST_UPDATED_BY,LAST_UPDATED_AT,FLEX_COL1,FLEX_COL2,FLEX_COL3,EXPIRED) values ('129','Item',null,'办公用品','练习本',null,null,null,null,null,null,null,'N');
Insert into OA.LOVS (ID,CODE,LOV_DESC,PARENT_CODE,VALUE,CREATED_AT,CREATED_BY,LAST_UPDATED_BY,LAST_UPDATED_AT,FLEX_COL1,FLEX_COL2,FLEX_COL3,EXPIRED) values ('130','Item',null,'办公用品','美工刀片',null,null,null,null,null,null,null,'N');
Insert into OA.LOVS (ID,CODE,LOV_DESC,PARENT_CODE,VALUE,CREATED_AT,CREATED_BY,LAST_UPDATED_BY,LAST_UPDATED_AT,FLEX_COL1,FLEX_COL2,FLEX_COL3,EXPIRED) values ('131','Item',null,'办公用品','皮筋',null,null,null,null,null,null,null,'N');
Insert into OA.LOVS (ID,CODE,LOV_DESC,PARENT_CODE,VALUE,CREATED_AT,CREATED_BY,LAST_UPDATED_BY,LAST_UPDATED_AT,FLEX_COL1,FLEX_COL2,FLEX_COL3,EXPIRED) values ('132','Item',null,'办公用品','剪刀',null,null,null,null,null,null,null,'N');
Insert into OA.LOVS (ID,CODE,LOV_DESC,PARENT_CODE,VALUE,CREATED_AT,CREATED_BY,LAST_UPDATED_BY,LAST_UPDATED_AT,FLEX_COL1,FLEX_COL2,FLEX_COL3,EXPIRED) values ('133','Item',null,'办公用品','一次性杯子',null,null,null,null,null,null,null,'N');
Insert into OA.LOVS (ID,CODE,LOV_DESC,PARENT_CODE,VALUE,CREATED_AT,CREATED_BY,LAST_UPDATED_BY,LAST_UPDATED_AT,FLEX_COL1,FLEX_COL2,FLEX_COL3,EXPIRED) values ('134','Item',null,'办公用品','光盘',null,null,null,null,null,null,null,'N');
Insert into OA.LOVS (ID,CODE,LOV_DESC,PARENT_CODE,VALUE,CREATED_AT,CREATED_BY,LAST_UPDATED_BY,LAST_UPDATED_AT,FLEX_COL1,FLEX_COL2,FLEX_COL3,EXPIRED) values ('135','Item',null,'办公用品','光盘套',null,null,null,null,null,null,null,'N');
Insert into OA.LOVS (ID,CODE,LOV_DESC,PARENT_CODE,VALUE,CREATED_AT,CREATED_BY,LAST_UPDATED_BY,LAST_UPDATED_AT,FLEX_COL1,FLEX_COL2,FLEX_COL3,EXPIRED) values ('136','Item',null,'办公用品','档案袋',null,null,null,null,null,null,null,'N');
Insert into OA.LOVS (ID,CODE,LOV_DESC,PARENT_CODE,VALUE,CREATED_AT,CREATED_BY,LAST_UPDATED_BY,LAST_UPDATED_AT,FLEX_COL1,FLEX_COL2,FLEX_COL3,EXPIRED) values ('137','Item',null,'办公用品','复印纸',null,null,null,null,null,null,null,'N');
Insert into OA.LOVS (ID,CODE,LOV_DESC,PARENT_CODE,VALUE,CREATED_AT,CREATED_BY,LAST_UPDATED_BY,LAST_UPDATED_AT,FLEX_COL1,FLEX_COL2,FLEX_COL3,EXPIRED) values ('138','Item',null,'办公用品','电池（5、7、9号）',null,null,null,null,null,null,null,'N');
Insert into OA.LOVS (ID,CODE,LOV_DESC,PARENT_CODE,VALUE,CREATED_AT,CREATED_BY,LAST_UPDATED_BY,LAST_UPDATED_AT,FLEX_COL1,FLEX_COL2,FLEX_COL3,EXPIRED) values ('139','Item',null,'办公用品','传真纸',null,null,null,null,null,null,null,'N');
Insert into OA.LOVS (ID,CODE,LOV_DESC,PARENT_CODE,VALUE,CREATED_AT,CREATED_BY,LAST_UPDATED_BY,LAST_UPDATED_AT,FLEX_COL1,FLEX_COL2,FLEX_COL3,EXPIRED) values ('140','Item',null,'办公用品','信封大、中、小',null,null,null,null,null,null,null,'N');
Insert into OA.LOVS (ID,CODE,LOV_DESC,PARENT_CODE,VALUE,CREATED_AT,CREATED_BY,LAST_UPDATED_BY,LAST_UPDATED_AT,FLEX_COL1,FLEX_COL2,FLEX_COL3,EXPIRED) values ('141','Item',null,'办公用品','信纸',null,null,null,null,null,null,null,'N');
Insert into OA.LOVS (ID,CODE,LOV_DESC,PARENT_CODE,VALUE,CREATED_AT,CREATED_BY,LAST_UPDATED_BY,LAST_UPDATED_AT,FLEX_COL1,FLEX_COL2,FLEX_COL3,EXPIRED) values ('142','Item',null,'办公用品','便签纸',null,null,null,null,null,null,null,'N');
Insert into OA.LOVS (ID,CODE,LOV_DESC,PARENT_CODE,VALUE,CREATED_AT,CREATED_BY,LAST_UPDATED_BY,LAST_UPDATED_AT,FLEX_COL1,FLEX_COL2,FLEX_COL3,EXPIRED) values ('143','Item',null,'办公用品','文件袋',null,null,null,null,null,null,null,'N');
Insert into OA.LOVS (ID,CODE,LOV_DESC,PARENT_CODE,VALUE,CREATED_AT,CREATED_BY,LAST_UPDATED_BY,LAST_UPDATED_AT,FLEX_COL1,FLEX_COL2,FLEX_COL3,EXPIRED) values ('144','Item',null,'办公用品','修正液',null,null,null,null,null,null,null,'N');
Insert into OA.LOVS (ID,CODE,LOV_DESC,PARENT_CODE,VALUE,CREATED_AT,CREATED_BY,LAST_UPDATED_BY,LAST_UPDATED_AT,FLEX_COL1,FLEX_COL2,FLEX_COL3,EXPIRED) values ('145','Item',null,'办公用品','接线板',null,null,null,null,null,null,null,'N');
Insert into OA.LOVS (ID,CODE,LOV_DESC,PARENT_CODE,VALUE,CREATED_AT,CREATED_BY,LAST_UPDATED_BY,LAST_UPDATED_AT,FLEX_COL1,FLEX_COL2,FLEX_COL3,EXPIRED) values ('146','Item',null,'办公用品','银光笔',null,null,null,null,null,null,null,'N');
Insert into OA.LOVS (ID,CODE,LOV_DESC,PARENT_CODE,VALUE,CREATED_AT,CREATED_BY,LAST_UPDATED_BY,LAST_UPDATED_AT,FLEX_COL1,FLEX_COL2,FLEX_COL3,EXPIRED) values ('147','Item',null,'办公用品','电话',null,null,null,null,null,null,null,'N');
Insert into OA.LOVS (ID,CODE,LOV_DESC,PARENT_CODE,VALUE,CREATED_AT,CREATED_BY,LAST_UPDATED_BY,LAST_UPDATED_AT,FLEX_COL1,FLEX_COL2,FLEX_COL3,EXPIRED) values ('148','Item',null,'办公用品','听课笔记',null,null,null,null,null,null,null,'N');
Insert into OA.LOVS (ID,CODE,LOV_DESC,PARENT_CODE,VALUE,CREATED_AT,CREATED_BY,LAST_UPDATED_BY,LAST_UPDATED_AT,FLEX_COL1,FLEX_COL2,FLEX_COL3,EXPIRED) values ('149','Item',null,'办公用品','录像带',null,null,null,null,null,null,null,'N');
Insert into OA.LOVS (ID,CODE,LOV_DESC,PARENT_CODE,VALUE,CREATED_AT,CREATED_BY,LAST_UPDATED_BY,LAST_UPDATED_AT,FLEX_COL1,FLEX_COL2,FLEX_COL3,EXPIRED) values ('150','Item',null,'办公用品','其它',null,null,null,null,null,null,null,'N');
Insert into OA.LOVS (ID,CODE,LOV_DESC,PARENT_CODE,VALUE,CREATED_AT,CREATED_BY,LAST_UPDATED_BY,LAST_UPDATED_AT,FLEX_COL1,FLEX_COL2,FLEX_COL3,EXPIRED) values ('151','Item',null,'生活用品','肥皂',null,null,null,null,null,null,null,'N');
Insert into OA.LOVS (ID,CODE,LOV_DESC,PARENT_CODE,VALUE,CREATED_AT,CREATED_BY,LAST_UPDATED_BY,LAST_UPDATED_AT,FLEX_COL1,FLEX_COL2,FLEX_COL3,EXPIRED) values ('152','Item',null,'生活用品','洗手液',null,null,null,null,null,null,null,'N');
Insert into OA.LOVS (ID,CODE,LOV_DESC,PARENT_CODE,VALUE,CREATED_AT,CREATED_BY,LAST_UPDATED_BY,LAST_UPDATED_AT,FLEX_COL1,FLEX_COL2,FLEX_COL3,EXPIRED) values ('153','Item',null,'生活用品','夹子',null,null,null,null,null,null,null,'N');
Insert into OA.LOVS (ID,CODE,LOV_DESC,PARENT_CODE,VALUE,CREATED_AT,CREATED_BY,LAST_UPDATED_BY,LAST_UPDATED_AT,FLEX_COL1,FLEX_COL2,FLEX_COL3,EXPIRED) values ('154','Item',null,'生活用品','袋泡茶',null,null,null,null,null,null,null,'N');
Insert into OA.LOVS (ID,CODE,LOV_DESC,PARENT_CODE,VALUE,CREATED_AT,CREATED_BY,LAST_UPDATED_BY,LAST_UPDATED_AT,FLEX_COL1,FLEX_COL2,FLEX_COL3,EXPIRED) values ('155','Item',null,'生活用品','粉笔',null,null,null,null,null,null,null,'N');
Insert into OA.LOVS (ID,CODE,LOV_DESC,PARENT_CODE,VALUE,CREATED_AT,CREATED_BY,LAST_UPDATED_BY,LAST_UPDATED_AT,FLEX_COL1,FLEX_COL2,FLEX_COL3,EXPIRED) values ('156','Item',null,'生活用品','热水瓶',null,null,null,null,null,null,null,'N');
Insert into OA.LOVS (ID,CODE,LOV_DESC,PARENT_CODE,VALUE,CREATED_AT,CREATED_BY,LAST_UPDATED_BY,LAST_UPDATED_AT,FLEX_COL1,FLEX_COL2,FLEX_COL3,EXPIRED) values ('157','Item',null,'生活用品','抹布',null,null,null,null,null,null,null,'N');
Insert into OA.LOVS (ID,CODE,LOV_DESC,PARENT_CODE,VALUE,CREATED_AT,CREATED_BY,LAST_UPDATED_BY,LAST_UPDATED_AT,FLEX_COL1,FLEX_COL2,FLEX_COL3,EXPIRED) values ('158','Item',null,'生活用品','拖把',null,null,null,null,null,null,null,'N');
Insert into OA.LOVS (ID,CODE,LOV_DESC,PARENT_CODE,VALUE,CREATED_AT,CREATED_BY,LAST_UPDATED_BY,LAST_UPDATED_AT,FLEX_COL1,FLEX_COL2,FLEX_COL3,EXPIRED) values ('159','Item',null,'生活用品','空气清新剂',null,null,null,null,null,null,null,'N');
Insert into OA.LOVS (ID,CODE,LOV_DESC,PARENT_CODE,VALUE,CREATED_AT,CREATED_BY,LAST_UPDATED_BY,LAST_UPDATED_AT,FLEX_COL1,FLEX_COL2,FLEX_COL3,EXPIRED) values ('160','Item',null,'生活用品','固体胶',null,null,null,null,null,null,null,'N');
Insert into OA.LOVS (ID,CODE,LOV_DESC,PARENT_CODE,VALUE,CREATED_AT,CREATED_BY,LAST_UPDATED_BY,LAST_UPDATED_AT,FLEX_COL1,FLEX_COL2,FLEX_COL3,EXPIRED) values ('161','Item',null,'生活用品','U盘',null,null,null,null,null,null,null,'N');
Insert into OA.LOVS (ID,CODE,LOV_DESC,PARENT_CODE,VALUE,CREATED_AT,CREATED_BY,LAST_UPDATED_BY,LAST_UPDATED_AT,FLEX_COL1,FLEX_COL2,FLEX_COL3,EXPIRED) values ('162','Item',null,'生活用品','其它',null,null,null,null,null,null,null,'N');
Insert into OA.LOVS (ID,CODE,LOV_DESC,PARENT_CODE,VALUE,CREATED_AT,CREATED_BY,LAST_UPDATED_BY,LAST_UPDATED_AT,FLEX_COL1,FLEX_COL2,FLEX_COL3,EXPIRED) values ('163','Item',null,'政府采购用品','照相机',null,null,null,null,null,null,null,'N');
Insert into OA.LOVS (ID,CODE,LOV_DESC,PARENT_CODE,VALUE,CREATED_AT,CREATED_BY,LAST_UPDATED_BY,LAST_UPDATED_AT,FLEX_COL1,FLEX_COL2,FLEX_COL3,EXPIRED) values ('164','Item',null,'政府采购用品','数码相机',null,null,null,null,null,null,null,'N');
Insert into OA.LOVS (ID,CODE,LOV_DESC,PARENT_CODE,VALUE,CREATED_AT,CREATED_BY,LAST_UPDATED_BY,LAST_UPDATED_AT,FLEX_COL1,FLEX_COL2,FLEX_COL3,EXPIRED) values ('165','Item',null,'政府采购用品','台式电脑',null,null,null,null,null,null,null,'N');
Insert into OA.LOVS (ID,CODE,LOV_DESC,PARENT_CODE,VALUE,CREATED_AT,CREATED_BY,LAST_UPDATED_BY,LAST_UPDATED_AT,FLEX_COL1,FLEX_COL2,FLEX_COL3,EXPIRED) values ('166','Item',null,'政府采购用品','便携式电脑',null,null,null,null,null,null,null,'N');
Insert into OA.LOVS (ID,CODE,LOV_DESC,PARENT_CODE,VALUE,CREATED_AT,CREATED_BY,LAST_UPDATED_BY,LAST_UPDATED_AT,FLEX_COL1,FLEX_COL2,FLEX_COL3,EXPIRED) values ('167','Item',null,'政府采购用品','打印机',null,null,null,null,null,null,null,'N');
Insert into OA.LOVS (ID,CODE,LOV_DESC,PARENT_CODE,VALUE,CREATED_AT,CREATED_BY,LAST_UPDATED_BY,LAST_UPDATED_AT,FLEX_COL1,FLEX_COL2,FLEX_COL3,EXPIRED) values ('168','Item',null,'政府采购用品','传真机',null,null,null,null,null,null,null,'N');
Insert into OA.LOVS (ID,CODE,LOV_DESC,PARENT_CODE,VALUE,CREATED_AT,CREATED_BY,LAST_UPDATED_BY,LAST_UPDATED_AT,FLEX_COL1,FLEX_COL2,FLEX_COL3,EXPIRED) values ('169','Item',null,'政府采购用品','空调',null,null,null,null,null,null,null,'N');
Insert into OA.LOVS (ID,CODE,LOV_DESC,PARENT_CODE,VALUE,CREATED_AT,CREATED_BY,LAST_UPDATED_BY,LAST_UPDATED_AT,FLEX_COL1,FLEX_COL2,FLEX_COL3,EXPIRED) values ('170','Item',null,'政府采购用品','碎纸机',null,null,null,null,null,null,null,'N');
Insert into OA.LOVS (ID,CODE,LOV_DESC,PARENT_CODE,VALUE,CREATED_AT,CREATED_BY,LAST_UPDATED_BY,LAST_UPDATED_AT,FLEX_COL1,FLEX_COL2,FLEX_COL3,EXPIRED) values ('171','Item',null,'政府采购用品','纸张（A4、B5、A3)',null,null,null,null,null,null,null,'N');
Insert into OA.LOVS (ID,CODE,LOV_DESC,PARENT_CODE,VALUE,CREATED_AT,CREATED_BY,LAST_UPDATED_BY,LAST_UPDATED_AT,FLEX_COL1,FLEX_COL2,FLEX_COL3,EXPIRED) values ('172','Item',null,'政府采购用品','其它',null,null,null,null,null,null,null,'N');
Insert into OA.LOVS (ID,CODE,LOV_DESC,PARENT_CODE,VALUE,CREATED_AT,CREATED_BY,LAST_UPDATED_BY,LAST_UPDATED_AT,FLEX_COL1,FLEX_COL2,FLEX_COL3,EXPIRED) values ('173','Item',null,'水果点心','水果',null,null,null,null,null,null,null,'N');
Insert into OA.LOVS (ID,CODE,LOV_DESC,PARENT_CODE,VALUE,CREATED_AT,CREATED_BY,LAST_UPDATED_BY,LAST_UPDATED_AT,FLEX_COL1,FLEX_COL2,FLEX_COL3,EXPIRED) values ('174','Item',null,'水果点心','点心',null,null,null,null,null,null,null,'N');
Insert into OA.LOVS (ID,CODE,LOV_DESC,PARENT_CODE,VALUE,CREATED_AT,CREATED_BY,LAST_UPDATED_BY,LAST_UPDATED_AT,FLEX_COL1,FLEX_COL2,FLEX_COL3,EXPIRED) values ('175','Item',null,'其它','其它',null,null,null,null,null,null,null,'N');
REM INSERTING into OA.MENUS
Insert into OA.MENUS (MENU_ID,MENU_NAME,MENU_TASKFLOW_URL,MENU_DESC,MENU_CATEGORY,PARENT_MENU_ID,MENU_MASTER_CATEGORY,MENU_ICON_URL,EXPIRED,SEQ) values ('SYS_PUR_MY_PR','我的采购申请','/WEB-INF/flows/po/MyPoNormalUser.xml#MyPoNormalUser','我的采购申请','PUR',null,'SYS','/images/icons/user.png','false','1');
Insert into OA.MENUS (MENU_ID,MENU_NAME,MENU_TASKFLOW_URL,MENU_DESC,MENU_CATEGORY,PARENT_MENU_ID,MENU_MASTER_CATEGORY,MENU_ICON_URL,EXPIRED,SEQ) values ('SYS_PUR_DEPT_REVIEW','部门审核','/WEB-INF/flows/po/MyPoDeptVerifier.xml#MyPoDeptVerifier','部门审核','PUR',null,'SYS','/images/icons/forum.png','false','3');
Insert into OA.MENUS (MENU_ID,MENU_NAME,MENU_TASKFLOW_URL,MENU_DESC,MENU_CATEGORY,PARENT_MENU_ID,MENU_MASTER_CATEGORY,MENU_ICON_URL,EXPIRED,SEQ) values ('SYS_PUR_APPROVE','采购审批','/WEB-INF/flows/po/MyPoApprover.xml#MyPoApprover','采购审批','PUR',null,'SYS','/images/icons/check.png','false','5');
Insert into OA.MENUS (MENU_ID,MENU_NAME,MENU_TASKFLOW_URL,MENU_DESC,MENU_CATEGORY,PARENT_MENU_ID,MENU_MASTER_CATEGORY,MENU_ICON_URL,EXPIRED,SEQ) values ('SYS_PUR_LIMIT','采购终审下限','/WEB-INF/flows/admin/po-approve-limit.xml#po-approve-limit','采购终审下限','PUR',null,'SYS','/images/icons/clearhighlight.png','false','9');
Insert into OA.MENUS (MENU_ID,MENU_NAME,MENU_TASKFLOW_URL,MENU_DESC,MENU_CATEGORY,PARENT_MENU_ID,MENU_MASTER_CATEGORY,MENU_ICON_URL,EXPIRED,SEQ) values ('SYS_PUR_REVIEW','采购审核','/WEB-INF/flows/po/MyPoVerifier.xml#MyPoVerifier','采购审核','PUR',null,'SYS','/images/icons/tasks.png','false','4');
Insert into OA.MENUS (MENU_ID,MENU_NAME,MENU_TASKFLOW_URL,MENU_DESC,MENU_CATEGORY,PARENT_MENU_ID,MENU_MASTER_CATEGORY,MENU_ICON_URL,EXPIRED,SEQ) values ('SYS_PUR_BUY','采购执行','/WEB-INF/flows/po/MyPoBuyer.xml#MyPoBuyer','采购执行','PUR',null,'SYS','/images/icons/cart.gif','false','6');
Insert into OA.MENUS (MENU_ID,MENU_NAME,MENU_TASKFLOW_URL,MENU_DESC,MENU_CATEGORY,PARENT_MENU_ID,MENU_MASTER_CATEGORY,MENU_ICON_URL,EXPIRED,SEQ) values ('SYS_PUR_RECEIVE','采购收货','/WEB-INF/flows/po/MyPoReceiver.xml#MyPoReceiver','采购收货','PUR',null,'SYS','/images/icons/package.png','false','7');
Insert into OA.MENUS (MENU_ID,MENU_NAME,MENU_TASKFLOW_URL,MENU_DESC,MENU_CATEGORY,PARENT_MENU_ID,MENU_MASTER_CATEGORY,MENU_ICON_URL,EXPIRED,SEQ) values ('SYS_PUR_PR','创建采购订单','/WEB-INF/flows/po/CreatePo.xml#CreatePo','创建采购订单','PUR',null,'SYS','/images/icons/log.png','false','2');
Insert into OA.MENUS (MENU_ID,MENU_NAME,MENU_TASKFLOW_URL,MENU_DESC,MENU_CATEGORY,PARENT_MENU_ID,MENU_MASTER_CATEGORY,MENU_ICON_URL,EXPIRED,SEQ) values ('SYS_PUR_QUERY','采购订单查询','/WEB-INF/flows/po/PoQuery.xml#PoQuery','采购订单查询','PUR',null,'SYS','/images/icons/properties.png','false','8');
Insert into OA.MENUS (MENU_ID,MENU_NAME,MENU_TASKFLOW_URL,MENU_DESC,MENU_CATEGORY,PARENT_MENU_ID,MENU_MASTER_CATEGORY,MENU_ICON_URL,EXPIRED,SEQ) values ('SYS_HD_MY_REQ','我的报修','/WEB-INF/flows/helpdesk/MyHdCall.xml#MyHdCall','我的报修','HD',null,'SYS','/images/icons/communicate.png','false','1');
Insert into OA.MENUS (MENU_ID,MENU_NAME,MENU_TASKFLOW_URL,MENU_DESC,MENU_CATEGORY,PARENT_MENU_ID,MENU_MASTER_CATEGORY,MENU_ICON_URL,EXPIRED,SEQ) values ('SYS_HD_REQ','创建报修单','/WEB-INF/flows/helpdesk/CreateHdCall.xml#CreateHdCall','创建报修单','HD',null,'SYS','/images/icons/constructor.png','false','2');
Insert into OA.MENUS (MENU_ID,MENU_NAME,MENU_TASKFLOW_URL,MENU_DESC,MENU_CATEGORY,PARENT_MENU_ID,MENU_MASTER_CATEGORY,MENU_ICON_URL,EXPIRED,SEQ) values ('SYS_HD_ASSIGN','报修分派','/WEB-INF/flows/helpdesk/HdAssign.xml#HdAssign','报修分派','HD',null,'SYS','/images/icons/index.png','false','3');
Insert into OA.MENUS (MENU_ID,MENU_NAME,MENU_TASKFLOW_URL,MENU_DESC,MENU_CATEGORY,PARENT_MENU_ID,MENU_MASTER_CATEGORY,MENU_ICON_URL,EXPIRED,SEQ) values ('SYS_HD_PROC','报修处理','/WEB-INF/flows/helpdesk/MyHdCallCallee.xml#MyHdCallCallee','报修处理','HD',null,'SYS','/images/icons/show_failures.png','false','4');
Insert into OA.MENUS (MENU_ID,MENU_NAME,MENU_TASKFLOW_URL,MENU_DESC,MENU_CATEGORY,PARENT_MENU_ID,MENU_MASTER_CATEGORY,MENU_ICON_URL,EXPIRED,SEQ) values ('SYS_HD_REVIEW','报修复核','/WEB-INF/flows/helpdesk/MyHdCallReview.xml#MyHdCallReview','报修复核','HD',null,'SYS','/images/icons/tasks.png','false','5');
Insert into OA.MENUS (MENU_ID,MENU_NAME,MENU_TASKFLOW_URL,MENU_DESC,MENU_CATEGORY,PARENT_MENU_ID,MENU_MASTER_CATEGORY,MENU_ICON_URL,EXPIRED,SEQ) values ('SYS_HD_QUERY','报修单查询','/WEB-INF/flows/helpdesk/HdCallQuery.xml#HdCallQuery','报修单查询','HD',null,'SYS','/images/icons/properties.png','false','6');
Insert into OA.MENUS (MENU_ID,MENU_NAME,MENU_TASKFLOW_URL,MENU_DESC,MENU_CATEGORY,PARENT_MENU_ID,MENU_MASTER_CATEGORY,MENU_ICON_URL,EXPIRED,SEQ) values ('SYS_CLSRM_CAL','教室日历','/WEB-INF/flows/clsrm/ClsRmCalendar.xml#ClsRmCalendar','教室日历','CLSRM',null,'SYS','/images/icons/chooseDate.png','false','1');
Insert into OA.MENUS (MENU_ID,MENU_NAME,MENU_TASKFLOW_URL,MENU_DESC,MENU_CATEGORY,PARENT_MENU_ID,MENU_MASTER_CATEGORY,MENU_ICON_URL,EXPIRED,SEQ) values ('SYS_CLSRM_BATCH','批量预订','/WEB-INF/flows/clsrm/batch-reservation-btf.xml#batch-reservation-btf','批量预定','CLSRM',null,'SYS','/images/icons/group.png','false','2');
Insert into OA.MENUS (MENU_ID,MENU_NAME,MENU_TASKFLOW_URL,MENU_DESC,MENU_CATEGORY,PARENT_MENU_ID,MENU_MASTER_CATEGORY,MENU_ICON_URL,EXPIRED,SEQ) values ('SYS_CONFRM_CAL','会议室日历','/WEB-INF/flows/confRm/confRm-calendar-btf.xml#confRm-calendar-btf','会议室日历','CONFRM',null,'SYS','/images/icons/chooseDate.png','false','1');
Insert into OA.MENUS (MENU_ID,MENU_NAME,MENU_TASKFLOW_URL,MENU_DESC,MENU_CATEGORY,PARENT_MENU_ID,MENU_MASTER_CATEGORY,MENU_ICON_URL,EXPIRED,SEQ) values ('SYS_CONFRM_REQ','会议室预订','/WEB-INF/flows/confRm/confRm-application-btf.xml#confRm-application-btf','会议室预订','CONFRM',null,'SYS','/images/icons/team.png','false','2');
Insert into OA.MENUS (MENU_ID,MENU_NAME,MENU_TASKFLOW_URL,MENU_DESC,MENU_CATEGORY,PARENT_MENU_ID,MENU_MASTER_CATEGORY,MENU_ICON_URL,EXPIRED,SEQ) values ('SYS_CONFRM_APPROVE','会议室审核','/WEB-INF/flows/confRm/confRm-approval-btf.xml#confRm-approval-btf','审核','CONFRM',null,'SYS','/images/icons/tasks.png','false','3');
Insert into OA.MENUS (MENU_ID,MENU_NAME,MENU_TASKFLOW_URL,MENU_DESC,MENU_CATEGORY,PARENT_MENU_ID,MENU_MASTER_CATEGORY,MENU_ICON_URL,EXPIRED,SEQ) values ('SYS_CAR_CAL','车辆日历','/WEB-INF/flows/vehicle/vehicle-cal-btf.xml#vehicle-cal-btf','车辆日历','CAR',null,'SYS','/images/icons/chooseDate.png','false','1');
Insert into OA.MENUS (MENU_ID,MENU_NAME,MENU_TASKFLOW_URL,MENU_DESC,MENU_CATEGORY,PARENT_MENU_ID,MENU_MASTER_CATEGORY,MENU_ICON_URL,EXPIRED,SEQ) values ('SYS_CAR_REQ','用车申请','/WEB-INF/flows/vehicle/vehicle-application-btf.xml#vehicle-application-btf','用车申请','CAR',null,'SYS','/images/icons/car_arrow.png','false','2');
Insert into OA.MENUS (MENU_ID,MENU_NAME,MENU_TASKFLOW_URL,MENU_DESC,MENU_CATEGORY,PARENT_MENU_ID,MENU_MASTER_CATEGORY,MENU_ICON_URL,EXPIRED,SEQ) values ('SYS_CAR_APPROVE','用车审核','/WEB-INF/flows/vehicle/vehicle-app-approver-btf.xml#vehicle-app-approver-btf','审核','CAR',null,'SYS','/images/icons/tasks.png','true','3');
Insert into OA.MENUS (MENU_ID,MENU_NAME,MENU_TASKFLOW_URL,MENU_DESC,MENU_CATEGORY,PARENT_MENU_ID,MENU_MASTER_CATEGORY,MENU_ICON_URL,EXPIRED,SEQ) values ('SYS_MEAL_REQ','订餐','/WEB-INF/flows/welcome/welcome-btf.xml#welcome-btf','订餐','MEAL',null,'SYS',null,'false',null);
Insert into OA.MENUS (MENU_ID,MENU_NAME,MENU_TASKFLOW_URL,MENU_DESC,MENU_CATEGORY,PARENT_MENU_ID,MENU_MASTER_CATEGORY,MENU_ICON_URL,EXPIRED,SEQ) values ('SYS_ANCMT_REQ','发通知','/WEB-INF/flows/welcome/welcome-btf.xml#welcome-btf','发通知','ANCMT',null,'SYS',null,'false',null);
Insert into OA.MENUS (MENU_ID,MENU_NAME,MENU_TASKFLOW_URL,MENU_DESC,MENU_CATEGORY,PARENT_MENU_ID,MENU_MASTER_CATEGORY,MENU_ICON_URL,EXPIRED,SEQ) values ('SYS_ANCMT_LIST','通知列表','/WEB-INF/flows/welcome/welcome-btf.xml#welcome-btf','通知列表','ANCMT',null,'SYS',null,'false',null);
Insert into OA.MENUS (MENU_ID,MENU_NAME,MENU_TASKFLOW_URL,MENU_DESC,MENU_CATEGORY,PARENT_MENU_ID,MENU_MASTER_CATEGORY,MENU_ICON_URL,EXPIRED,SEQ) values ('SYS_CAR_TRIP_PLAN','用车调度','/WEB-INF/flows/vehicle/vehicle-app-planner-btf.xml#vehicle-app-planner-btf','调度','CAR',null,'SYS','/images/icons/unbounded_task_flow.png','false','4');
Insert into OA.MENUS (MENU_ID,MENU_NAME,MENU_TASKFLOW_URL,MENU_DESC,MENU_CATEGORY,PARENT_MENU_ID,MENU_MASTER_CATEGORY,MENU_ICON_URL,EXPIRED,SEQ) values ('ADMIN_DEPT','部门','/WEB-INF/flows/admin/departments-btf.xml#departments-btf','部门','DEPT',null,'ADMIN','/images/icons/node_role.png','false','4');
Insert into OA.MENUS (MENU_ID,MENU_NAME,MENU_TASKFLOW_URL,MENU_DESC,MENU_CATEGORY,PARENT_MENU_ID,MENU_MASTER_CATEGORY,MENU_ICON_URL,EXPIRED,SEQ) values ('ADMIN_EMP','员工','/WEB-INF/flows/admin/employees-btf.xml#employees-btf','员工','EMP',null,'ADMIN','/images/icons/team.png','false','5');
Insert into OA.MENUS (MENU_ID,MENU_NAME,MENU_TASKFLOW_URL,MENU_DESC,MENU_CATEGORY,PARENT_MENU_ID,MENU_MASTER_CATEGORY,MENU_ICON_URL,EXPIRED,SEQ) values ('ADMIN_MENUS','菜单','/WEB-INF/flows/admin/menus-btf.xml#menus-btf','菜单','MENU',null,'ADMIN','/images/icons/tree.png','false','6');
Insert into OA.MENUS (MENU_ID,MENU_NAME,MENU_TASKFLOW_URL,MENU_DESC,MENU_CATEGORY,PARENT_MENU_ID,MENU_MASTER_CATEGORY,MENU_ICON_URL,EXPIRED,SEQ) values ('ADMIN_ROLE','角色','/WEB-INF/flows/admin/roles-btf.xml#roles-btf','角色','ROLE',null,'ADMIN','/images/icons/actor.png','false','7');
Insert into OA.MENUS (MENU_ID,MENU_NAME,MENU_TASKFLOW_URL,MENU_DESC,MENU_CATEGORY,PARENT_MENU_ID,MENU_MASTER_CATEGORY,MENU_ICON_URL,EXPIRED,SEQ) values ('ADMIN_CLASSROOM','教室数据','/WEB-INF/flows/admin/classroom-btf.xml#classroom-btf','教室信息维护','CLSRM',null,'ADMIN','/images/icons/group.png','false','1');
Insert into OA.MENUS (MENU_ID,MENU_NAME,MENU_TASKFLOW_URL,MENU_DESC,MENU_CATEGORY,PARENT_MENU_ID,MENU_MASTER_CATEGORY,MENU_ICON_URL,EXPIRED,SEQ) values ('ADMIN_CONFROOM','会议室数据','/WEB-INF/flows/admin/conference-room-btf.xml#conference-room-btf','会议室数据','CONFRM',null,'ADMIN','/images/icons/team.png','false','2');
Insert into OA.MENUS (MENU_ID,MENU_NAME,MENU_TASKFLOW_URL,MENU_DESC,MENU_CATEGORY,PARENT_MENU_ID,MENU_MASTER_CATEGORY,MENU_ICON_URL,EXPIRED,SEQ) values ('ADMIN_VEHICLE','车辆数据','/WEB-INF/flows/admin/vehicle-btf.xml#vehicle-btf','车辆数据','VEHICLE',null,'ADMIN','/images/icons/car_arrow.png','false','3');
Insert into OA.MENUS (MENU_ID,MENU_NAME,MENU_TASKFLOW_URL,MENU_DESC,MENU_CATEGORY,PARENT_MENU_ID,MENU_MASTER_CATEGORY,MENU_ICON_URL,EXPIRED,SEQ) values ('ADMIN_HD_REASONS','报修原因数据','/WEB-INF/flows/admin/hd-reason-btf.xml#hd-reason-btf','报修原因数据','HD_REASONS',null,'ADMIN','/images/icons/notstartedthread.png','false','8');
Insert into OA.MENUS (MENU_ID,MENU_NAME,MENU_TASKFLOW_URL,MENU_DESC,MENU_CATEGORY,PARENT_MENU_ID,MENU_MASTER_CATEGORY,MENU_ICON_URL,EXPIRED,SEQ) values ('ADMIN_HD_RESULT','报修结果数据','/WEB-INF/flows/admin/hd-result-btf.xml#hd-result-btf','报修结果数据','HD_RESULT',null,'ADMIN','/images/icons/completedthread.png','false','9');
Insert into OA.MENUS (MENU_ID,MENU_NAME,MENU_TASKFLOW_URL,MENU_DESC,MENU_CATEGORY,PARENT_MENU_ID,MENU_MASTER_CATEGORY,MENU_ICON_URL,EXPIRED,SEQ) values ('ADMIN_SMS','SMS管理','/WEB-INF/flows/admin/sms-enable-btf.xml#sms-enable-btf','SMS管理','SMS',null,'ADMIN',null,'false','10');
Insert into OA.MENUS (MENU_ID,MENU_NAME,MENU_TASKFLOW_URL,MENU_DESC,MENU_CATEGORY,PARENT_MENU_ID,MENU_MASTER_CATEGORY,MENU_ICON_URL,EXPIRED,SEQ) values ('ADMIN_PO_CATEGORY','采购类别数据','/WEB-INF/flows/admin/po-category-btf.xml#po-category-btf','采购类别数据','PO_CATEGORY',null,'ADMIN','/images/icons/accessors.png','false','11');
REM INSERTING into OA.NOTIFICATIONS
Insert into OA.NOTIFICATIONS (ID,CATEGORY,PRIORITY,TITLE,CONTENT,EVENT_DATE,IS_SMS_SENT,STATE,TO_USER_ID) values ('367','DEFAULT',0,'您为事由：考察院舍设计 所做的用车申请已提交审核 ',' 提交时间：2013-04-22 02:48:43',to_date('22-APR-13','DD-MON-RR'),'Y','READ','155');
Insert into OA.NOTIFICATIONS (ID,CATEGORY,PRIORITY,TITLE,CONTENT,EVENT_DATE,IS_SMS_SENT,STATE,TO_USER_ID) values ('368','DEFAULT',0,'有新的用车申请等待您的审核',' 事由：考察院舍设计 申请人： 周树发',to_date('22-APR-13','DD-MON-RR'),'Y','READ','279');
Insert into OA.NOTIFICATIONS (ID,CATEGORY,PRIORITY,TITLE,CONTENT,EVENT_DATE,IS_SMS_SENT,STATE,TO_USER_ID) values ('377','DEFAULT',0,'有新的报修请求等待分派，报修单号：BX-100007',' 报修原因：信息 详细地址：自忠路455号1204 提交时间：2013-04-22 03:34:23',to_date('22-APR-13','DD-MON-RR'),'Y','READ','266');
Insert into OA.NOTIFICATIONS (ID,CATEGORY,PRIORITY,TITLE,CONTENT,EVENT_DATE,IS_SMS_SENT,STATE,TO_USER_ID) values ('390','DEFAULT',0,'有新的报修请求等待处理，报修单号：BX-100011',' 报修原因：信息 详细地址：1204',to_date('22-APR-13','DD-MON-RR'),'Y','UNREAD','269');
Insert into OA.NOTIFICATIONS (ID,CATEGORY,PRIORITY,TITLE,CONTENT,EVENT_DATE,IS_SMS_SENT,STATE,TO_USER_ID) values ('415','DEFAULT',0,'有新的采购订单等待审批。','订单号：CG-100022，总金额：6300.00',to_date('23-APR-13','DD-MON-RR'),'Y','UNREAD','152');
Insert into OA.NOTIFICATIONS (ID,CATEGORY,PRIORITY,TITLE,CONTENT,EVENT_DATE,IS_SMS_SENT,STATE,TO_USER_ID) values ('422','DEFAULT',0,'您的车辆预订：jjj 已完成调度并被张增康修改。 ',' 修改时间：2013-04-23 04:26:50 使用的车辆为：沪F28930',to_date('23-APR-13','DD-MON-RR'),'Y','UNREAD','316');
Insert into OA.NOTIFICATIONS (ID,CATEGORY,PRIORITY,TITLE,CONTENT,EVENT_DATE,IS_SMS_SENT,STATE,TO_USER_ID) values ('423','DEFAULT',0,'您的车辆预订：jjj 已完成调度并被张增康修改。 ',' 修改时间：2013-04-23 04:26:50 使用的车辆为：沪F28930',to_date('23-APR-13','DD-MON-RR'),'Y','UNREAD','316');
Insert into OA.NOTIFICATIONS (ID,CATEGORY,PRIORITY,TITLE,CONTENT,EVENT_DATE,IS_SMS_SENT,STATE,TO_USER_ID) values ('424','DEFAULT',0,'您的车辆预订：bb 已完成调度并被张增康修改。 ',' 修改时间：2013-04-23 04:30:44 使用的车辆为：沪BD8037',to_date('23-APR-13','DD-MON-RR'),'Y','UNREAD','291');
Insert into OA.NOTIFICATIONS (ID,CATEGORY,PRIORITY,TITLE,CONTENT,EVENT_DATE,IS_SMS_SENT,STATE,TO_USER_ID) values ('425','DEFAULT',0,'您的车辆预订：bb 已完成调度并被张增康修改。 ',' 修改时间：2013-04-23 04:30:44 使用的车辆为：沪BD8037',to_date('23-APR-13','DD-MON-RR'),'Y','UNREAD','291');
Insert into OA.NOTIFICATIONS (ID,CATEGORY,PRIORITY,TITLE,CONTENT,EVENT_DATE,IS_SMS_SENT,STATE,TO_USER_ID) values ('450','DEFAULT',0,'有新的采购订单等待采购。','订单号： CG-100022',to_date('24-APR-13','DD-MON-RR'),'Y','READ','302');
Insert into OA.NOTIFICATIONS (ID,CATEGORY,PRIORITY,TITLE,CONTENT,EVENT_DATE,IS_SMS_SENT,STATE,TO_USER_ID) values ('451','DEFAULT',0,'有新的采购订单等待采购。','订单号： CG-100022',to_date('24-APR-13','DD-MON-RR'),'Y','UNREAD','300');
Insert into OA.NOTIFICATIONS (ID,CATEGORY,PRIORITY,TITLE,CONTENT,EVENT_DATE,IS_SMS_SENT,STATE,TO_USER_ID) values ('452','DEFAULT',0,'有新的采购订单等待收货。','订单号： CG-100022',to_date('24-APR-13','DD-MON-RR'),'Y','READ','305');
Insert into OA.NOTIFICATIONS (ID,CATEGORY,PRIORITY,TITLE,CONTENT,EVENT_DATE,IS_SMS_SENT,STATE,TO_USER_ID) values ('453','DEFAULT',0,'有新的采购订单等待收货。','订单号： CG-100022',to_date('24-APR-13','DD-MON-RR'),'Y','READ','304');
Insert into OA.NOTIFICATIONS (ID,CATEGORY,PRIORITY,TITLE,CONTENT,EVENT_DATE,IS_SMS_SENT,STATE,TO_USER_ID) values ('454','DEFAULT',0,'您的采购订单已审批。','订单号： CG-100022',to_date('24-APR-13','DD-MON-RR'),'Y','READ','273');
Insert into OA.NOTIFICATIONS (ID,CATEGORY,PRIORITY,TITLE,CONTENT,EVENT_DATE,IS_SMS_SENT,STATE,TO_USER_ID) values ('455','DEFAULT',0,'您为事由：区级培训 初级平面设计 所做的教室预订已成功，请准时使用。 ',' 提交时间：2013-04-24 10:45:17',to_date('24-APR-13','DD-MON-RR'),'Y','UNREAD','yanhm');
Insert into OA.NOTIFICATIONS (ID,CATEGORY,PRIORITY,TITLE,CONTENT,EVENT_DATE,IS_SMS_SENT,STATE,TO_USER_ID) values ('500','DEFAULT',0,'有新的报修请求等待分派，报修单号：BX-100024',' 报修原因：信息 详细地址：1204 提交时间：2013-04-26 10:05:37',to_date('26-APR-13','DD-MON-RR'),'Y','READ','266');
Insert into OA.NOTIFICATIONS (ID,CATEGORY,PRIORITY,TITLE,CONTENT,EVENT_DATE,IS_SMS_SENT,STATE,TO_USER_ID) values ('501','DEFAULT',0,'有新的报修请求等待分派，报修单号：BX-100024',' 报修原因：信息 详细地址：1204 提交时间：2013-04-26 10:05:37',to_date('26-APR-13','DD-MON-RR'),'Y','UNREAD','267');
Insert into OA.NOTIFICATIONS (ID,CATEGORY,PRIORITY,TITLE,CONTENT,EVENT_DATE,IS_SMS_SENT,STATE,TO_USER_ID) values ('502','DEFAULT',0,'有新的报修请求等待处理，报修单号：BX-100024',' 报修原因：信息 详细地址：1204',to_date('26-APR-13','DD-MON-RR'),'Y','READ','250');
Insert into OA.NOTIFICATIONS (ID,CATEGORY,PRIORITY,TITLE,CONTENT,EVENT_DATE,IS_SMS_SENT,STATE,TO_USER_ID) values ('503','DEFAULT',0,'有新的报修请求等待分派，报修单号：BX-100025',' 报修原因：总务 详细地址：2号楼405室 提交时间：2013-04-26 09:47:18',to_date('26-APR-13','DD-MON-RR'),'Y','UNREAD','291');
Insert into OA.NOTIFICATIONS (ID,CATEGORY,PRIORITY,TITLE,CONTENT,EVENT_DATE,IS_SMS_SENT,STATE,TO_USER_ID) values ('505','DEFAULT',0,'有新的报修请求等待分派，报修单号：BX-100026',' 报修原因：信息 详细地址：2403 提交时间：2013-04-27 03:08:09',to_date('27-APR-13','DD-MON-RR'),'Y','READ','266');
Insert into OA.NOTIFICATIONS (ID,CATEGORY,PRIORITY,TITLE,CONTENT,EVENT_DATE,IS_SMS_SENT,STATE,TO_USER_ID) values ('506','DEFAULT',0,'有新的报修请求等待分派，报修单号：BX-100026',' 报修原因：信息 详细地址：2403 提交时间：2013-04-27 03:08:09',to_date('27-APR-13','DD-MON-RR'),'Y','UNREAD','267');
Insert into OA.NOTIFICATIONS (ID,CATEGORY,PRIORITY,TITLE,CONTENT,EVENT_DATE,IS_SMS_SENT,STATE,TO_USER_ID) values ('509','DEFAULT',0,'有新的报修请求等待分派，报修单号：BX-100027',' 报修原因：信息 详细地址：自忠路3号楼310会议室 提交时间：2013-04-27 04:11:59',to_date('27-APR-13','DD-MON-RR'),'Y','READ','266');
Insert into OA.NOTIFICATIONS (ID,CATEGORY,PRIORITY,TITLE,CONTENT,EVENT_DATE,IS_SMS_SENT,STATE,TO_USER_ID) values ('510','DEFAULT',0,'有新的报修请求等待分派，报修单号：BX-100027',' 报修原因：信息 详细地址：自忠路3号楼310会议室 提交时间：2013-04-27 04:11:59',to_date('27-APR-13','DD-MON-RR'),'Y','UNREAD','267');
Insert into OA.NOTIFICATIONS (ID,CATEGORY,PRIORITY,TITLE,CONTENT,EVENT_DATE,IS_SMS_SENT,STATE,TO_USER_ID) values ('557','DEFAULT',0,'您为会议主题：学习所 所做的会议室申请已提交审核。 ',' 提交时间：2013-05-02 10:36:16',to_date('02-MAY-13','DD-MON-RR'),'Y','UNREAD','222');
Insert into OA.NOTIFICATIONS (ID,CATEGORY,PRIORITY,TITLE,CONTENT,EVENT_DATE,IS_SMS_SENT,STATE,TO_USER_ID) values ('558','DEFAULT',0,'有新的会议室申请等待您的审核。',' 会议主题：学习所 申请人： 唐军',to_date('02-MAY-13','DD-MON-RR'),'Y','READ','282');
Insert into OA.NOTIFICATIONS (ID,CATEGORY,PRIORITY,TITLE,CONTENT,EVENT_DATE,IS_SMS_SENT,STATE,TO_USER_ID) values ('576','DEFAULT',0,'您为会议主题：部门业务学习 所做的会议室申请已通过审核。 ',' 审核时间：2013-05-02 01:20:16',to_date('02-MAY-13','DD-MON-RR'),'Y','UNREAD','235');
Insert into OA.NOTIFICATIONS (ID,CATEGORY,PRIORITY,TITLE,CONTENT,EVENT_DATE,IS_SMS_SENT,STATE,TO_USER_ID) values ('588','DEFAULT',0,'您为会议主题：人事会议 所做的会议室申请已通过审核。 ',' 审核时间：2013-05-02 02:03:11',to_date('02-MAY-13','DD-MON-RR'),'Y','UNREAD','287');
Insert into OA.NOTIFICATIONS (ID,CATEGORY,PRIORITY,TITLE,CONTENT,EVENT_DATE,IS_SMS_SENT,STATE,TO_USER_ID) values ('594','DEFAULT',0,'您为会议主题：导航研究 所做的会议室申请已通过审核。 ',' 审核时间：2013-05-02 02:14:58',to_date('02-MAY-13','DD-MON-RR'),'Y','UNREAD','202');
Insert into OA.NOTIFICATIONS (ID,CATEGORY,PRIORITY,TITLE,CONTENT,EVENT_DATE,IS_SMS_SENT,STATE,TO_USER_ID) values ('601','DEFAULT',0,'您为事由：市级共享  新课程背景下小学语文教学设计与教学策略 所做的教室预订已成功，请准时使用。 ',' 提交时间：2013-05-02 04:18:54',to_date('02-MAY-13','DD-MON-RR'),'Y','UNREAD','weiym');
Insert into OA.NOTIFICATIONS (ID,CATEGORY,PRIORITY,TITLE,CONTENT,EVENT_DATE,IS_SMS_SENT,STATE,TO_USER_ID) values ('606','DEFAULT',0,'有新的采购订单等待审核。','订单号：CG-100042，预算总金额：350.00',to_date('03-MAY-13','DD-MON-RR'),'Y','UNREAD','291');
Insert into OA.NOTIFICATIONS (ID,CATEGORY,PRIORITY,TITLE,CONTENT,EVENT_DATE,IS_SMS_SENT,STATE,TO_USER_ID) values ('607','DEFAULT',0,'您的采购订单已完成部门审核,等待采购审核中。','订单号： CG-100042',to_date('03-MAY-13','DD-MON-RR'),'Y','READ','282');
Insert into OA.NOTIFICATIONS (ID,CATEGORY,PRIORITY,TITLE,CONTENT,EVENT_DATE,IS_SMS_SENT,STATE,TO_USER_ID) values ('622','DEFAULT',0,'您为会议主题：高一教研 所做的会议室申请已通过审核。 ',' 审核时间：2013-05-03 02:32:06',to_date('03-MAY-13','DD-MON-RR'),'Y','UNREAD','183');
Insert into OA.NOTIFICATIONS (ID,CATEGORY,PRIORITY,TITLE,CONTENT,EVENT_DATE,IS_SMS_SENT,STATE,TO_USER_ID) values ('625','DEFAULT',0,'您为会议主题：教心基地活动 所做的会议室申请已提交审核。 ',' 提交时间：2013-05-03 02:32:22',to_date('03-MAY-13','DD-MON-RR'),'Y','UNREAD','224');
Insert into OA.NOTIFICATIONS (ID,CATEGORY,PRIORITY,TITLE,CONTENT,EVENT_DATE,IS_SMS_SENT,STATE,TO_USER_ID) values ('626','DEFAULT',0,'有新的会议室申请等待您的审核。',' 会议主题：教心基地活动 申请人： 吴晓芬',to_date('03-MAY-13','DD-MON-RR'),'Y','READ','282');
Insert into OA.NOTIFICATIONS (ID,CATEGORY,PRIORITY,TITLE,CONTENT,EVENT_DATE,IS_SMS_SENT,STATE,TO_USER_ID) values ('641','DEFAULT',0,'您为会议主题：青年沙龙活动 所做的会议室申请已通过审核。 ',' 审核时间：2013-05-03 02:49:24',to_date('03-MAY-13','DD-MON-RR'),'Y','UNREAD','279');
Insert into OA.NOTIFICATIONS (ID,CATEGORY,PRIORITY,TITLE,CONTENT,EVENT_DATE,IS_SMS_SENT,STATE,TO_USER_ID) values ('642','DEFAULT',0,'您为会议主题：青年沙龙理事会议 所做的会议室申请已通过审核。 ',' 审核时间：2013-05-03 02:49:43',to_date('03-MAY-13','DD-MON-RR'),'Y','UNREAD','279');
Insert into OA.NOTIFICATIONS (ID,CATEGORY,PRIORITY,TITLE,CONTENT,EVENT_DATE,IS_SMS_SENT,STATE,TO_USER_ID) values ('644','DEFAULT',0,'有新的采购订单等待审批。','订单号：CG-100041，总金额：1000.00',to_date('03-MAY-13','DD-MON-RR'),'Y','UNREAD','152');
Insert into OA.NOTIFICATIONS (ID,CATEGORY,PRIORITY,TITLE,CONTENT,EVENT_DATE,IS_SMS_SENT,STATE,TO_USER_ID) values ('645','DEFAULT',0,'有新的采购订单等待审批。','订单号：CG-100043，总金额：600.00',to_date('03-MAY-13','DD-MON-RR'),'Y','UNREAD','152');
Insert into OA.NOTIFICATIONS (ID,CATEGORY,PRIORITY,TITLE,CONTENT,EVENT_DATE,IS_SMS_SENT,STATE,TO_USER_ID) values ('646','DEFAULT',0,'有新的采购订单等待审批。','订单号：CG-100027，总金额：9000.00',to_date('03-MAY-13','DD-MON-RR'),'Y','UNREAD','152');
Insert into OA.NOTIFICATIONS (ID,CATEGORY,PRIORITY,TITLE,CONTENT,EVENT_DATE,IS_SMS_SENT,STATE,TO_USER_ID) values ('649','DEFAULT',0,'您为事由：高三化学教研活动 所做的教室预订已成功，请准时使用。 ',' 提交时间：2013-05-03 03:39:42',to_date('03-MAY-13','DD-MON-RR'),'Y','UNREAD','yangj');
Insert into OA.NOTIFICATIONS (ID,CATEGORY,PRIORITY,TITLE,CONTENT,EVENT_DATE,IS_SMS_SENT,STATE,TO_USER_ID) values ('650','DEFAULT',0,'您为会议主题：科研室部门学习 所做的会议室申请已通过审核。 ',' 审核时间：2013-05-03 04:04:07',to_date('03-MAY-13','DD-MON-RR'),'Y','UNREAD','223');
Insert into OA.NOTIFICATIONS (ID,CATEGORY,PRIORITY,TITLE,CONTENT,EVENT_DATE,IS_SMS_SENT,STATE,TO_USER_ID) values ('666','DEFAULT',0,'您为会议主题：教育公平 所做的会议室申请已提交审核。 ',' 提交时间：2013-05-06 03:10:42',to_date('06-MAY-13','DD-MON-RR'),'N','UNREAD','158');
Insert into OA.NOTIFICATIONS (ID,CATEGORY,PRIORITY,TITLE,CONTENT,EVENT_DATE,IS_SMS_SENT,STATE,TO_USER_ID) values ('667','DEFAULT',0,'有新的会议室申请等待您的审核。',' 会议主题：教育公平 申请人： 陈兆施',to_date('06-MAY-13','DD-MON-RR'),'N','READ','282');
Insert into OA.NOTIFICATIONS (ID,CATEGORY,PRIORITY,TITLE,CONTENT,EVENT_DATE,IS_SMS_SENT,STATE,TO_USER_ID) values ('668','DEFAULT',0,'您为会议主题：教育公平 所做的会议室申请已提交审核。 ',' 提交时间：2013-05-06 03:20:37',to_date('06-MAY-13','DD-MON-RR'),'N','UNREAD','158');
Insert into OA.NOTIFICATIONS (ID,CATEGORY,PRIORITY,TITLE,CONTENT,EVENT_DATE,IS_SMS_SENT,STATE,TO_USER_ID) values ('669','DEFAULT',0,'有新的会议室申请等待您的审核。',' 会议主题：教育公平 申请人： 陈兆施',to_date('06-MAY-13','DD-MON-RR'),'N','READ','282');
Insert into OA.NOTIFICATIONS (ID,CATEGORY,PRIORITY,TITLE,CONTENT,EVENT_DATE,IS_SMS_SENT,STATE,TO_USER_ID) values ('670','DEFAULT',0,'您为会议主题：公平 所做的会议室申请已提交审核。 ',' 提交时间：2013-05-06 03:24:51',to_date('06-MAY-13','DD-MON-RR'),'N','UNREAD','158');
Insert into OA.NOTIFICATIONS (ID,CATEGORY,PRIORITY,TITLE,CONTENT,EVENT_DATE,IS_SMS_SENT,STATE,TO_USER_ID) values ('671','DEFAULT',0,'有新的会议室申请等待您的审核。',' 会议主题：公平 申请人： 陈兆施',to_date('06-MAY-13','DD-MON-RR'),'N','READ','282');
Insert into OA.NOTIFICATIONS (ID,CATEGORY,PRIORITY,TITLE,CONTENT,EVENT_DATE,IS_SMS_SENT,STATE,TO_USER_ID) values ('672','DEFAULT',0,'您为会议主题：小学公平 所做的会议室申请已提交审核。 ',' 提交时间：2013-05-06 03:26:20',to_date('06-MAY-13','DD-MON-RR'),'N','UNREAD','158');
Insert into OA.NOTIFICATIONS (ID,CATEGORY,PRIORITY,TITLE,CONTENT,EVENT_DATE,IS_SMS_SENT,STATE,TO_USER_ID) values ('369','DEFAULT',0,'有新的报修请求等待分派，报修单号：BX-100002',' 报修原因：信息 详细地址：1204室 提交时间：2013-04-22 02:52:09',to_date('22-APR-13','DD-MON-RR'),'Y','READ','266');
Insert into OA.NOTIFICATIONS (ID,CATEGORY,PRIORITY,TITLE,CONTENT,EVENT_DATE,IS_SMS_SENT,STATE,TO_USER_ID) values ('370','DEFAULT',0,'有新的采购订单等待部门审核。','订单号：CG-100022，预算总金额：6300.00',to_date('22-APR-13','DD-MON-RR'),'Y','READ','155');
Insert into OA.NOTIFICATIONS (ID,CATEGORY,PRIORITY,TITLE,CONTENT,EVENT_DATE,IS_SMS_SENT,STATE,TO_USER_ID) values ('373','DEFAULT',0,'有新的报修请求等待处理，报修单号：BX-100002',' 报修原因：信息 详细地址：1204室',to_date('22-APR-13','DD-MON-RR'),'Y','READ','273');
Insert into OA.NOTIFICATIONS (ID,CATEGORY,PRIORITY,TITLE,CONTENT,EVENT_DATE,IS_SMS_SENT,STATE,TO_USER_ID) values ('378','DEFAULT',0,'有新的报修请求等待处理，报修单号：BX-100007',' 报修原因：信息 详细地址：自忠路455号1204',to_date('22-APR-13','DD-MON-RR'),'Y','READ','250');
Insert into OA.NOTIFICATIONS (ID,CATEGORY,PRIORITY,TITLE,CONTENT,EVENT_DATE,IS_SMS_SENT,STATE,TO_USER_ID) values ('397','DEFAULT',0,'您为会议主题：课题讨论 所做的会议室申请已提交审核。 ',' 提交时间：2013-04-23 08:59:17',to_date('23-APR-13','DD-MON-RR'),'Y','UNREAD','222');
Insert into OA.NOTIFICATIONS (ID,CATEGORY,PRIORITY,TITLE,CONTENT,EVENT_DATE,IS_SMS_SENT,STATE,TO_USER_ID) values ('398','DEFAULT',0,'有新的会议室申请等待您的审核。',' 会议主题：课题讨论 申请人： 唐军',to_date('23-APR-13','DD-MON-RR'),'Y','READ','282');
Insert into OA.NOTIFICATIONS (ID,CATEGORY,PRIORITY,TITLE,CONTENT,EVENT_DATE,IS_SMS_SENT,STATE,TO_USER_ID) values ('407','DEFAULT',0,'有新的采购订单等待部门审核。','订单号：CG-100024，预算总金额：2400.00',to_date('23-APR-13','DD-MON-RR'),'Y','READ','155');
Insert into OA.NOTIFICATIONS (ID,CATEGORY,PRIORITY,TITLE,CONTENT,EVENT_DATE,IS_SMS_SENT,STATE,TO_USER_ID) values ('410','DEFAULT',0,'有新的采购订单等待审批。','订单号：CG-100022',to_date('23-APR-13','DD-MON-RR'),'Y','READ','155');
Insert into OA.NOTIFICATIONS (ID,CATEGORY,PRIORITY,TITLE,CONTENT,EVENT_DATE,IS_SMS_SENT,STATE,TO_USER_ID) values ('411','DEFAULT',0,'您的采购订单已完成审核,等待审批中。','订单号：CG-100022，审核总金额：6300.0',to_date('23-APR-13','DD-MON-RR'),'Y','READ','273');
Insert into OA.NOTIFICATIONS (ID,CATEGORY,PRIORITY,TITLE,CONTENT,EVENT_DATE,IS_SMS_SENT,STATE,TO_USER_ID) values ('412','DEFAULT',0,'有新的采购订单等待审批。','订单号：CG-100024',to_date('23-APR-13','DD-MON-RR'),'Y','READ','155');
Insert into OA.NOTIFICATIONS (ID,CATEGORY,PRIORITY,TITLE,CONTENT,EVENT_DATE,IS_SMS_SENT,STATE,TO_USER_ID) values ('413','DEFAULT',0,'您的采购订单已完成审核,等待审批中。','订单号：CG-100024，审核总金额：1200.0',to_date('23-APR-13','DD-MON-RR'),'Y','READ','266');
Insert into OA.NOTIFICATIONS (ID,CATEGORY,PRIORITY,TITLE,CONTENT,EVENT_DATE,IS_SMS_SENT,STATE,TO_USER_ID) values ('418','DEFAULT',0,'您为事由：考察院舍设计 所做的用车申请已提交审核 ',' 提交时间：2013-04-23 04:08:55',to_date('23-APR-13','DD-MON-RR'),'Y','READ','155');
Insert into OA.NOTIFICATIONS (ID,CATEGORY,PRIORITY,TITLE,CONTENT,EVENT_DATE,IS_SMS_SENT,STATE,TO_USER_ID) values ('419','DEFAULT',0,'有新的用车申请等待您的审核',' 事由：考察院舍设计 申请人： 周树发',to_date('23-APR-13','DD-MON-RR'),'Y','READ','279');
Insert into OA.NOTIFICATIONS (ID,CATEGORY,PRIORITY,TITLE,CONTENT,EVENT_DATE,IS_SMS_SENT,STATE,TO_USER_ID) values ('456','DEFAULT',0,'您为事由：录制签约仪式 所做的用车申请已被拒绝。 ','审核时间：2013-04-24 01:17:20',to_date('24-APR-13','DD-MON-RR'),'Y','READ','266');
Insert into OA.NOTIFICATIONS (ID,CATEGORY,PRIORITY,TITLE,CONTENT,EVENT_DATE,IS_SMS_SENT,STATE,TO_USER_ID) values ('463','DEFAULT',0,'您的车辆预订：vv 已调度完成。 ',' 完成时间：2013-04-24 05:18:19 使用的车辆为：沪E10589',to_date('24-APR-13','DD-MON-RR'),'Y','UNREAD','291');
Insert into OA.NOTIFICATIONS (ID,CATEGORY,PRIORITY,TITLE,CONTENT,EVENT_DATE,IS_SMS_SENT,STATE,TO_USER_ID) values ('464','DEFAULT',0,'您的车辆预订：vv 已调度完成。 ',' 完成时间：2013-04-24 05:18:19 使用的车辆为：沪E10589',to_date('24-APR-13','DD-MON-RR'),'Y','UNREAD','291');
Insert into OA.NOTIFICATIONS (ID,CATEGORY,PRIORITY,TITLE,CONTENT,EVENT_DATE,IS_SMS_SENT,STATE,TO_USER_ID) values ('465','DEFAULT',0,'您的车辆预订：vv 已完成调度并被张增康修改。 ',' 修改时间：2013-04-24 05:19:56 使用的车辆为：沪E10589',to_date('24-APR-13','DD-MON-RR'),'Y','UNREAD','291');
Insert into OA.NOTIFICATIONS (ID,CATEGORY,PRIORITY,TITLE,CONTENT,EVENT_DATE,IS_SMS_SENT,STATE,TO_USER_ID) values ('466','DEFAULT',0,'您的车辆预订：vv 已完成调度并被张增康修改。 ',' 修改时间：2013-04-24 05:19:56 使用的车辆为：沪E10589',to_date('24-APR-13','DD-MON-RR'),'Y','UNREAD','291');
Insert into OA.NOTIFICATIONS (ID,CATEGORY,PRIORITY,TITLE,CONTENT,EVENT_DATE,IS_SMS_SENT,STATE,TO_USER_ID) values ('467','DEFAULT',0,'您的车辆预订：vv 已完成调度并被张增康修改。 ',' 修改时间：2013-04-24 05:20:06 使用的车辆为：沪E10589',to_date('24-APR-13','DD-MON-RR'),'Y','UNREAD','291');
Insert into OA.NOTIFICATIONS (ID,CATEGORY,PRIORITY,TITLE,CONTENT,EVENT_DATE,IS_SMS_SENT,STATE,TO_USER_ID) values ('468','DEFAULT',0,'您的车辆预订：vv 已完成调度并被张增康修改。 ',' 修改时间：2013-04-24 05:20:06 使用的车辆为：沪E10589',to_date('24-APR-13','DD-MON-RR'),'Y','UNREAD','291');
Insert into OA.NOTIFICATIONS (ID,CATEGORY,PRIORITY,TITLE,CONTENT,EVENT_DATE,IS_SMS_SENT,STATE,TO_USER_ID) values ('469','DEFAULT',0,'您的车辆预订：jjj 已完成调度并被张增康修改。 ',' 修改时间：2013-04-24 05:25:57 使用的车辆为：沪F28930',to_date('24-APR-13','DD-MON-RR'),'Y','UNREAD','316');
Insert into OA.NOTIFICATIONS (ID,CATEGORY,PRIORITY,TITLE,CONTENT,EVENT_DATE,IS_SMS_SENT,STATE,TO_USER_ID) values ('470','DEFAULT',0,'您的车辆预订：jjj 已完成调度并被张增康修改。 ',' 修改时间：2013-04-24 05:25:57 使用的车辆为：沪F28930',to_date('24-APR-13','DD-MON-RR'),'Y','UNREAD','316');
Insert into OA.NOTIFICATIONS (ID,CATEGORY,PRIORITY,TITLE,CONTENT,EVENT_DATE,IS_SMS_SENT,STATE,TO_USER_ID) values ('483','DEFAULT',0,'您的采购订单被拒绝,请取消或者重新提交订单。','订单号： CG-100026',to_date('25-APR-13','DD-MON-RR'),'Y','UNREAD','268');
Insert into OA.NOTIFICATIONS (ID,CATEGORY,PRIORITY,TITLE,CONTENT,EVENT_DATE,IS_SMS_SENT,STATE,TO_USER_ID) values ('484','DEFAULT',0,'有新的采购订单等待部门审核。','订单号：CG-100027，预算总金额：9000.00',to_date('25-APR-13','DD-MON-RR'),'Y','READ','155');
Insert into OA.NOTIFICATIONS (ID,CATEGORY,PRIORITY,TITLE,CONTENT,EVENT_DATE,IS_SMS_SENT,STATE,TO_USER_ID) values ('485','DEFAULT',0,'有新的采购订单等待审核。','订单号：CG-100021，预算总金额：120.00',to_date('25-APR-13','DD-MON-RR'),'Y','READ','291');
Insert into OA.NOTIFICATIONS (ID,CATEGORY,PRIORITY,TITLE,CONTENT,EVENT_DATE,IS_SMS_SENT,STATE,TO_USER_ID) values ('486','DEFAULT',0,'您的采购订单已完成部门审核,等待采购审核中。','订单号： CG-100021',to_date('25-APR-13','DD-MON-RR'),'Y','UNREAD','279');
Insert into OA.NOTIFICATIONS (ID,CATEGORY,PRIORITY,TITLE,CONTENT,EVENT_DATE,IS_SMS_SENT,STATE,TO_USER_ID) values ('487','DEFAULT',0,'有新的采购订单等待审批。','订单号：CG-100021',to_date('25-APR-13','DD-MON-RR'),'Y','READ','155');
Insert into OA.NOTIFICATIONS (ID,CATEGORY,PRIORITY,TITLE,CONTENT,EVENT_DATE,IS_SMS_SENT,STATE,TO_USER_ID) values ('488','DEFAULT',0,'您的采购订单已完成审核,等待审批中。','订单号：CG-100021，审核总金额：120.0',to_date('25-APR-13','DD-MON-RR'),'Y','READ','279');
Insert into OA.NOTIFICATIONS (ID,CATEGORY,PRIORITY,TITLE,CONTENT,EVENT_DATE,IS_SMS_SENT,STATE,TO_USER_ID) values ('491','DEFAULT',0,'有新的采购订单等待审批。','订单号：CG-100021，总金额：120.00',to_date('25-APR-13','DD-MON-RR'),'Y','UNREAD','152');
Insert into OA.NOTIFICATIONS (ID,CATEGORY,PRIORITY,TITLE,CONTENT,EVENT_DATE,IS_SMS_SENT,STATE,TO_USER_ID) values ('495','DEFAULT',0,'有新的报修请求等待分派，报修单号：BX-100022',' 报修原因：信息 详细地址：自忠路455号 提交时间：2013-04-26 09:51:14',to_date('26-APR-13','DD-MON-RR'),'Y','READ','266');
Insert into OA.NOTIFICATIONS (ID,CATEGORY,PRIORITY,TITLE,CONTENT,EVENT_DATE,IS_SMS_SENT,STATE,TO_USER_ID) values ('496','DEFAULT',0,'有新的报修请求等待分派，报修单号：BX-100022',' 报修原因：信息 详细地址：自忠路455号 提交时间：2013-04-26 09:51:14',to_date('26-APR-13','DD-MON-RR'),'Y','UNREAD','267');
Insert into OA.NOTIFICATIONS (ID,CATEGORY,PRIORITY,TITLE,CONTENT,EVENT_DATE,IS_SMS_SENT,STATE,TO_USER_ID) values ('497','DEFAULT',0,'有新的报修请求等待分派，报修单号：BX-100023',' 报修原因：信息 详细地址：师训部 提交时间：2013-04-26 09:56:04',to_date('26-APR-13','DD-MON-RR'),'Y','READ','266');
Insert into OA.NOTIFICATIONS (ID,CATEGORY,PRIORITY,TITLE,CONTENT,EVENT_DATE,IS_SMS_SENT,STATE,TO_USER_ID) values ('498','DEFAULT',0,'有新的报修请求等待分派，报修单号：BX-100023',' 报修原因：信息 详细地址：师训部 提交时间：2013-04-26 09:56:04',to_date('26-APR-13','DD-MON-RR'),'Y','UNREAD','267');
Insert into OA.NOTIFICATIONS (ID,CATEGORY,PRIORITY,TITLE,CONTENT,EVENT_DATE,IS_SMS_SENT,STATE,TO_USER_ID) values ('508','DEFAULT',0,'您为事由：教育局培训 所做的教室预订已成功，请准时使用。 ',' 提交时间：2013-04-27 03:48:24',to_date('27-APR-13','DD-MON-RR'),'Y','UNREAD','weiym');
Insert into OA.NOTIFICATIONS (ID,CATEGORY,PRIORITY,TITLE,CONTENT,EVENT_DATE,IS_SMS_SENT,STATE,TO_USER_ID) values ('512','DEFAULT',0,'有新的报修请求等待分派，报修单号：BX-100028',' 报修原因：总务 详细地址：2204办公室 提交时间：2013-04-28 08:17:22',to_date('28-APR-13','DD-MON-RR'),'Y','READ','291');
Insert into OA.NOTIFICATIONS (ID,CATEGORY,PRIORITY,TITLE,CONTENT,EVENT_DATE,IS_SMS_SENT,STATE,TO_USER_ID) values ('551','DEFAULT',0,'您为会议主题：高中地理教材意见使用征集活动 所做的会议室申请已通过审核。 ',' 审核时间：2013-05-02 08:47:41',to_date('02-MAY-13','DD-MON-RR'),'Y','READ','189');
Insert into OA.NOTIFICATIONS (ID,CATEGORY,PRIORITY,TITLE,CONTENT,EVENT_DATE,IS_SMS_SENT,STATE,TO_USER_ID) values ('559','DEFAULT',0,'您为会议主题：初中语文骨干教师例会 所做的会议室申请已通过审核。 ',' 审核时间：2013-05-02 10:38:39',to_date('02-MAY-13','DD-MON-RR'),'Y','UNREAD','165');
Insert into OA.NOTIFICATIONS (ID,CATEGORY,PRIORITY,TITLE,CONTENT,EVENT_DATE,IS_SMS_SENT,STATE,TO_USER_ID) values ('627','DEFAULT',0,'您为会议主题：高二教师 所做的会议室申请已通过审核。 ',' 审核时间：2013-05-03 02:32:58',to_date('03-MAY-13','DD-MON-RR'),'Y','UNREAD','183');
Insert into OA.NOTIFICATIONS (ID,CATEGORY,PRIORITY,TITLE,CONTENT,EVENT_DATE,IS_SMS_SENT,STATE,TO_USER_ID) values ('628','DEFAULT',0,'您为会议主题：教心基地活动 所做的会议室申请已通过审核。 ',' 审核时间：2013-05-03 02:33:17',to_date('03-MAY-13','DD-MON-RR'),'Y','UNREAD','224');
Insert into OA.NOTIFICATIONS (ID,CATEGORY,PRIORITY,TITLE,CONTENT,EVENT_DATE,IS_SMS_SENT,STATE,TO_USER_ID) values ('665','DEFAULT',0,'您为会议主题：2013年黄浦区学校语言文字工作会议 所做的会议室申请已通过审核。 ',' 审核时间：2013-05-06 01:18:50',to_date('06-MAY-13','DD-MON-RR'),'N','UNREAD','290');
Insert into OA.NOTIFICATIONS (ID,CATEGORY,PRIORITY,TITLE,CONTENT,EVENT_DATE,IS_SMS_SENT,STATE,TO_USER_ID) values ('673','DEFAULT',0,'有新的会议室申请等待您的审核。',' 会议主题：小学公平 申请人： 陈兆施',to_date('06-MAY-13','DD-MON-RR'),'N','READ','282');
Insert into OA.NOTIFICATIONS (ID,CATEGORY,PRIORITY,TITLE,CONTENT,EVENT_DATE,IS_SMS_SENT,STATE,TO_USER_ID) values ('674','DEFAULT',0,'您为会议主题：教育公平 所做的会议室申请已取消。 ',' 取消时间：2013-05-06 03:26:40',to_date('06-MAY-13','DD-MON-RR'),'N','UNREAD','158');
Insert into OA.NOTIFICATIONS (ID,CATEGORY,PRIORITY,TITLE,CONTENT,EVENT_DATE,IS_SMS_SENT,STATE,TO_USER_ID) values ('675','DEFAULT',0,'您的车辆预订：开会 已调度完成。 ',' 完成时间：2013-05-06 03:51:38 使用的车辆为：沪BD8037',to_date('06-MAY-13','DD-MON-RR'),'N','UNREAD','157');
Insert into OA.NOTIFICATIONS (ID,CATEGORY,PRIORITY,TITLE,CONTENT,EVENT_DATE,IS_SMS_SENT,STATE,TO_USER_ID) values ('676','DEFAULT',0,'您的车辆预订：开会 已调度完成。 ',' 完成时间：2013-05-06 03:51:38 使用的车辆为：沪BD8037',to_date('06-MAY-13','DD-MON-RR'),'N','UNREAD','157');
Insert into OA.NOTIFICATIONS (ID,CATEGORY,PRIORITY,TITLE,CONTENT,EVENT_DATE,IS_SMS_SENT,STATE,TO_USER_ID) values ('677','DEFAULT',0,'您为会议主题：学习所会议 所做的会议室申请已提交审核。 ',' 提交时间：2013-05-06 03:54:16',to_date('06-MAY-13','DD-MON-RR'),'N','UNREAD','222');
Insert into OA.NOTIFICATIONS (ID,CATEGORY,PRIORITY,TITLE,CONTENT,EVENT_DATE,IS_SMS_SENT,STATE,TO_USER_ID) values ('678','DEFAULT',0,'有新的会议室申请等待您的审核。',' 会议主题：学习所会议 申请人： 唐军',to_date('06-MAY-13','DD-MON-RR'),'N','READ','282');
Insert into OA.NOTIFICATIONS (ID,CATEGORY,PRIORITY,TITLE,CONTENT,EVENT_DATE,IS_SMS_SENT,STATE,TO_USER_ID) values ('679','DEFAULT',0,'您为会议主题：学习所会议 所做的会议室申请已通过审核。 ',' 审核时间：2013-05-06 04:23:34',to_date('06-MAY-13','DD-MON-RR'),'N','UNREAD','222');
Insert into OA.NOTIFICATIONS (ID,CATEGORY,PRIORITY,TITLE,CONTENT,EVENT_DATE,IS_SMS_SENT,STATE,TO_USER_ID) values ('363','DEFAULT',0,'您为事由：市级共享课程教学 所做的教室预订已成功，请准时使用。 ',' 提交时间：2013-04-22 10:12:52',to_date('22-APR-13','DD-MON-RR'),'Y','READ','weiym');
Insert into OA.NOTIFICATIONS (ID,CATEGORY,PRIORITY,TITLE,CONTENT,EVENT_DATE,IS_SMS_SENT,STATE,TO_USER_ID) values ('364','DEFAULT',0,'您为事由：市级共享课程教学 所做的教室预订已成功，请准时使用。 ',' 提交时间：2013-04-22 10:26:15',to_date('22-APR-13','DD-MON-RR'),'Y','READ','weiym');
Insert into OA.NOTIFICATIONS (ID,CATEGORY,PRIORITY,TITLE,CONTENT,EVENT_DATE,IS_SMS_SENT,STATE,TO_USER_ID) values ('371','DEFAULT',0,'有新的采购订单等待审核。','订单号：CG-100022，预算总金额：6300.00',to_date('22-APR-13','DD-MON-RR'),'Y','READ','291');
Insert into OA.NOTIFICATIONS (ID,CATEGORY,PRIORITY,TITLE,CONTENT,EVENT_DATE,IS_SMS_SENT,STATE,TO_USER_ID) values ('372','DEFAULT',0,'您的采购订单已完成部门审核,等待采购审核中。','订单号： CG-100022',to_date('22-APR-13','DD-MON-RR'),'Y','READ','273');
Insert into OA.NOTIFICATIONS (ID,CATEGORY,PRIORITY,TITLE,CONTENT,EVENT_DATE,IS_SMS_SENT,STATE,TO_USER_ID) values ('379','DEFAULT',0,'有新的报修请求等待处理，报修单号：BX-100006',' 报修原因：信息 详细地址：1204',to_date('22-APR-13','DD-MON-RR'),'Y','READ','250');
Insert into OA.NOTIFICATIONS (ID,CATEGORY,PRIORITY,TITLE,CONTENT,EVENT_DATE,IS_SMS_SENT,STATE,TO_USER_ID) values ('382','DEFAULT',0,'有新的报修请求等待处理，报修单号：BX-100008',' 报修原因：信息 详细地址：1204',to_date('22-APR-13','DD-MON-RR'),'Y','READ','278');
Insert into OA.NOTIFICATIONS (ID,CATEGORY,PRIORITY,TITLE,CONTENT,EVENT_DATE,IS_SMS_SENT,STATE,TO_USER_ID) values ('385','DEFAULT',0,'有新的报修请求等待分派，报修单号：BX-100010',' 报修原因：信息 详细地址：206 提交时间：2013-04-22 03:58:20',to_date('22-APR-13','DD-MON-RR'),'Y','READ','266');
Insert into OA.NOTIFICATIONS (ID,CATEGORY,PRIORITY,TITLE,CONTENT,EVENT_DATE,IS_SMS_SENT,STATE,TO_USER_ID) values ('386','DEFAULT',0,'有新的报修请求等待分派，报修单号：BX-100010',' 报修原因：信息 详细地址：206 提交时间：2013-04-22 03:58:20',to_date('22-APR-13','DD-MON-RR'),'Y','READ','267');
Insert into OA.NOTIFICATIONS (ID,CATEGORY,PRIORITY,TITLE,CONTENT,EVENT_DATE,IS_SMS_SENT,STATE,TO_USER_ID) values ('387','DEFAULT',0,'有新的报修请求等待处理，报修单号：BX-100010',' 报修原因：信息 详细地址：206',to_date('22-APR-13','DD-MON-RR'),'Y','READ','278');
Insert into OA.NOTIFICATIONS (ID,CATEGORY,PRIORITY,TITLE,CONTENT,EVENT_DATE,IS_SMS_SENT,STATE,TO_USER_ID) values ('388','DEFAULT',0,'有新的报修请求等待分派，报修单号：BX-100011',' 报修原因：信息 详细地址：1204 提交时间：2013-04-22 04:12:27',to_date('22-APR-13','DD-MON-RR'),'Y','READ','266');
Insert into OA.NOTIFICATIONS (ID,CATEGORY,PRIORITY,TITLE,CONTENT,EVENT_DATE,IS_SMS_SENT,STATE,TO_USER_ID) values ('389','DEFAULT',0,'有新的报修请求等待分派，报修单号：BX-100011',' 报修原因：信息 详细地址：1204 提交时间：2013-04-22 04:12:27',to_date('22-APR-13','DD-MON-RR'),'Y','UNREAD','267');
Insert into OA.NOTIFICATIONS (ID,CATEGORY,PRIORITY,TITLE,CONTENT,EVENT_DATE,IS_SMS_SENT,STATE,TO_USER_ID) values ('393','DEFAULT',0,'您为事由：颁奖大会 所做的教室预订已成功，请准时使用。 ',' 提交时间：2013-04-22 04:34:33',to_date('22-APR-13','DD-MON-RR'),'Y','READ','lin');
Insert into OA.NOTIFICATIONS (ID,CATEGORY,PRIORITY,TITLE,CONTENT,EVENT_DATE,IS_SMS_SENT,STATE,TO_USER_ID) values ('406','DEFAULT',0,'有新的报修请求等待分派，报修单号：BX-100012',' 报修原因：总务 详细地址：2202 提交时间：2013-04-23 10:42:11',to_date('23-APR-13','DD-MON-RR'),'Y','READ','291');
Insert into OA.NOTIFICATIONS (ID,CATEGORY,PRIORITY,TITLE,CONTENT,EVENT_DATE,IS_SMS_SENT,STATE,TO_USER_ID) values ('408','DEFAULT',0,'有新的采购订单等待审核。','订单号：CG-100024，预算总金额：2400.00',to_date('23-APR-13','DD-MON-RR'),'Y','READ','291');
Insert into OA.NOTIFICATIONS (ID,CATEGORY,PRIORITY,TITLE,CONTENT,EVENT_DATE,IS_SMS_SENT,STATE,TO_USER_ID) values ('409','DEFAULT',0,'您的采购订单已完成部门审核,等待采购审核中。','订单号： CG-100024',to_date('23-APR-13','DD-MON-RR'),'Y','READ','266');
Insert into OA.NOTIFICATIONS (ID,CATEGORY,PRIORITY,TITLE,CONTENT,EVENT_DATE,IS_SMS_SENT,STATE,TO_USER_ID) values ('426','DEFAULT',0,'您的车辆预订：bb 已完成调度并被陈福林修改。 ',' 修改时间：2013-04-23 04:31:51 使用的车辆为：沪BD8037',to_date('23-APR-13','DD-MON-RR'),'Y','UNREAD','291');
Insert into OA.NOTIFICATIONS (ID,CATEGORY,PRIORITY,TITLE,CONTENT,EVENT_DATE,IS_SMS_SENT,STATE,TO_USER_ID) values ('427','DEFAULT',0,'您的车辆预订：bb 已完成调度并被陈福林修改。 ',' 修改时间：2013-04-23 04:31:51 使用的车辆为：沪BD8037',to_date('23-APR-13','DD-MON-RR'),'Y','UNREAD','291');
Insert into OA.NOTIFICATIONS (ID,CATEGORY,PRIORITY,TITLE,CONTENT,EVENT_DATE,IS_SMS_SENT,STATE,TO_USER_ID) values ('457','DEFAULT',0,'您为事由：考察院舍设计 所做的用车申请已审核完成，等待调度中。 ','审核时间：2013-04-24 01:17:47',to_date('24-APR-13','DD-MON-RR'),'Y','READ','155');
Insert into OA.NOTIFICATIONS (ID,CATEGORY,PRIORITY,TITLE,CONTENT,EVENT_DATE,IS_SMS_SENT,STATE,TO_USER_ID) values ('458','DEFAULT',0,'有新的用车申请已审核完成，等待您调度车辆。',' 事由：考察院舍设计 申请人： 周树发',to_date('24-APR-13','DD-MON-RR'),'Y','READ','316');
Insert into OA.NOTIFICATIONS (ID,CATEGORY,PRIORITY,TITLE,CONTENT,EVENT_DATE,IS_SMS_SENT,STATE,TO_USER_ID) values ('459','DEFAULT',0,'有新的用车申请已审核完成，等待您调度车辆。',' 事由：考察院舍设计 申请人： 周树发',to_date('24-APR-13','DD-MON-RR'),'Y','UNREAD','291');
Insert into OA.NOTIFICATIONS (ID,CATEGORY,PRIORITY,TITLE,CONTENT,EVENT_DATE,IS_SMS_SENT,STATE,TO_USER_ID) values ('462','DEFAULT',0,'有新的报修请求等待处理，报修单号：BX-100021',' 报修原因：总务 详细地址：1号楼405',to_date('24-APR-13','DD-MON-RR'),'Y','UNREAD','291');
Insert into OA.NOTIFICATIONS (ID,CATEGORY,PRIORITY,TITLE,CONTENT,EVENT_DATE,IS_SMS_SENT,STATE,TO_USER_ID) values ('489','DEFAULT',0,'有新的采购订单等待审核。','订单号：CG-100027，预算总金额：9000.00',to_date('25-APR-13','DD-MON-RR'),'Y','READ','291');
Insert into OA.NOTIFICATIONS (ID,CATEGORY,PRIORITY,TITLE,CONTENT,EVENT_DATE,IS_SMS_SENT,STATE,TO_USER_ID) values ('490','DEFAULT',0,'您的采购订单已完成部门审核,等待采购审核中。','订单号： CG-100027',to_date('25-APR-13','DD-MON-RR'),'Y','READ','273');
Insert into OA.NOTIFICATIONS (ID,CATEGORY,PRIORITY,TITLE,CONTENT,EVENT_DATE,IS_SMS_SENT,STATE,TO_USER_ID) values ('499','DEFAULT',0,'有新的报修请求等待处理，报修单号：BX-100023',' 报修原因：信息 详细地址：师训部',to_date('26-APR-13','DD-MON-RR'),'Y','UNREAD','267');
Insert into OA.NOTIFICATIONS (ID,CATEGORY,PRIORITY,TITLE,CONTENT,EVENT_DATE,IS_SMS_SENT,STATE,TO_USER_ID) values ('504','DEFAULT',0,'有新的报修请求等待处理，报修单号：BX-100025',' 报修原因：总务 详细地址：2号楼405室',to_date('27-APR-13','DD-MON-RR'),'Y','UNREAD','293');
Insert into OA.NOTIFICATIONS (ID,CATEGORY,PRIORITY,TITLE,CONTENT,EVENT_DATE,IS_SMS_SENT,STATE,TO_USER_ID) values ('513','DEFAULT',0,'有新的报修请求等待处理，报修单号：BX-100028',' 报修原因：总务 详细地址：2204办公室',to_date('28-APR-13','DD-MON-RR'),'Y','READ','305');
Insert into OA.NOTIFICATIONS (ID,CATEGORY,PRIORITY,TITLE,CONTENT,EVENT_DATE,IS_SMS_SENT,STATE,TO_USER_ID) values ('525','DEFAULT',0,'有新的报修请求等待分派，报修单号：BX-100029',' 报修原因：信息 详细地址：3号楼310会议室 提交时间：2013-04-28 01:15:37',to_date('28-APR-13','DD-MON-RR'),'Y','READ','266');
Insert into OA.NOTIFICATIONS (ID,CATEGORY,PRIORITY,TITLE,CONTENT,EVENT_DATE,IS_SMS_SENT,STATE,TO_USER_ID) values ('526','DEFAULT',0,'有新的报修请求等待分派，报修单号：BX-100029',' 报修原因：信息 详细地址：3号楼310会议室 提交时间：2013-04-28 01:15:37',to_date('28-APR-13','DD-MON-RR'),'Y','UNREAD','267');
Insert into OA.NOTIFICATIONS (ID,CATEGORY,PRIORITY,TITLE,CONTENT,EVENT_DATE,IS_SMS_SENT,STATE,TO_USER_ID) values ('545','DEFAULT',0,'您为会议主题：教育软件颁奖与培训 所做的会议室申请已通过审核。 ',' 审核时间：2013-05-02 08:34:22',to_date('02-MAY-13','DD-MON-RR'),'Y','UNREAD','267');
Insert into OA.NOTIFICATIONS (ID,CATEGORY,PRIORITY,TITLE,CONTENT,EVENT_DATE,IS_SMS_SENT,STATE,TO_USER_ID) values ('560','DEFAULT',0,'您为会议主题：学习所 所做的会议室申请已通过审核。 ',' 审核时间：2013-05-02 10:41:36',to_date('02-MAY-13','DD-MON-RR'),'Y','UNREAD','222');
Insert into OA.NOTIFICATIONS (ID,CATEGORY,PRIORITY,TITLE,CONTENT,EVENT_DATE,IS_SMS_SENT,STATE,TO_USER_ID) values ('566','DEFAULT',0,'您为会议主题：书记班微论坛研讨会 所做的会议室申请已通过审核。 ',' 审核时间：2013-05-02 11:20:43',to_date('02-MAY-13','DD-MON-RR'),'Y','UNREAD','254');
Insert into OA.NOTIFICATIONS (ID,CATEGORY,PRIORITY,TITLE,CONTENT,EVENT_DATE,IS_SMS_SENT,STATE,TO_USER_ID) values ('574','DEFAULT',0,'您为会议主题：总务主任培训 所做的会议室申请已提交审核。 ',' 提交时间：2013-05-02 01:19:34',to_date('02-MAY-13','DD-MON-RR'),'Y','UNREAD','254');
Insert into OA.NOTIFICATIONS (ID,CATEGORY,PRIORITY,TITLE,CONTENT,EVENT_DATE,IS_SMS_SENT,STATE,TO_USER_ID) values ('575','DEFAULT',0,'有新的会议室申请等待您的审核。',' 会议主题：总务主任培训 申请人： 郑渝萍',to_date('02-MAY-13','DD-MON-RR'),'Y','READ','282');
Insert into OA.NOTIFICATIONS (ID,CATEGORY,PRIORITY,TITLE,CONTENT,EVENT_DATE,IS_SMS_SENT,STATE,TO_USER_ID) values ('577','DEFAULT',0,'您为会议主题：书记培训 所做的会议室申请已提交审核。 ',' 提交时间：2013-05-02 01:21:35',to_date('02-MAY-13','DD-MON-RR'),'Y','UNREAD','254');
Insert into OA.NOTIFICATIONS (ID,CATEGORY,PRIORITY,TITLE,CONTENT,EVENT_DATE,IS_SMS_SENT,STATE,TO_USER_ID) values ('578','DEFAULT',0,'有新的会议室申请等待您的审核。',' 会议主题：书记培训 申请人： 郑渝萍',to_date('02-MAY-13','DD-MON-RR'),'Y','READ','282');
Insert into OA.NOTIFICATIONS (ID,CATEGORY,PRIORITY,TITLE,CONTENT,EVENT_DATE,IS_SMS_SENT,STATE,TO_USER_ID) values ('586','DEFAULT',0,'您为会议主题：人事会议 所做的会议室申请已提交审核。 ',' 提交时间：2013-05-02 02:02:37',to_date('02-MAY-13','DD-MON-RR'),'Y','UNREAD','287');
Insert into OA.NOTIFICATIONS (ID,CATEGORY,PRIORITY,TITLE,CONTENT,EVENT_DATE,IS_SMS_SENT,STATE,TO_USER_ID) values ('587','DEFAULT',0,'有新的会议室申请等待您的审核。',' 会议主题：人事会议 申请人： 陆懿香',to_date('02-MAY-13','DD-MON-RR'),'Y','UNREAD','282');
Insert into OA.NOTIFICATIONS (ID,CATEGORY,PRIORITY,TITLE,CONTENT,EVENT_DATE,IS_SMS_SENT,STATE,TO_USER_ID) values ('599','DEFAULT',0,'您为会议主题：市科学教材评价会议 所做的会议室申请已通过审核。 ',' 审核时间：2013-05-02 03:11:03',to_date('02-MAY-13','DD-MON-RR'),'Y','UNREAD','179');
Insert into OA.NOTIFICATIONS (ID,CATEGORY,PRIORITY,TITLE,CONTENT,EVENT_DATE,IS_SMS_SENT,STATE,TO_USER_ID) values ('600','DEFAULT',0,'您为会议主题：市教委基教处召开特殊教育会议 所做的会议室申请已通过审核。 ',' 审核时间：2013-05-02 03:13:21',to_date('02-MAY-13','DD-MON-RR'),'Y','READ','228');
Insert into OA.NOTIFICATIONS (ID,CATEGORY,PRIORITY,TITLE,CONTENT,EVENT_DATE,IS_SMS_SENT,STATE,TO_USER_ID) values ('604','DEFAULT',0,'有新的采购订单等待审核。','订单号：CG-100043，预算总金额：600.00',to_date('03-MAY-13','DD-MON-RR'),'Y','UNREAD','291');
Insert into OA.NOTIFICATIONS (ID,CATEGORY,PRIORITY,TITLE,CONTENT,EVENT_DATE,IS_SMS_SENT,STATE,TO_USER_ID) values ('605','DEFAULT',0,'您的采购订单已完成部门审核,等待采购审核中。','订单号： CG-100043',to_date('03-MAY-13','DD-MON-RR'),'Y','READ','282');
Insert into OA.NOTIFICATIONS (ID,CATEGORY,PRIORITY,TITLE,CONTENT,EVENT_DATE,IS_SMS_SENT,STATE,TO_USER_ID) values ('608','DEFAULT',0,'有新的采购订单等待审核。','订单号：CG-100041，预算总金额：1000.00',to_date('03-MAY-13','DD-MON-RR'),'Y','UNREAD','291');
Insert into OA.NOTIFICATIONS (ID,CATEGORY,PRIORITY,TITLE,CONTENT,EVENT_DATE,IS_SMS_SENT,STATE,TO_USER_ID) values ('609','DEFAULT',0,'您的采购订单已完成部门审核,等待采购审核中。','订单号： CG-100041',to_date('03-MAY-13','DD-MON-RR'),'Y','UNREAD','279');
Insert into OA.NOTIFICATIONS (ID,CATEGORY,PRIORITY,TITLE,CONTENT,EVENT_DATE,IS_SMS_SENT,STATE,TO_USER_ID) values ('613','DEFAULT',0,'您为会议主题：科学培训 所做的会议室申请已提交审核。 ',' 提交时间：2013-05-03 02:07:17',to_date('03-MAY-13','DD-MON-RR'),'Y','UNREAD','179');
Insert into OA.NOTIFICATIONS (ID,CATEGORY,PRIORITY,TITLE,CONTENT,EVENT_DATE,IS_SMS_SENT,STATE,TO_USER_ID) values ('614','DEFAULT',0,'有新的会议室申请等待您的审核。',' 会议主题：科学培训 申请人： 黄莹',to_date('03-MAY-13','DD-MON-RR'),'Y','READ','282');
Insert into OA.NOTIFICATIONS (ID,CATEGORY,PRIORITY,TITLE,CONTENT,EVENT_DATE,IS_SMS_SENT,STATE,TO_USER_ID) values ('615','DEFAULT',0,'您为会议主题：健康教育工作会议 所做的会议室申请审核未通过。 ',' 审核时间：2013-05-03 02:10:09',to_date('03-MAY-13','DD-MON-RR'),'Y','UNREAD','194');
Insert into OA.NOTIFICATIONS (ID,CATEGORY,PRIORITY,TITLE,CONTENT,EVENT_DATE,IS_SMS_SENT,STATE,TO_USER_ID) values ('616','DEFAULT',0,'您为会议主题：科学培训 所做的会议室申请已通过审核。 ',' 审核时间：2013-05-03 02:11:38',to_date('03-MAY-13','DD-MON-RR'),'Y','UNREAD','179');
Insert into OA.NOTIFICATIONS (ID,CATEGORY,PRIORITY,TITLE,CONTENT,EVENT_DATE,IS_SMS_SENT,STATE,TO_USER_ID) values ('366','DEFAULT',0,'有新的报修请求等待分派，报修单号：BX-100001',' 报修原因：总务 详细地址：3号楼3楼副院长墙壁挂画 提交时间：2013-04-22 01:56:15',to_date('22-APR-13','DD-MON-RR'),'Y','READ','291');
Insert into OA.NOTIFICATIONS (ID,CATEGORY,PRIORITY,TITLE,CONTENT,EVENT_DATE,IS_SMS_SENT,STATE,TO_USER_ID) values ('376','DEFAULT',0,'有新的报修请求等待分派，报修单号：BX-100006',' 报修原因：信息 详细地址：1204 提交时间：2013-04-22 03:33:43',to_date('22-APR-13','DD-MON-RR'),'Y','READ','266');
Insert into OA.NOTIFICATIONS (ID,CATEGORY,PRIORITY,TITLE,CONTENT,EVENT_DATE,IS_SMS_SENT,STATE,TO_USER_ID) values ('380','DEFAULT',0,'有新的报修请求等待分派，报修单号：BX-100008',' 报修原因：信息 详细地址：1204 提交时间：2013-04-22 03:50:15',to_date('22-APR-13','DD-MON-RR'),'Y','READ','266');
Insert into OA.NOTIFICATIONS (ID,CATEGORY,PRIORITY,TITLE,CONTENT,EVENT_DATE,IS_SMS_SENT,STATE,TO_USER_ID) values ('381','DEFAULT',0,'有新的报修请求等待分派，报修单号：BX-100008',' 报修原因：信息 详细地址：1204 提交时间：2013-04-22 03:50:15',to_date('22-APR-13','DD-MON-RR'),'Y','READ','267');
Insert into OA.NOTIFICATIONS (ID,CATEGORY,PRIORITY,TITLE,CONTENT,EVENT_DATE,IS_SMS_SENT,STATE,TO_USER_ID) values ('383','DEFAULT',0,'有新的报修请求等待分派，报修单号：BX-100009',' 报修原因：信息 详细地址：1204 提交时间：2013-04-22 03:54:22',to_date('22-APR-13','DD-MON-RR'),'Y','READ','266');
Insert into OA.NOTIFICATIONS (ID,CATEGORY,PRIORITY,TITLE,CONTENT,EVENT_DATE,IS_SMS_SENT,STATE,TO_USER_ID) values ('384','DEFAULT',0,'有新的报修请求等待分派，报修单号：BX-100009',' 报修原因：信息 详细地址：1204 提交时间：2013-04-22 03:54:22',to_date('22-APR-13','DD-MON-RR'),'Y','READ','267');
Insert into OA.NOTIFICATIONS (ID,CATEGORY,PRIORITY,TITLE,CONTENT,EVENT_DATE,IS_SMS_SENT,STATE,TO_USER_ID) values ('391','DEFAULT',0,'您为会议主题：欢送朱震远 所做的会议室申请已提交审核。 ',' 提交时间：2013-04-22 04:24:00',to_date('22-APR-13','DD-MON-RR'),'Y','READ','266');
Insert into OA.NOTIFICATIONS (ID,CATEGORY,PRIORITY,TITLE,CONTENT,EVENT_DATE,IS_SMS_SENT,STATE,TO_USER_ID) values ('392','DEFAULT',0,'有新的会议室申请等待您的审核。',' 会议主题：欢送朱震远 申请人： 李宁',to_date('22-APR-13','DD-MON-RR'),'Y','READ','282');
Insert into OA.NOTIFICATIONS (ID,CATEGORY,PRIORITY,TITLE,CONTENT,EVENT_DATE,IS_SMS_SENT,STATE,TO_USER_ID) values ('394','DEFAULT',0,'您为事由：考察院舍设计 所做的用车申请已审核完成，等待调度中。 ','审核时间：2013-04-22 04:36:10',to_date('22-APR-13','DD-MON-RR'),'Y','READ','155');
Insert into OA.NOTIFICATIONS (ID,CATEGORY,PRIORITY,TITLE,CONTENT,EVENT_DATE,IS_SMS_SENT,STATE,TO_USER_ID) values ('395','DEFAULT',0,'有新的用车申请已审核完成，等待您调度车辆。',' 事由：考察院舍设计 申请人： 周树发',to_date('22-APR-13','DD-MON-RR'),'Y','READ','316');
Insert into OA.NOTIFICATIONS (ID,CATEGORY,PRIORITY,TITLE,CONTENT,EVENT_DATE,IS_SMS_SENT,STATE,TO_USER_ID) values ('396','DEFAULT',0,'有新的用车申请已审核完成，等待您调度车辆。',' 事由：考察院舍设计 申请人： 周树发',to_date('22-APR-13','DD-MON-RR'),'Y','READ','291');
Insert into OA.NOTIFICATIONS (ID,CATEGORY,PRIORITY,TITLE,CONTENT,EVENT_DATE,IS_SMS_SENT,STATE,TO_USER_ID) values ('399','DEFAULT',0,'您为会议主题：课题讨论 所做的会议室申请已通过审核。 ',' 审核时间：2013-04-23 09:01:47',to_date('23-APR-13','DD-MON-RR'),'Y','UNREAD','222');
Insert into OA.NOTIFICATIONS (ID,CATEGORY,PRIORITY,TITLE,CONTENT,EVENT_DATE,IS_SMS_SENT,STATE,TO_USER_ID) values ('402','DEFAULT',0,'有新的报修请求等待处理，报修单号：BX-100001',' 报修原因：总务 详细地址：3号楼3楼副院长墙壁挂画',to_date('23-APR-13','DD-MON-RR'),'Y','UNREAD','297');
Insert into OA.NOTIFICATIONS (ID,CATEGORY,PRIORITY,TITLE,CONTENT,EVENT_DATE,IS_SMS_SENT,STATE,TO_USER_ID) values ('448','DEFAULT',0,'您为事由：录制签约仪式 所做的用车申请已提交审核 ',' 提交时间：2013-04-24 08:37:30',to_date('24-APR-13','DD-MON-RR'),'Y','READ','266');
Insert into OA.NOTIFICATIONS (ID,CATEGORY,PRIORITY,TITLE,CONTENT,EVENT_DATE,IS_SMS_SENT,STATE,TO_USER_ID) values ('449','DEFAULT',0,'有新的用车申请等待您的审核',' 事由：录制签约仪式 申请人： 李宁',to_date('24-APR-13','DD-MON-RR'),'Y','READ','279');
Insert into OA.NOTIFICATIONS (ID,CATEGORY,PRIORITY,TITLE,CONTENT,EVENT_DATE,IS_SMS_SENT,STATE,TO_USER_ID) values ('460','DEFAULT',0,'您为事由：考察院舍设计 所做的用车申请已完成调度。 ','完成调度时间：2013-04-24 01:57:40 使用的车辆为：沪F28930',to_date('24-APR-13','DD-MON-RR'),'Y','READ','155');
Insert into OA.NOTIFICATIONS (ID,CATEGORY,PRIORITY,TITLE,CONTENT,EVENT_DATE,IS_SMS_SENT,STATE,TO_USER_ID) values ('461','DEFAULT',0,'有新的报修请求等待分派，报修单号：BX-100021',' 报修原因：总务 详细地址：1号楼405 提交时间：2013-04-24 04:49:11',to_date('24-APR-13','DD-MON-RR'),'Y','UNREAD','291');
Insert into OA.NOTIFICATIONS (ID,CATEGORY,PRIORITY,TITLE,CONTENT,EVENT_DATE,IS_SMS_SENT,STATE,TO_USER_ID) values ('471','DEFAULT',0,'您的车辆预订：jjj 已完成调度并被张增康修改。 ',' 修改时间：2013-04-24 05:29:19 使用的车辆为：沪F28930',to_date('24-APR-13','DD-MON-RR'),'Y','UNREAD','316');
Insert into OA.NOTIFICATIONS (ID,CATEGORY,PRIORITY,TITLE,CONTENT,EVENT_DATE,IS_SMS_SENT,STATE,TO_USER_ID) values ('472','DEFAULT',0,'您的车辆预订：jjj 已完成调度并被张增康修改。 ',' 修改时间：2013-04-24 05:29:19 使用的车辆为：沪F28930',to_date('24-APR-13','DD-MON-RR'),'Y','UNREAD','316');
Insert into OA.NOTIFICATIONS (ID,CATEGORY,PRIORITY,TITLE,CONTENT,EVENT_DATE,IS_SMS_SENT,STATE,TO_USER_ID) values ('473','DEFAULT',0,'您的车辆预订：开会 已调度完成。 ',' 完成时间：2013-04-25 09:37:46 使用的车辆为：沪BD8037',to_date('25-APR-13','DD-MON-RR'),'Y','UNREAD','156');
Insert into OA.NOTIFICATIONS (ID,CATEGORY,PRIORITY,TITLE,CONTENT,EVENT_DATE,IS_SMS_SENT,STATE,TO_USER_ID) values ('474','DEFAULT',0,'您的车辆预订：开会 已调度完成。 ',' 完成时间：2013-04-25 09:37:46 使用的车辆为：沪BD8037',to_date('25-APR-13','DD-MON-RR'),'Y','UNREAD','156');
Insert into OA.NOTIFICATIONS (ID,CATEGORY,PRIORITY,TITLE,CONTENT,EVENT_DATE,IS_SMS_SENT,STATE,TO_USER_ID) values ('475','DEFAULT',0,'有新的采购订单等待部门审核。','订单号：CG-100025，预算总金额：20.00',to_date('25-APR-13','DD-MON-RR'),'Y','READ','155');
Insert into OA.NOTIFICATIONS (ID,CATEGORY,PRIORITY,TITLE,CONTENT,EVENT_DATE,IS_SMS_SENT,STATE,TO_USER_ID) values ('476','DEFAULT',0,'有新的采购订单等待部门审核。','订单号：CG-100026，预算总金额：10.00',to_date('25-APR-13','DD-MON-RR'),'Y','READ','155');
Insert into OA.NOTIFICATIONS (ID,CATEGORY,PRIORITY,TITLE,CONTENT,EVENT_DATE,IS_SMS_SENT,STATE,TO_USER_ID) values ('479','DEFAULT',0,'有新的采购订单等待审核。','订单号：CG-100026，预算总金额：10.00',to_date('25-APR-13','DD-MON-RR'),'Y','UNREAD','291');
Insert into OA.NOTIFICATIONS (ID,CATEGORY,PRIORITY,TITLE,CONTENT,EVENT_DATE,IS_SMS_SENT,STATE,TO_USER_ID) values ('480','DEFAULT',0,'您的采购订单已完成部门审核,等待采购审核中。','订单号： CG-100026',to_date('25-APR-13','DD-MON-RR'),'Y','UNREAD','268');
Insert into OA.NOTIFICATIONS (ID,CATEGORY,PRIORITY,TITLE,CONTENT,EVENT_DATE,IS_SMS_SENT,STATE,TO_USER_ID) values ('494','DEFAULT',0,'您为会议主题：初中音乐学科说课比赛获奖教师会议 所做的会议室申请已通过审核。 ',' 审核时间：2013-04-26 09:17:44',to_date('26-APR-13','DD-MON-RR'),'Y','UNREAD','196');
Insert into OA.NOTIFICATIONS (ID,CATEGORY,PRIORITY,TITLE,CONTENT,EVENT_DATE,IS_SMS_SENT,STATE,TO_USER_ID) values ('511','DEFAULT',0,'有新的报修请求等待处理，报修单号：BX-100027',' 报修原因：信息 详细地址：自忠路3号楼310会议室',to_date('27-APR-13','DD-MON-RR'),'Y','UNREAD','250');
Insert into OA.NOTIFICATIONS (ID,CATEGORY,PRIORITY,TITLE,CONTENT,EVENT_DATE,IS_SMS_SENT,STATE,TO_USER_ID) values ('514','DEFAULT',0,'您为事由：摄像 所做的用车申请已提交审核 ',' 提交时间：2013-04-28 10:03:07',to_date('28-APR-13','DD-MON-RR'),'Y','UNREAD','235');
Insert into OA.NOTIFICATIONS (ID,CATEGORY,PRIORITY,TITLE,CONTENT,EVENT_DATE,IS_SMS_SENT,STATE,TO_USER_ID) values ('515','DEFAULT',0,'有新的用车申请等待您的审核',' 事由：摄像 申请人： 黄金丽',to_date('28-APR-13','DD-MON-RR'),'Y','UNREAD','279');
Insert into OA.NOTIFICATIONS (ID,CATEGORY,PRIORITY,TITLE,CONTENT,EVENT_DATE,IS_SMS_SENT,STATE,TO_USER_ID) values ('516','DEFAULT',0,'您为事由：摄像 所做的用车申请已提交审核 ',' 提交时间：2013-04-28 10:05:12',to_date('28-APR-13','DD-MON-RR'),'Y','UNREAD','235');
Insert into OA.NOTIFICATIONS (ID,CATEGORY,PRIORITY,TITLE,CONTENT,EVENT_DATE,IS_SMS_SENT,STATE,TO_USER_ID) values ('517','DEFAULT',0,'有新的用车申请等待您的审核',' 事由：摄像 申请人： 黄金丽',to_date('28-APR-13','DD-MON-RR'),'Y','UNREAD','279');
Insert into OA.NOTIFICATIONS (ID,CATEGORY,PRIORITY,TITLE,CONTENT,EVENT_DATE,IS_SMS_SENT,STATE,TO_USER_ID) values ('518','DEFAULT',0,'您为事由：摄像 所做的用车申请已取消。 ','取消时间：2013-04-28 10:05:44',to_date('28-APR-13','DD-MON-RR'),'Y','UNREAD','235');
Insert into OA.NOTIFICATIONS (ID,CATEGORY,PRIORITY,TITLE,CONTENT,EVENT_DATE,IS_SMS_SENT,STATE,TO_USER_ID) values ('519','DEFAULT',0,'您为事由：摄像 所做的用车申请已提交审核 ',' 提交时间：2013-04-28 10:06:05',to_date('28-APR-13','DD-MON-RR'),'Y','UNREAD','235');
Insert into OA.NOTIFICATIONS (ID,CATEGORY,PRIORITY,TITLE,CONTENT,EVENT_DATE,IS_SMS_SENT,STATE,TO_USER_ID) values ('520','DEFAULT',0,'有新的用车申请等待您的审核',' 事由：摄像 申请人： 黄金丽',to_date('28-APR-13','DD-MON-RR'),'Y','UNREAD','279');
Insert into OA.NOTIFICATIONS (ID,CATEGORY,PRIORITY,TITLE,CONTENT,EVENT_DATE,IS_SMS_SENT,STATE,TO_USER_ID) values ('521','DEFAULT',0,'您为事由：摄像 所做的用车申请已提交审核 ',' 提交时间：2013-04-28 10:08:01',to_date('28-APR-13','DD-MON-RR'),'Y','UNREAD','235');
Insert into OA.NOTIFICATIONS (ID,CATEGORY,PRIORITY,TITLE,CONTENT,EVENT_DATE,IS_SMS_SENT,STATE,TO_USER_ID) values ('522','DEFAULT',0,'有新的用车申请等待您的审核',' 事由：摄像 申请人： 黄金丽',to_date('28-APR-13','DD-MON-RR'),'Y','UNREAD','279');
Insert into OA.NOTIFICATIONS (ID,CATEGORY,PRIORITY,TITLE,CONTENT,EVENT_DATE,IS_SMS_SENT,STATE,TO_USER_ID) values ('523','DEFAULT',0,'您为事由：拍摄 所做的用车申请已提交审核 ',' 提交时间：2013-04-28 10:10:04',to_date('28-APR-13','DD-MON-RR'),'Y','UNREAD','235');
Insert into OA.NOTIFICATIONS (ID,CATEGORY,PRIORITY,TITLE,CONTENT,EVENT_DATE,IS_SMS_SENT,STATE,TO_USER_ID) values ('524','DEFAULT',0,'有新的用车申请等待您的审核',' 事由：拍摄 申请人： 黄金丽',to_date('28-APR-13','DD-MON-RR'),'Y','UNREAD','279');
Insert into OA.NOTIFICATIONS (ID,CATEGORY,PRIORITY,TITLE,CONTENT,EVENT_DATE,IS_SMS_SENT,STATE,TO_USER_ID) values ('527','DEFAULT',0,'有新的报修请求等待处理，报修单号：BX-100029',' 报修原因：信息 详细地址：3号楼310会议室',to_date('28-APR-13','DD-MON-RR'),'Y','UNREAD','273');
Insert into OA.NOTIFICATIONS (ID,CATEGORY,PRIORITY,TITLE,CONTENT,EVENT_DATE,IS_SMS_SENT,STATE,TO_USER_ID) values ('554','DEFAULT',0,'您为会议主题：获奖教师培训 所做的会议室申请已通过审核。 ',' 审核时间：2013-05-02 09:01:11',to_date('02-MAY-13','DD-MON-RR'),'Y','UNREAD','267');
Insert into OA.NOTIFICATIONS (ID,CATEGORY,PRIORITY,TITLE,CONTENT,EVENT_DATE,IS_SMS_SENT,STATE,TO_USER_ID) values ('570','DEFAULT',0,'您为会议主题：局党工委书记工作调研 所做的会议室申请已通过审核。 ',' 审核时间：2013-05-02 01:07:30',to_date('02-MAY-13','DD-MON-RR'),'Y','UNREAD','279');
Insert into OA.NOTIFICATIONS (ID,CATEGORY,PRIORITY,TITLE,CONTENT,EVENT_DATE,IS_SMS_SENT,STATE,TO_USER_ID) values ('581','DEFAULT',0,'有新的采购订单等待部门审核。','订单号：CG-100042，预算总金额：350.00',to_date('02-MAY-13','DD-MON-RR'),'Y','READ','156');
Insert into OA.NOTIFICATIONS (ID,CATEGORY,PRIORITY,TITLE,CONTENT,EVENT_DATE,IS_SMS_SENT,STATE,TO_USER_ID) values ('582','DEFAULT',0,'有新的采购订单等待部门审核。','订单号：CG-100043，预算总金额：600.00',to_date('02-MAY-13','DD-MON-RR'),'Y','READ','156');
Insert into OA.NOTIFICATIONS (ID,CATEGORY,PRIORITY,TITLE,CONTENT,EVENT_DATE,IS_SMS_SENT,STATE,TO_USER_ID) values ('589','DEFAULT',0,'您为会议主题：导航研究 所做的会议室申请已提交审核。 ',' 提交时间：2013-05-02 02:11:57',to_date('02-MAY-13','DD-MON-RR'),'Y','UNREAD','202');
Insert into OA.NOTIFICATIONS (ID,CATEGORY,PRIORITY,TITLE,CONTENT,EVENT_DATE,IS_SMS_SENT,STATE,TO_USER_ID) values ('590','DEFAULT',0,'有新的会议室申请等待您的审核。',' 会议主题：导航研究 申请人： 王愉敏',to_date('02-MAY-13','DD-MON-RR'),'Y','READ','282');
Insert into OA.NOTIFICATIONS (ID,CATEGORY,PRIORITY,TITLE,CONTENT,EVENT_DATE,IS_SMS_SENT,STATE,TO_USER_ID) values ('591','DEFAULT',0,'您为会议主题：导航研究 所做的会议室申请已取消。 ',' 取消时间：2013-05-02 02:12:29',to_date('02-MAY-13','DD-MON-RR'),'Y','UNREAD','202');
Insert into OA.NOTIFICATIONS (ID,CATEGORY,PRIORITY,TITLE,CONTENT,EVENT_DATE,IS_SMS_SENT,STATE,TO_USER_ID) values ('592','DEFAULT',0,'您为会议主题：导航研究 所做的会议室申请已提交审核。 ',' 提交时间：2013-05-02 02:13:51',to_date('02-MAY-13','DD-MON-RR'),'Y','UNREAD','202');
Insert into OA.NOTIFICATIONS (ID,CATEGORY,PRIORITY,TITLE,CONTENT,EVENT_DATE,IS_SMS_SENT,STATE,TO_USER_ID) values ('593','DEFAULT',0,'有新的会议室申请等待您的审核。',' 会议主题：导航研究 申请人： 王愉敏',to_date('02-MAY-13','DD-MON-RR'),'Y','READ','282');
Insert into OA.NOTIFICATIONS (ID,CATEGORY,PRIORITY,TITLE,CONTENT,EVENT_DATE,IS_SMS_SENT,STATE,TO_USER_ID) values ('365','DEFAULT',0,'有新的采购订单等待部门审核。','订单号：CG-100021，预算总金额：120.00',to_date('22-APR-13','DD-MON-RR'),'Y','READ','156');
Insert into OA.NOTIFICATIONS (ID,CATEGORY,PRIORITY,TITLE,CONTENT,EVENT_DATE,IS_SMS_SENT,STATE,TO_USER_ID) values ('374','DEFAULT',0,'有新的报修请求等待分派，报修单号：BX-100003',' 报修原因：信息 详细地址：1204 提交时间：2013-04-22 03:16:44',to_date('22-APR-13','DD-MON-RR'),'Y','READ','266');
Insert into OA.NOTIFICATIONS (ID,CATEGORY,PRIORITY,TITLE,CONTENT,EVENT_DATE,IS_SMS_SENT,STATE,TO_USER_ID) values ('375','DEFAULT',0,'有新的报修请求等待分派，报修单号：BX-100004',' 报修原因：信息 详细地址：1204 提交时间：2013-04-22 03:19:08',to_date('22-APR-13','DD-MON-RR'),'Y','READ','266');
Insert into OA.NOTIFICATIONS (ID,CATEGORY,PRIORITY,TITLE,CONTENT,EVENT_DATE,IS_SMS_SENT,STATE,TO_USER_ID) values ('400','DEFAULT',0,'您为会议主题：欢送朱震远 所做的会议室申请已通过审核。 ',' 审核时间：2013-04-23 09:10:40',to_date('23-APR-13','DD-MON-RR'),'Y','READ','266');
Insert into OA.NOTIFICATIONS (ID,CATEGORY,PRIORITY,TITLE,CONTENT,EVENT_DATE,IS_SMS_SENT,STATE,TO_USER_ID) values ('401','DEFAULT',0,'您为事由：考察院舍设计 所做的用车申请已完成调度。 ','完成调度时间：2013-04-23 09:39:26 使用的车辆为：沪F28930',to_date('23-APR-13','DD-MON-RR'),'Y','READ','155');
Insert into OA.NOTIFICATIONS (ID,CATEGORY,PRIORITY,TITLE,CONTENT,EVENT_DATE,IS_SMS_SENT,STATE,TO_USER_ID) values ('405','DEFAULT',0,'您为会议主题：中教综合组工会小组活动 所做的会议室申请已通过审核。 ',' 审核时间：2013-04-23 09:52:43',to_date('23-APR-13','DD-MON-RR'),'Y','READ','191');
Insert into OA.NOTIFICATIONS (ID,CATEGORY,PRIORITY,TITLE,CONTENT,EVENT_DATE,IS_SMS_SENT,STATE,TO_USER_ID) values ('414','DEFAULT',0,'有新的报修请求等待处理，报修单号：BX-100012',' 报修原因：总务 详细地址：2202',to_date('23-APR-13','DD-MON-RR'),'Y','READ','291');
Insert into OA.NOTIFICATIONS (ID,CATEGORY,PRIORITY,TITLE,CONTENT,EVENT_DATE,IS_SMS_SENT,STATE,TO_USER_ID) values ('416','DEFAULT',0,'有新的采购订单等待审批。','订单号：CG-100024，总金额：1200.00',to_date('23-APR-13','DD-MON-RR'),'Y','UNREAD','152');
Insert into OA.NOTIFICATIONS (ID,CATEGORY,PRIORITY,TITLE,CONTENT,EVENT_DATE,IS_SMS_SENT,STATE,TO_USER_ID) values ('417','DEFAULT',0,'您为事由：考察院舍设计 所做的用车申请已取消。 ',' 取消时间：2013-04-23 04:04:10',to_date('23-APR-13','DD-MON-RR'),'Y','READ','155');
Insert into OA.NOTIFICATIONS (ID,CATEGORY,PRIORITY,TITLE,CONTENT,EVENT_DATE,IS_SMS_SENT,STATE,TO_USER_ID) values ('420','DEFAULT',0,'您的车辆预订：jjj 已调度完成。 ',' 完成时间：2013-04-23 04:23:18 使用的车辆为：沪F28930',to_date('23-APR-13','DD-MON-RR'),'Y','UNREAD','316');
Insert into OA.NOTIFICATIONS (ID,CATEGORY,PRIORITY,TITLE,CONTENT,EVENT_DATE,IS_SMS_SENT,STATE,TO_USER_ID) values ('421','DEFAULT',0,'您的车辆预订：jjj 已调度完成。 ',' 完成时间：2013-04-23 04:23:18 使用的车辆为：沪F28930',to_date('23-APR-13','DD-MON-RR'),'Y','UNREAD','316');
Insert into OA.NOTIFICATIONS (ID,CATEGORY,PRIORITY,TITLE,CONTENT,EVENT_DATE,IS_SMS_SENT,STATE,TO_USER_ID) values ('443','DEFAULT',0,'有新的采购订单等待采购。','订单号： CG-100024',to_date('24-APR-13','DD-MON-RR'),'Y','READ','302');
Insert into OA.NOTIFICATIONS (ID,CATEGORY,PRIORITY,TITLE,CONTENT,EVENT_DATE,IS_SMS_SENT,STATE,TO_USER_ID) values ('444','DEFAULT',0,'有新的采购订单等待采购。','订单号： CG-100024',to_date('24-APR-13','DD-MON-RR'),'Y','UNREAD','300');
Insert into OA.NOTIFICATIONS (ID,CATEGORY,PRIORITY,TITLE,CONTENT,EVENT_DATE,IS_SMS_SENT,STATE,TO_USER_ID) values ('445','DEFAULT',0,'有新的采购订单等待收货。','订单号： CG-100024',to_date('24-APR-13','DD-MON-RR'),'Y','READ','305');
Insert into OA.NOTIFICATIONS (ID,CATEGORY,PRIORITY,TITLE,CONTENT,EVENT_DATE,IS_SMS_SENT,STATE,TO_USER_ID) values ('446','DEFAULT',0,'有新的采购订单等待收货。','订单号： CG-100024',to_date('24-APR-13','DD-MON-RR'),'Y','READ','304');
Insert into OA.NOTIFICATIONS (ID,CATEGORY,PRIORITY,TITLE,CONTENT,EVENT_DATE,IS_SMS_SENT,STATE,TO_USER_ID) values ('447','DEFAULT',0,'您的采购订单已审批。','订单号： CG-100024',to_date('24-APR-13','DD-MON-RR'),'Y','READ','266');
Insert into OA.NOTIFICATIONS (ID,CATEGORY,PRIORITY,TITLE,CONTENT,EVENT_DATE,IS_SMS_SENT,STATE,TO_USER_ID) values ('477','DEFAULT',0,'有新的采购订单等待审核。','订单号：CG-100025，预算总金额：20.00',to_date('25-APR-13','DD-MON-RR'),'Y','READ','291');
Insert into OA.NOTIFICATIONS (ID,CATEGORY,PRIORITY,TITLE,CONTENT,EVENT_DATE,IS_SMS_SENT,STATE,TO_USER_ID) values ('478','DEFAULT',0,'您的采购订单已完成部门审核,等待采购审核中。','订单号： CG-100025',to_date('25-APR-13','DD-MON-RR'),'Y','UNREAD','268');
Insert into OA.NOTIFICATIONS (ID,CATEGORY,PRIORITY,TITLE,CONTENT,EVENT_DATE,IS_SMS_SENT,STATE,TO_USER_ID) values ('481','DEFAULT',0,'有新的采购订单等待审批。','订单号：CG-100026',to_date('25-APR-13','DD-MON-RR'),'Y','READ','155');
Insert into OA.NOTIFICATIONS (ID,CATEGORY,PRIORITY,TITLE,CONTENT,EVENT_DATE,IS_SMS_SENT,STATE,TO_USER_ID) values ('482','DEFAULT',0,'您的采购订单已完成审核,等待审批中。','订单号：CG-100026，审核总金额：10.0',to_date('25-APR-13','DD-MON-RR'),'Y','UNREAD','268');
Insert into OA.NOTIFICATIONS (ID,CATEGORY,PRIORITY,TITLE,CONTENT,EVENT_DATE,IS_SMS_SENT,STATE,TO_USER_ID) values ('507','DEFAULT',0,'有新的报修请求等待处理，报修单号：BX-100026',' 报修原因：信息 详细地址：2403',to_date('27-APR-13','DD-MON-RR'),'Y','READ','250');
Insert into OA.NOTIFICATIONS (ID,CATEGORY,PRIORITY,TITLE,CONTENT,EVENT_DATE,IS_SMS_SENT,STATE,TO_USER_ID) values ('548','DEFAULT',0,'您为会议主题：获奖教师培训 所做的会议室申请已提交审核。 ',' 提交时间：2013-05-02 08:42:37',to_date('02-MAY-13','DD-MON-RR'),'Y','UNREAD','267');
Insert into OA.NOTIFICATIONS (ID,CATEGORY,PRIORITY,TITLE,CONTENT,EVENT_DATE,IS_SMS_SENT,STATE,TO_USER_ID) values ('549','DEFAULT',0,'有新的会议室申请等待您的审核。',' 会议主题：获奖教师培训 申请人： 吴幸敏',to_date('02-MAY-13','DD-MON-RR'),'Y','READ','282');
Insert into OA.NOTIFICATIONS (ID,CATEGORY,PRIORITY,TITLE,CONTENT,EVENT_DATE,IS_SMS_SENT,STATE,TO_USER_ID) values ('550','DEFAULT',0,'您为会议主题：获奖教师培训 所做的会议室申请已取消。 ',' 取消时间：2013-05-02 08:46:16',to_date('02-MAY-13','DD-MON-RR'),'Y','UNREAD','267');
Insert into OA.NOTIFICATIONS (ID,CATEGORY,PRIORITY,TITLE,CONTENT,EVENT_DATE,IS_SMS_SENT,STATE,TO_USER_ID) values ('552','DEFAULT',0,'您为会议主题：获奖教师培训 所做的会议室申请已提交审核。 ',' 提交时间：2013-05-02 08:48:24',to_date('02-MAY-13','DD-MON-RR'),'Y','UNREAD','267');
Insert into OA.NOTIFICATIONS (ID,CATEGORY,PRIORITY,TITLE,CONTENT,EVENT_DATE,IS_SMS_SENT,STATE,TO_USER_ID) values ('553','DEFAULT',0,'有新的会议室申请等待您的审核。',' 会议主题：获奖教师培训 申请人： 吴幸敏',to_date('02-MAY-13','DD-MON-RR'),'Y','READ','282');
Insert into OA.NOTIFICATIONS (ID,CATEGORY,PRIORITY,TITLE,CONTENT,EVENT_DATE,IS_SMS_SENT,STATE,TO_USER_ID) values ('563','DEFAULT',0,'您为会议主题：书记班微论坛研讨会 所做的会议室申请已取消。 ',' 取消时间：2013-05-02 11:15:12',to_date('02-MAY-13','DD-MON-RR'),'Y','UNREAD','254');
Insert into OA.NOTIFICATIONS (ID,CATEGORY,PRIORITY,TITLE,CONTENT,EVENT_DATE,IS_SMS_SENT,STATE,TO_USER_ID) values ('567','DEFAULT',0,'您为事由：市级共享课程上课 所做的教室预订已成功，请准时使用。 ',' 提交时间：2013-05-02 12:52:58',to_date('02-MAY-13','DD-MON-RR'),'Y','UNREAD','weiym');
Insert into OA.NOTIFICATIONS (ID,CATEGORY,PRIORITY,TITLE,CONTENT,EVENT_DATE,IS_SMS_SENT,STATE,TO_USER_ID) values ('571','DEFAULT',0,'有新的采购订单等待部门审核。','订单号：CG-100041，预算总金额：1000.00',to_date('02-MAY-13','DD-MON-RR'),'Y','READ','156');
Insert into OA.NOTIFICATIONS (ID,CATEGORY,PRIORITY,TITLE,CONTENT,EVENT_DATE,IS_SMS_SENT,STATE,TO_USER_ID) values ('572','DEFAULT',0,'您为会议主题：部门业务学习 所做的会议室申请已提交审核。 ',' 提交时间：2013-05-02 01:17:38',to_date('02-MAY-13','DD-MON-RR'),'Y','UNREAD','235');
Insert into OA.NOTIFICATIONS (ID,CATEGORY,PRIORITY,TITLE,CONTENT,EVENT_DATE,IS_SMS_SENT,STATE,TO_USER_ID) values ('573','DEFAULT',0,'有新的会议室申请等待您的审核。',' 会议主题：部门业务学习 申请人： 黄金丽',to_date('02-MAY-13','DD-MON-RR'),'Y','READ','282');
Insert into OA.NOTIFICATIONS (ID,CATEGORY,PRIORITY,TITLE,CONTENT,EVENT_DATE,IS_SMS_SENT,STATE,TO_USER_ID) values ('583','DEFAULT',0,'您为会议主题：总务主任培训 所做的会议室申请已通过审核。 ',' 审核时间：2013-05-02 01:41:14',to_date('02-MAY-13','DD-MON-RR'),'Y','UNREAD','254');
Insert into OA.NOTIFICATIONS (ID,CATEGORY,PRIORITY,TITLE,CONTENT,EVENT_DATE,IS_SMS_SENT,STATE,TO_USER_ID) values ('584','DEFAULT',0,'您为会议主题：书记培训 所做的会议室申请已通过审核。 ',' 审核时间：2013-05-02 01:41:21',to_date('02-MAY-13','DD-MON-RR'),'Y','UNREAD','254');
Insert into OA.NOTIFICATIONS (ID,CATEGORY,PRIORITY,TITLE,CONTENT,EVENT_DATE,IS_SMS_SENT,STATE,TO_USER_ID) values ('585','DEFAULT',0,'您为会议主题：校级干部心理咨询师培训 所做的会议室申请已通过审核。 ',' 审核时间：2013-05-02 01:42:47',to_date('02-MAY-13','DD-MON-RR'),'Y','UNREAD','254');
Insert into OA.NOTIFICATIONS (ID,CATEGORY,PRIORITY,TITLE,CONTENT,EVENT_DATE,IS_SMS_SENT,STATE,TO_USER_ID) values ('610','DEFAULT',0,'您为会议主题：援疆工作研讨会 所做的会议室申请已通过审核。 ',' 审核时间：2013-05-03 12:00:16',to_date('03-MAY-13','DD-MON-RR'),'Y','UNREAD','254');
Insert into OA.NOTIFICATIONS (ID,CATEGORY,PRIORITY,TITLE,CONTENT,EVENT_DATE,IS_SMS_SENT,STATE,TO_USER_ID) values ('619','DEFAULT',0,'您为会议主题：工作室会议及高三生命科学教研活动 所做的会议室申请已通过审核。 ',' 审核时间：2013-05-03 02:13:42',to_date('03-MAY-13','DD-MON-RR'),'Y','UNREAD','181');
Insert into OA.NOTIFICATIONS (ID,CATEGORY,PRIORITY,TITLE,CONTENT,EVENT_DATE,IS_SMS_SENT,STATE,TO_USER_ID) values ('620','DEFAULT',0,'您为会议主题：高一教研 所做的会议室申请已提交审核。 ',' 提交时间：2013-05-03 02:28:48',to_date('03-MAY-13','DD-MON-RR'),'Y','UNREAD','183');
Insert into OA.NOTIFICATIONS (ID,CATEGORY,PRIORITY,TITLE,CONTENT,EVENT_DATE,IS_SMS_SENT,STATE,TO_USER_ID) values ('621','DEFAULT',0,'有新的会议室申请等待您的审核。',' 会议主题：高一教研 申请人： 汪素青',to_date('03-MAY-13','DD-MON-RR'),'Y','READ','282');
Insert into OA.NOTIFICATIONS (ID,CATEGORY,PRIORITY,TITLE,CONTENT,EVENT_DATE,IS_SMS_SENT,STATE,TO_USER_ID) values ('623','DEFAULT',0,'您为会议主题：高二教师 所做的会议室申请已提交审核。 ',' 提交时间：2013-05-03 02:32:08',to_date('03-MAY-13','DD-MON-RR'),'Y','UNREAD','183');
Insert into OA.NOTIFICATIONS (ID,CATEGORY,PRIORITY,TITLE,CONTENT,EVENT_DATE,IS_SMS_SENT,STATE,TO_USER_ID) values ('624','DEFAULT',0,'有新的会议室申请等待您的审核。',' 会议主题：高二教师 申请人： 汪素青',to_date('03-MAY-13','DD-MON-RR'),'Y','READ','282');
Insert into OA.NOTIFICATIONS (ID,CATEGORY,PRIORITY,TITLE,CONTENT,EVENT_DATE,IS_SMS_SENT,STATE,TO_USER_ID) values ('631','DEFAULT',0,'有新的采购订单等待审批。','订单号：CG-100041',to_date('03-MAY-13','DD-MON-RR'),'Y','READ','155');
Insert into OA.NOTIFICATIONS (ID,CATEGORY,PRIORITY,TITLE,CONTENT,EVENT_DATE,IS_SMS_SENT,STATE,TO_USER_ID) values ('632','DEFAULT',0,'您的采购订单已完成审核,等待审批中。','订单号：CG-100041，审核总金额：1000.0',to_date('03-MAY-13','DD-MON-RR'),'Y','READ','279');
Insert into OA.NOTIFICATIONS (ID,CATEGORY,PRIORITY,TITLE,CONTENT,EVENT_DATE,IS_SMS_SENT,STATE,TO_USER_ID) values ('633','DEFAULT',0,'有新的采购订单等待审批。','订单号：CG-100042',to_date('03-MAY-13','DD-MON-RR'),'Y','READ','155');
Insert into OA.NOTIFICATIONS (ID,CATEGORY,PRIORITY,TITLE,CONTENT,EVENT_DATE,IS_SMS_SENT,STATE,TO_USER_ID) values ('634','DEFAULT',0,'您的采购订单已完成审核,等待审批中。','订单号：CG-100042，审核总金额：350.0',to_date('03-MAY-13','DD-MON-RR'),'Y','READ','282');
Insert into OA.NOTIFICATIONS (ID,CATEGORY,PRIORITY,TITLE,CONTENT,EVENT_DATE,IS_SMS_SENT,STATE,TO_USER_ID) values ('635','DEFAULT',0,'有新的采购订单等待审批。','订单号：CG-100043',to_date('03-MAY-13','DD-MON-RR'),'Y','READ','155');
Insert into OA.NOTIFICATIONS (ID,CATEGORY,PRIORITY,TITLE,CONTENT,EVENT_DATE,IS_SMS_SENT,STATE,TO_USER_ID) values ('636','DEFAULT',0,'您的采购订单已完成审核,等待审批中。','订单号：CG-100043，审核总金额：600.0',to_date('03-MAY-13','DD-MON-RR'),'Y','READ','282');
Insert into OA.NOTIFICATIONS (ID,CATEGORY,PRIORITY,TITLE,CONTENT,EVENT_DATE,IS_SMS_SENT,STATE,TO_USER_ID) values ('637','DEFAULT',0,'您为会议主题：青年沙龙活动 所做的会议室申请已提交审核。 ',' 提交时间：2013-05-03 02:45:37',to_date('03-MAY-13','DD-MON-RR'),'Y','UNREAD','279');
Insert into OA.NOTIFICATIONS (ID,CATEGORY,PRIORITY,TITLE,CONTENT,EVENT_DATE,IS_SMS_SENT,STATE,TO_USER_ID) values ('638','DEFAULT',0,'有新的会议室申请等待您的审核。',' 会议主题：青年沙龙活动 申请人： 魏玉梅',to_date('03-MAY-13','DD-MON-RR'),'Y','READ','282');
Insert into OA.NOTIFICATIONS (ID,CATEGORY,PRIORITY,TITLE,CONTENT,EVENT_DATE,IS_SMS_SENT,STATE,TO_USER_ID) values ('639','DEFAULT',0,'有新的采购订单等待审批。','订单号：CG-100027',to_date('03-MAY-13','DD-MON-RR'),'Y','READ','155');
Insert into OA.NOTIFICATIONS (ID,CATEGORY,PRIORITY,TITLE,CONTENT,EVENT_DATE,IS_SMS_SENT,STATE,TO_USER_ID) values ('640','DEFAULT',0,'您的采购订单已完成审核,等待审批中。','订单号：CG-100027，审核总金额：9000.0',to_date('03-MAY-13','DD-MON-RR'),'Y','UNREAD','273');
Insert into OA.NOTIFICATIONS (ID,CATEGORY,PRIORITY,TITLE,CONTENT,EVENT_DATE,IS_SMS_SENT,STATE,TO_USER_ID) values ('643','DEFAULT',0,'有新的采购订单等待审批。','订单号：CG-100042，总金额：350.00',to_date('03-MAY-13','DD-MON-RR'),'Y','UNREAD','152');
Insert into OA.NOTIFICATIONS (ID,CATEGORY,PRIORITY,TITLE,CONTENT,EVENT_DATE,IS_SMS_SENT,STATE,TO_USER_ID) values ('689','DEFAULT',0,'您为事由：见习教师培训 所做的教室预订已成功，请准时使用。 ',' 提交时间：2013-05-07 11:06:16',to_date('07-MAY-13','DD-MON-RR'),'Y','UNREAD','qianf');
Insert into OA.NOTIFICATIONS (ID,CATEGORY,PRIORITY,TITLE,CONTENT,EVENT_DATE,IS_SMS_SENT,STATE,TO_USER_ID) values ('693','DEFAULT',0,'您为事由：见习教师培训 所做的教室预订已成功，请准时使用。 ',' 提交时间：2013-05-07 11:10:25',to_date('07-MAY-13','DD-MON-RR'),'Y','UNREAD','qianf');
Insert into OA.NOTIFICATIONS (ID,CATEGORY,PRIORITY,TITLE,CONTENT,EVENT_DATE,IS_SMS_SENT,STATE,TO_USER_ID) values ('694','DEFAULT',0,'您为事由：见习教师培训 所做的教室预订已成功，请准时使用。 ',' 提交时间：2013-05-07 11:11:38',to_date('07-MAY-13','DD-MON-RR'),'Y','UNREAD','qianf');
Insert into OA.NOTIFICATIONS (ID,CATEGORY,PRIORITY,TITLE,CONTENT,EVENT_DATE,IS_SMS_SENT,STATE,TO_USER_ID) values ('695','DEFAULT',0,'您为事由：见习教师培训 所做的教室预订已成功，请准时使用。 ',' 提交时间：2013-05-07 11:12:24',to_date('07-MAY-13','DD-MON-RR'),'Y','UNREAD','qianf');
Insert into OA.NOTIFICATIONS (ID,CATEGORY,PRIORITY,TITLE,CONTENT,EVENT_DATE,IS_SMS_SENT,STATE,TO_USER_ID) values ('698','DEFAULT',0,'您为事由：开会 所做的用车申请已完成调度。 ','完成调度时间：2013-05-07 01:49:35 使用的车辆为：沪BD8037',to_date('07-MAY-13','DD-MON-RR'),'Y','UNREAD','156');
Insert into OA.NOTIFICATIONS (ID,CATEGORY,PRIORITY,TITLE,CONTENT,EVENT_DATE,IS_SMS_SENT,STATE,TO_USER_ID) values ('719','DEFAULT',0,'您为会议主题：区教育基金会会议 所做的会议室申请已通过审核。 ',' 审核时间：2013-05-08 12:29:38',to_date('08-MAY-13','DD-MON-RR'),'Y','UNREAD','154');
Insert into OA.NOTIFICATIONS (ID,CATEGORY,PRIORITY,TITLE,CONTENT,EVENT_DATE,IS_SMS_SENT,STATE,TO_USER_ID) values ('722','DEFAULT',0,'您为会议主题：教代会筹备会议 所做的会议室申请已通过审核。 ',' 审核时间：2013-05-08 02:49:06',to_date('08-MAY-13','DD-MON-RR'),'Y','UNREAD','253');
Insert into OA.NOTIFICATIONS (ID,CATEGORY,PRIORITY,TITLE,CONTENT,EVENT_DATE,IS_SMS_SENT,STATE,TO_USER_ID) values ('725','DEFAULT',0,'您为会议主题：实验员培训 所做的会议室申请已通过审核。 ',' 审核时间：2013-05-08 03:53:50',to_date('08-MAY-13','DD-MON-RR'),'Y','UNREAD','308');
Insert into OA.NOTIFICATIONS (ID,CATEGORY,PRIORITY,TITLE,CONTENT,EVENT_DATE,IS_SMS_SENT,STATE,TO_USER_ID) values ('758','DEFAULT',0,'有新的采购订单等待部门审核。','订单号：CG-100062，预算总金额：300.00',to_date('09-MAY-13','DD-MON-RR'),'Y','READ','155');
Insert into OA.NOTIFICATIONS (ID,CATEGORY,PRIORITY,TITLE,CONTENT,EVENT_DATE,IS_SMS_SENT,STATE,TO_USER_ID) values ('766','DEFAULT',0,'您为事由：开会 所做的用车申请已提交并等待调度！ ',' 提交时间：2013-05-09 01:44:14',to_date('09-MAY-13','DD-MON-RR'),'Y','UNREAD','156');
Insert into OA.NOTIFICATIONS (ID,CATEGORY,PRIORITY,TITLE,CONTENT,EVENT_DATE,IS_SMS_SENT,STATE,TO_USER_ID) values ('767','DEFAULT',0,'有新的用车申请等待您的调度！ ',' 事由：开会 申请人： 冯强',to_date('09-MAY-13','DD-MON-RR'),'Y','READ','316');
Insert into OA.NOTIFICATIONS (ID,CATEGORY,PRIORITY,TITLE,CONTENT,EVENT_DATE,IS_SMS_SENT,STATE,TO_USER_ID) values ('768','DEFAULT',0,'有新的用车申请等待您的调度！ ',' 事由：开会 申请人： 冯强',to_date('09-MAY-13','DD-MON-RR'),'Y','READ','291');
Insert into OA.NOTIFICATIONS (ID,CATEGORY,PRIORITY,TITLE,CONTENT,EVENT_DATE,IS_SMS_SENT,STATE,TO_USER_ID) values ('781','DEFAULT',0,'有新的采购订单等待审批。','订单号：CG-100062，总金额：300.00',to_date('09-MAY-13','DD-MON-RR'),'Y','UNREAD','152');
Insert into OA.NOTIFICATIONS (ID,CATEGORY,PRIORITY,TITLE,CONTENT,EVENT_DATE,IS_SMS_SENT,STATE,TO_USER_ID) values ('822','DEFAULT',0,'您为会议主题：质量保障会 所做的会议室申请已通过审核。 ',' 审核时间：2013-05-13 09:39:51',to_date('13-MAY-13','DD-MON-RR'),'Y','UNREAD','283');
Insert into OA.NOTIFICATIONS (ID,CATEGORY,PRIORITY,TITLE,CONTENT,EVENT_DATE,IS_SMS_SENT,STATE,TO_USER_ID) values ('835','DEFAULT',0,'您为会议主题：改稿会议 所做的会议室申请已通过审核。 ',' 审核时间：2013-05-13 11:03:52',to_date('13-MAY-13','DD-MON-RR'),'Y','UNREAD','232');
Insert into OA.NOTIFICATIONS (ID,CATEGORY,PRIORITY,TITLE,CONTENT,EVENT_DATE,IS_SMS_SENT,STATE,TO_USER_ID) values ('866','DEFAULT',0,'您的车辆预订：摄录像 已调度完成。 ',' 完成时间：2013-05-13 02:28:27 使用的车辆为：沪F28930',to_date('13-MAY-13','DD-MON-RR'),'Y','UNREAD','266');
Insert into OA.NOTIFICATIONS (ID,CATEGORY,PRIORITY,TITLE,CONTENT,EVENT_DATE,IS_SMS_SENT,STATE,TO_USER_ID) values ('867','DEFAULT',0,'您的车辆预订：摄录像 已调度完成。 ',' 完成时间：2013-05-13 02:28:27 使用的车辆为：沪F28930',to_date('13-MAY-13','DD-MON-RR'),'Y','UNREAD','270');
Insert into OA.NOTIFICATIONS (ID,CATEGORY,PRIORITY,TITLE,CONTENT,EVENT_DATE,IS_SMS_SENT,STATE,TO_USER_ID) values ('868','DEFAULT',0,'您的车辆预订：摄录像 已调度完成。 ',' 完成时间：2013-05-13 02:34:07 使用的车辆为：沪F28930',to_date('13-MAY-13','DD-MON-RR'),'Y','UNREAD','266');
Insert into OA.NOTIFICATIONS (ID,CATEGORY,PRIORITY,TITLE,CONTENT,EVENT_DATE,IS_SMS_SENT,STATE,TO_USER_ID) values ('869','DEFAULT',0,'您的车辆预订：摄录像 已调度完成。 ',' 完成时间：2013-05-13 02:34:07 使用的车辆为：沪F28930',to_date('13-MAY-13','DD-MON-RR'),'Y','UNREAD','273');
Insert into OA.NOTIFICATIONS (ID,CATEGORY,PRIORITY,TITLE,CONTENT,EVENT_DATE,IS_SMS_SENT,STATE,TO_USER_ID) values ('873','DEFAULT',0,'您为会议主题：区教学颁奖会议 所做的会议室申请已提交审核。 ',' 提交时间：2013-05-13 09:19:27',to_date('13-MAY-13','DD-MON-RR'),'Y','UNREAD','159');
Insert into OA.NOTIFICATIONS (ID,CATEGORY,PRIORITY,TITLE,CONTENT,EVENT_DATE,IS_SMS_SENT,STATE,TO_USER_ID) values ('874','DEFAULT',0,'有新的会议室申请等待您的审核。',' 会议主题：区教学颁奖会议 申请人： 夏向东',to_date('13-MAY-13','DD-MON-RR'),'Y','READ','282');
Insert into OA.NOTIFICATIONS (ID,CATEGORY,PRIORITY,TITLE,CONTENT,EVENT_DATE,IS_SMS_SENT,STATE,TO_USER_ID) values ('889','DEFAULT',0,'您为会议主题：师训工作交流 所做的会议室申请已提交审核。 ',' 提交时间：2013-05-14 12:12:30',to_date('14-MAY-13','DD-MON-RR'),'Y','UNREAD','235');
Insert into OA.NOTIFICATIONS (ID,CATEGORY,PRIORITY,TITLE,CONTENT,EVENT_DATE,IS_SMS_SENT,STATE,TO_USER_ID) values ('890','DEFAULT',0,'有新的会议室申请等待您的审核。',' 会议主题：师训工作交流 申请人： 黄金丽',to_date('14-MAY-13','DD-MON-RR'),'Y','READ','282');
Insert into OA.NOTIFICATIONS (ID,CATEGORY,PRIORITY,TITLE,CONTENT,EVENT_DATE,IS_SMS_SENT,STATE,TO_USER_ID) values ('891','DEFAULT',0,'您为会议主题：师训工作交流 所做的会议室申请已通过审核。 ',' 审核时间：2013-05-14 12:17:03',to_date('14-MAY-13','DD-MON-RR'),'Y','UNREAD','235');
Insert into OA.NOTIFICATIONS (ID,CATEGORY,PRIORITY,TITLE,CONTENT,EVENT_DATE,IS_SMS_SENT,STATE,TO_USER_ID) values ('893','DEFAULT',0,'您为事由：赴云南 所做的用车申请已提交并等待调度！ ',' 提交时间：2013-05-14 01:40:20',to_date('14-MAY-13','DD-MON-RR'),'Y','UNREAD','157');
Insert into OA.NOTIFICATIONS (ID,CATEGORY,PRIORITY,TITLE,CONTENT,EVENT_DATE,IS_SMS_SENT,STATE,TO_USER_ID) values ('894','DEFAULT',0,'有新的用车申请等待您的调度！ ',' 事由：赴云南 申请人： 李峻',to_date('14-MAY-13','DD-MON-RR'),'Y','READ','316');
Insert into OA.NOTIFICATIONS (ID,CATEGORY,PRIORITY,TITLE,CONTENT,EVENT_DATE,IS_SMS_SENT,STATE,TO_USER_ID) values ('895','DEFAULT',0,'有新的用车申请等待您的调度！ ',' 事由：赴云南 申请人： 李峻',to_date('14-MAY-13','DD-MON-RR'),'Y','UNREAD','291');
Insert into OA.NOTIFICATIONS (ID,CATEGORY,PRIORITY,TITLE,CONTENT,EVENT_DATE,IS_SMS_SENT,STATE,TO_USER_ID) values ('917','DEFAULT',0,'您为会议主题：j教材编制研究 所做的会议室申请已通过审核。 ',' 审核时间：2013-05-15 01:48:15',to_date('15-MAY-13','DD-MON-RR'),'Y','UNREAD','202');
Insert into OA.NOTIFICATIONS (ID,CATEGORY,PRIORITY,TITLE,CONTENT,EVENT_DATE,IS_SMS_SENT,STATE,TO_USER_ID) values ('918','DEFAULT',0,'您为会议主题：小班教材修订项目组会议 所做的会议室申请已通过审核。 ',' 审核时间：2013-05-15 02:01:52',to_date('15-MAY-13','DD-MON-RR'),'Y','UNREAD','265');
Insert into OA.NOTIFICATIONS (ID,CATEGORY,PRIORITY,TITLE,CONTENT,EVENT_DATE,IS_SMS_SENT,STATE,TO_USER_ID) values ('919','DEFAULT',0,'您为会议主题：师训课程审定会议 所做的会议室申请已通过审核。 ',' 审核时间：2013-05-15 02:01:58',to_date('15-MAY-13','DD-MON-RR'),'Y','UNREAD','236');
Insert into OA.NOTIFICATIONS (ID,CATEGORY,PRIORITY,TITLE,CONTENT,EVENT_DATE,IS_SMS_SENT,STATE,TO_USER_ID) values ('920','DEFAULT',0,'您为会议主题：师训课程审定会议 所做的会议室申请已通过审核。 ',' 审核时间：2013-05-15 02:02:03',to_date('15-MAY-13','DD-MON-RR'),'Y','UNREAD','236');
Insert into OA.NOTIFICATIONS (ID,CATEGORY,PRIORITY,TITLE,CONTENT,EVENT_DATE,IS_SMS_SENT,STATE,TO_USER_ID) values ('965','DEFAULT',0,'您的车辆预订：区政府 已调度完成。 ',' 完成时间：2013-05-17 09:28:02 使用的车辆为：沪F28930',to_date('17-MAY-13','DD-MON-RR'),'Y','UNREAD','157');
Insert into OA.NOTIFICATIONS (ID,CATEGORY,PRIORITY,TITLE,CONTENT,EVENT_DATE,IS_SMS_SENT,STATE,TO_USER_ID) values ('966','DEFAULT',0,'您的车辆预订：区政府 已调度完成。 ',' 完成时间：2013-05-17 09:28:02 使用的车辆为：沪F28930',to_date('17-MAY-13','DD-MON-RR'),'Y','UNREAD','157');
Insert into OA.NOTIFICATIONS (ID,CATEGORY,PRIORITY,TITLE,CONTENT,EVENT_DATE,IS_SMS_SENT,STATE,TO_USER_ID) values ('978','DEFAULT',0,'您的车辆预订：购水果 已调度完成。 ',' 完成时间：2013-05-17 04:13:42 使用的车辆为：沪BS9058',to_date('17-MAY-13','DD-MON-RR'),'Y','UNREAD','291');
Insert into OA.NOTIFICATIONS (ID,CATEGORY,PRIORITY,TITLE,CONTENT,EVENT_DATE,IS_SMS_SENT,STATE,TO_USER_ID) values ('1008','DEFAULT',0,'您为会议主题：中考备考工作 所做的会议室申请已通过审核。 ',' 审核时间：2013-05-20 01:03:20',to_date('20-MAY-13','DD-MON-RR'),'Y','UNREAD','171');
Insert into OA.NOTIFICATIONS (ID,CATEGORY,PRIORITY,TITLE,CONTENT,EVENT_DATE,IS_SMS_SENT,STATE,TO_USER_ID) values ('1022','DEFAULT',0,'您为事由：教育局新教师面试 所做的教室预订已成功，请准时使用。 ',' 提交时间：2013-05-21 10:02:45',to_date('21-MAY-13','DD-MON-RR'),'Y','UNREAD','luyx');
Insert into OA.NOTIFICATIONS (ID,CATEGORY,PRIORITY,TITLE,CONTENT,EVENT_DATE,IS_SMS_SENT,STATE,TO_USER_ID) values ('1023','DEFAULT',0,'您为事由：教育局新教师面试 所做的教室预订已成功，请准时使用。 ',' 提交时间：2013-05-21 10:03:54',to_date('21-MAY-13','DD-MON-RR'),'Y','UNREAD','luyx');
Insert into OA.NOTIFICATIONS (ID,CATEGORY,PRIORITY,TITLE,CONTENT,EVENT_DATE,IS_SMS_SENT,STATE,TO_USER_ID) values ('1024','DEFAULT',0,'您为事由：教育局新教师面试 所做的教室预订已成功，请准时使用。 ',' 提交时间：2013-05-21 10:04:43',to_date('21-MAY-13','DD-MON-RR'),'Y','UNREAD','luyx');
Insert into OA.NOTIFICATIONS (ID,CATEGORY,PRIORITY,TITLE,CONTENT,EVENT_DATE,IS_SMS_SENT,STATE,TO_USER_ID) values ('1025','DEFAULT',0,'您为事由：教育局新教师面试 所做的教室预订已成功，请准时使用。 ',' 提交时间：2013-05-21 10:04:50',to_date('21-MAY-13','DD-MON-RR'),'Y','UNREAD','luyx');
Insert into OA.NOTIFICATIONS (ID,CATEGORY,PRIORITY,TITLE,CONTENT,EVENT_DATE,IS_SMS_SENT,STATE,TO_USER_ID) values ('1030','DEFAULT',0,'您为会议主题：名师工作室活动 所做的会议室申请已提交审核。 ',' 提交时间：2013-05-21 10:59:35',to_date('21-MAY-13','DD-MON-RR'),'Y','UNREAD','287');
Insert into OA.NOTIFICATIONS (ID,CATEGORY,PRIORITY,TITLE,CONTENT,EVENT_DATE,IS_SMS_SENT,STATE,TO_USER_ID) values ('1031','DEFAULT',0,'有新的会议室申请等待您的审核。',' 会议主题：名师工作室活动 申请人： 陆懿香',to_date('21-MAY-13','DD-MON-RR'),'Y','READ','282');
Insert into OA.NOTIFICATIONS (ID,CATEGORY,PRIORITY,TITLE,CONTENT,EVENT_DATE,IS_SMS_SENT,STATE,TO_USER_ID) values ('1032','DEFAULT',0,'您为会议主题：名师工作室活动 所做的会议室申请已通过审核。 ',' 审核时间：2013-05-21 12:23:22',to_date('21-MAY-13','DD-MON-RR'),'Y','UNREAD','287');
Insert into OA.NOTIFICATIONS (ID,CATEGORY,PRIORITY,TITLE,CONTENT,EVENT_DATE,IS_SMS_SENT,STATE,TO_USER_ID) values ('1033','DEFAULT',0,'您为会议主题：j教材编制研究 所做的会议室申请已取消。 ',' 取消时间：2013-05-21 04:08:27',to_date('21-MAY-13','DD-MON-RR'),'Y','UNREAD','202');
Insert into OA.NOTIFICATIONS (ID,CATEGORY,PRIORITY,TITLE,CONTENT,EVENT_DATE,IS_SMS_SENT,STATE,TO_USER_ID) values ('1034','DEFAULT',0,'您为会议主题：跨学科研修活动 所做的会议室申请已提交审核。 ',' 提交时间：2013-05-21 04:12:59',to_date('21-MAY-13','DD-MON-RR'),'Y','UNREAD','202');
Insert into OA.NOTIFICATIONS (ID,CATEGORY,PRIORITY,TITLE,CONTENT,EVENT_DATE,IS_SMS_SENT,STATE,TO_USER_ID) values ('1035','DEFAULT',0,'有新的会议室申请等待您的审核。',' 会议主题：跨学科研修活动 申请人： 王愉敏',to_date('21-MAY-13','DD-MON-RR'),'Y','READ','282');
Insert into OA.NOTIFICATIONS (ID,CATEGORY,PRIORITY,TITLE,CONTENT,EVENT_DATE,IS_SMS_SENT,STATE,TO_USER_ID) values ('1036','DEFAULT',0,'您为会议主题：跨学科研修活动 所做的会议室申请已通过审核。 ',' 审核时间：2013-05-21 04:50:19',to_date('21-MAY-13','DD-MON-RR'),'Y','UNREAD','202');
Insert into OA.NOTIFICATIONS (ID,CATEGORY,PRIORITY,TITLE,CONTENT,EVENT_DATE,IS_SMS_SENT,STATE,TO_USER_ID) values ('680','DEFAULT',0,'您为会议主题：教育公平 所做的会议室申请已通过审核。 ',' 审核时间：2013-05-06 04:24:13',to_date('06-MAY-13','DD-MON-RR'),'N','UNREAD','158');
Insert into OA.NOTIFICATIONS (ID,CATEGORY,PRIORITY,TITLE,CONTENT,EVENT_DATE,IS_SMS_SENT,STATE,TO_USER_ID) values ('681','DEFAULT',0,'您为会议主题：公平 所做的会议室申请已通过审核。 ',' 审核时间：2013-05-06 04:24:19',to_date('06-MAY-13','DD-MON-RR'),'N','UNREAD','158');
Insert into OA.NOTIFICATIONS (ID,CATEGORY,PRIORITY,TITLE,CONTENT,EVENT_DATE,IS_SMS_SENT,STATE,TO_USER_ID) values ('682','DEFAULT',0,'您为会议主题：小学公平 所做的会议室申请已通过审核。 ',' 审核时间：2013-05-06 04:24:24',to_date('06-MAY-13','DD-MON-RR'),'N','UNREAD','158');
Insert into OA.NOTIFICATIONS (ID,CATEGORY,PRIORITY,TITLE,CONTENT,EVENT_DATE,IS_SMS_SENT,STATE,TO_USER_ID) values ('685','DEFAULT',0,'您为会议主题：信息平台和网络协商会议 所做的会议室申请已通过审核。 ',' 审核时间：2013-05-07 09:20:34',to_date('07-MAY-13','DD-MON-RR'),'Y','UNREAD','156');
Insert into OA.NOTIFICATIONS (ID,CATEGORY,PRIORITY,TITLE,CONTENT,EVENT_DATE,IS_SMS_SENT,STATE,TO_USER_ID) values ('690','DEFAULT',0,'您为事由：开会 所做的用车申请已提交并等待调度！ ',' 提交时间：2013-05-07 11:06:16',to_date('07-MAY-13','DD-MON-RR'),'Y','UNREAD','156');
Insert into OA.NOTIFICATIONS (ID,CATEGORY,PRIORITY,TITLE,CONTENT,EVENT_DATE,IS_SMS_SENT,STATE,TO_USER_ID) values ('691','DEFAULT',0,'有新的用车申请等待您的调度！ ',' 事由：开会 申请人： 冯强',to_date('07-MAY-13','DD-MON-RR'),'Y','UNREAD','316');
Insert into OA.NOTIFICATIONS (ID,CATEGORY,PRIORITY,TITLE,CONTENT,EVENT_DATE,IS_SMS_SENT,STATE,TO_USER_ID) values ('692','DEFAULT',0,'有新的用车申请等待您的调度！ ',' 事由：开会 申请人： 冯强',to_date('07-MAY-13','DD-MON-RR'),'Y','READ','291');
Insert into OA.NOTIFICATIONS (ID,CATEGORY,PRIORITY,TITLE,CONTENT,EVENT_DATE,IS_SMS_SENT,STATE,TO_USER_ID) values ('706','DEFAULT',0,'您为会议主题：首届萌芽杯教学评比评委工作会议 所做的会议室申请已通过审核。 ',' 审核时间：2013-05-08 09:22:02',to_date('08-MAY-13','DD-MON-RR'),'Y','UNREAD','235');
Insert into OA.NOTIFICATIONS (ID,CATEGORY,PRIORITY,TITLE,CONTENT,EVENT_DATE,IS_SMS_SENT,STATE,TO_USER_ID) values ('812','DEFAULT',0,'您为事由：萌芽杯 所做的用车申请已完成调度。 ','完成调度时间：2013-05-10 04:37:51 使用的车辆为：沪F28930',to_date('10-MAY-13','DD-MON-RR'),'Y','UNREAD','235');
Insert into OA.NOTIFICATIONS (ID,CATEGORY,PRIORITY,TITLE,CONTENT,EVENT_DATE,IS_SMS_SENT,STATE,TO_USER_ID) values ('817','DEFAULT',0,'您的采购订单被拒绝,请取消或者重新提交订单。','订单号： CG-100063',to_date('11-MAY-13','DD-MON-RR'),'Y','READ','266');
Insert into OA.NOTIFICATIONS (ID,CATEGORY,PRIORITY,TITLE,CONTENT,EVENT_DATE,IS_SMS_SENT,STATE,TO_USER_ID) values ('818','DEFAULT',0,'您为会议主题：高中生命科学名师工作室活动 所做的会议室申请已提交审核。 ',' 提交时间：2013-05-13 08:39:30',to_date('13-MAY-13','DD-MON-RR'),'Y','READ','181');
Insert into OA.NOTIFICATIONS (ID,CATEGORY,PRIORITY,TITLE,CONTENT,EVENT_DATE,IS_SMS_SENT,STATE,TO_USER_ID) values ('819','DEFAULT',0,'有新的会议室申请等待您的审核。',' 会议主题：高中生命科学名师工作室活动 申请人： 李君',to_date('13-MAY-13','DD-MON-RR'),'Y','READ','282');
Insert into OA.NOTIFICATIONS (ID,CATEGORY,PRIORITY,TITLE,CONTENT,EVENT_DATE,IS_SMS_SENT,STATE,TO_USER_ID) values ('937','DEFAULT',0,'您为会议主题：校级干部心理咨询师培训 所做的会议室申请已通过审核。 ',' 审核时间：2013-05-16 11:06:33',to_date('16-MAY-13','DD-MON-RR'),'Y','UNREAD','254');
Insert into OA.NOTIFICATIONS (ID,CATEGORY,PRIORITY,TITLE,CONTENT,EVENT_DATE,IS_SMS_SENT,STATE,TO_USER_ID) values ('938','DEFAULT',0,'您为会议主题：总务主任培训 所做的会议室申请已通过审核。 ',' 审核时间：2013-05-16 11:10:41',to_date('16-MAY-13','DD-MON-RR'),'Y','UNREAD','254');
Insert into OA.NOTIFICATIONS (ID,CATEGORY,PRIORITY,TITLE,CONTENT,EVENT_DATE,IS_SMS_SENT,STATE,TO_USER_ID) values ('939','DEFAULT',0,'您为会议主题：书记培训 所做的会议室申请已通过审核。 ',' 审核时间：2013-05-16 11:10:52',to_date('16-MAY-13','DD-MON-RR'),'Y','UNREAD','254');
Insert into OA.NOTIFICATIONS (ID,CATEGORY,PRIORITY,TITLE,CONTENT,EVENT_DATE,IS_SMS_SENT,STATE,TO_USER_ID) values ('940','DEFAULT',0,'您为会议主题：探究实验教学 所做的会议室申请已通过审核。 ',' 审核时间：2013-05-16 11:11:40',to_date('16-MAY-13','DD-MON-RR'),'Y','UNREAD','182');
Insert into OA.NOTIFICATIONS (ID,CATEGORY,PRIORITY,TITLE,CONTENT,EVENT_DATE,IS_SMS_SENT,STATE,TO_USER_ID) values ('941','DEFAULT',0,'您为会议主题：人事干部培训 所做的会议室申请已通过审核。 ',' 审核时间：2013-05-16 11:12:49',to_date('16-MAY-13','DD-MON-RR'),'Y','UNREAD','254');
Insert into OA.NOTIFICATIONS (ID,CATEGORY,PRIORITY,TITLE,CONTENT,EVENT_DATE,IS_SMS_SENT,STATE,TO_USER_ID) values ('947','DEFAULT',0,'有新的采购订单等待部门审核。','订单号：CG-100066，预算总金额：30.00',to_date('16-MAY-13','DD-MON-RR'),'Y','UNREAD','153');
Insert into OA.NOTIFICATIONS (ID,CATEGORY,PRIORITY,TITLE,CONTENT,EVENT_DATE,IS_SMS_SENT,STATE,TO_USER_ID) values ('953','DEFAULT',0,'有新的采购订单等待采购。','订单号： CG-100064',to_date('16-MAY-13','DD-MON-RR'),'Y','UNREAD','302');
Insert into OA.NOTIFICATIONS (ID,CATEGORY,PRIORITY,TITLE,CONTENT,EVENT_DATE,IS_SMS_SENT,STATE,TO_USER_ID) values ('954','DEFAULT',0,'有新的采购订单等待采购。','订单号： CG-100064',to_date('16-MAY-13','DD-MON-RR'),'Y','UNREAD','300');
Insert into OA.NOTIFICATIONS (ID,CATEGORY,PRIORITY,TITLE,CONTENT,EVENT_DATE,IS_SMS_SENT,STATE,TO_USER_ID) values ('955','DEFAULT',0,'有新的采购订单等待收货。','订单号： CG-100064',to_date('16-MAY-13','DD-MON-RR'),'Y','UNREAD','305');
Insert into OA.NOTIFICATIONS (ID,CATEGORY,PRIORITY,TITLE,CONTENT,EVENT_DATE,IS_SMS_SENT,STATE,TO_USER_ID) values ('956','DEFAULT',0,'有新的采购订单等待收货。','订单号： CG-100064',to_date('16-MAY-13','DD-MON-RR'),'Y','UNREAD','304');
Insert into OA.NOTIFICATIONS (ID,CATEGORY,PRIORITY,TITLE,CONTENT,EVENT_DATE,IS_SMS_SENT,STATE,TO_USER_ID) values ('957','DEFAULT',0,'您的采购订单已审批。','订单号： CG-100064',to_date('16-MAY-13','DD-MON-RR'),'Y','UNREAD','270');
Insert into OA.NOTIFICATIONS (ID,CATEGORY,PRIORITY,TITLE,CONTENT,EVENT_DATE,IS_SMS_SENT,STATE,TO_USER_ID) values ('973','DEFAULT',0,'您为事由：学院教育公平研讨课堂教学全程录制 所做的用车申请已提交并等待调度！ ',' 提交时间：2013-05-17 03:57:54',to_date('17-MAY-13','DD-MON-RR'),'Y','UNREAD','266');
Insert into OA.NOTIFICATIONS (ID,CATEGORY,PRIORITY,TITLE,CONTENT,EVENT_DATE,IS_SMS_SENT,STATE,TO_USER_ID) values ('974','DEFAULT',0,'有新的用车申请等待您的调度！ ',' 事由：学院教育公平研讨课堂教学全程录制 申请人： 李宁',to_date('17-MAY-13','DD-MON-RR'),'Y','READ','316');
Insert into OA.NOTIFICATIONS (ID,CATEGORY,PRIORITY,TITLE,CONTENT,EVENT_DATE,IS_SMS_SENT,STATE,TO_USER_ID) values ('975','DEFAULT',0,'有新的用车申请等待您的调度！ ',' 事由：学院教育公平研讨课堂教学全程录制 申请人： 李宁',to_date('17-MAY-13','DD-MON-RR'),'Y','UNREAD','291');
Insert into OA.NOTIFICATIONS (ID,CATEGORY,PRIORITY,TITLE,CONTENT,EVENT_DATE,IS_SMS_SENT,STATE,TO_USER_ID) values ('976','DEFAULT',0,'您为事由：学院教育公平研讨课堂教学全程录制 所做的用车申请已完成调度。 ','完成调度时间：2013-05-17 04:01:17 使用的车辆为：沪F28930',to_date('17-MAY-13','DD-MON-RR'),'Y','UNREAD','266');
Insert into OA.NOTIFICATIONS (ID,CATEGORY,PRIORITY,TITLE,CONTENT,EVENT_DATE,IS_SMS_SENT,STATE,TO_USER_ID) values ('1042','DEFAULT',0,'有新的会议室申请等待您的审核。',' 会议主题：总务主任培训 申请人： 郑渝萍',to_date('22-MAY-13','DD-MON-RR'),'Y','READ','282');
Insert into OA.NOTIFICATIONS (ID,CATEGORY,PRIORITY,TITLE,CONTENT,EVENT_DATE,IS_SMS_SENT,STATE,TO_USER_ID) values ('1045','DEFAULT',0,'您为会议主题：总务主任培训 所做的会议室申请已通过审核。 ',' 审核时间：2013-05-22 05:17:00',to_date('22-MAY-13','DD-MON-RR'),'Y','UNREAD','254');
Insert into OA.NOTIFICATIONS (ID,CATEGORY,PRIORITY,TITLE,CONTENT,EVENT_DATE,IS_SMS_SENT,STATE,TO_USER_ID) values ('1046','DEFAULT',0,'您为会议主题：校级干部心理咨询师培训 所做的会议室申请已通过审核。 ',' 审核时间：2013-05-22 05:17:06',to_date('22-MAY-13','DD-MON-RR'),'Y','UNREAD','254');
Insert into OA.NOTIFICATIONS (ID,CATEGORY,PRIORITY,TITLE,CONTENT,EVENT_DATE,IS_SMS_SENT,STATE,TO_USER_ID) values ('1047','DEFAULT',0,'您为会议主题：校本培训先进学校，优秀课程复评 所做的会议室申请已提交审核。 ',' 提交时间：2013-05-23 08:04:15',to_date('23-MAY-13','DD-MON-RR'),'Y','UNREAD','235');
Insert into OA.NOTIFICATIONS (ID,CATEGORY,PRIORITY,TITLE,CONTENT,EVENT_DATE,IS_SMS_SENT,STATE,TO_USER_ID) values ('1048','DEFAULT',0,'有新的会议室申请等待您的审核。',' 会议主题：校本培训先进学校，优秀课程复评 申请人： 黄金丽',to_date('23-MAY-13','DD-MON-RR'),'Y','READ','282');
Insert into OA.NOTIFICATIONS (ID,CATEGORY,PRIORITY,TITLE,CONTENT,EVENT_DATE,IS_SMS_SENT,STATE,TO_USER_ID) values ('1049','DEFAULT',0,'您为会议主题：校本培训先进学校、优秀课程复评 所做的会议室申请已提交审核。 ',' 提交时间：2013-05-23 08:05:51',to_date('23-MAY-13','DD-MON-RR'),'Y','UNREAD','235');
Insert into OA.NOTIFICATIONS (ID,CATEGORY,PRIORITY,TITLE,CONTENT,EVENT_DATE,IS_SMS_SENT,STATE,TO_USER_ID) values ('1050','DEFAULT',0,'有新的会议室申请等待您的审核。',' 会议主题：校本培训先进学校、优秀课程复评 申请人： 黄金丽',to_date('23-MAY-13','DD-MON-RR'),'Y','READ','282');
Insert into OA.NOTIFICATIONS (ID,CATEGORY,PRIORITY,TITLE,CONTENT,EVENT_DATE,IS_SMS_SENT,STATE,TO_USER_ID) values ('1051','DEFAULT',0,'您为会议主题：校本培训先进学校，优秀课程复评 所做的会议室申请已通过审核。 ',' 审核时间：2013-05-23 08:37:15',to_date('23-MAY-13','DD-MON-RR'),'Y','UNREAD','235');
Insert into OA.NOTIFICATIONS (ID,CATEGORY,PRIORITY,TITLE,CONTENT,EVENT_DATE,IS_SMS_SENT,STATE,TO_USER_ID) values ('1052','DEFAULT',0,'您为会议主题：校本培训先进学校、优秀课程复评 所做的会议室申请已通过审核。 ',' 审核时间：2013-05-23 08:37:22',to_date('23-MAY-13','DD-MON-RR'),'Y','UNREAD','235');
Insert into OA.NOTIFICATIONS (ID,CATEGORY,PRIORITY,TITLE,CONTENT,EVENT_DATE,IS_SMS_SENT,STATE,TO_USER_ID) values ('1056','DEFAULT',0,'您为会议主题：英语名师工作室会议 所做的会议室申请已提交审核。 ',' 提交时间：2013-05-23 02:54:25',to_date('23-MAY-13','DD-MON-RR'),'Y','UNREAD','173');
Insert into OA.NOTIFICATIONS (ID,CATEGORY,PRIORITY,TITLE,CONTENT,EVENT_DATE,IS_SMS_SENT,STATE,TO_USER_ID) values ('1057','DEFAULT',0,'有新的会议室申请等待您的审核。',' 会议主题：英语名师工作室会议 申请人： 周加有',to_date('23-MAY-13','DD-MON-RR'),'Y','READ','282');
Insert into OA.NOTIFICATIONS (ID,CATEGORY,PRIORITY,TITLE,CONTENT,EVENT_DATE,IS_SMS_SENT,STATE,TO_USER_ID) values ('1061','DEFAULT',0,'您为会议主题：办公平台工作会议 所做的会议室申请已通过审核。 ',' 审核时间：2013-05-23 03:38:01',to_date('23-MAY-13','DD-MON-RR'),'Y','UNREAD','283');
Insert into OA.NOTIFICATIONS (ID,CATEGORY,PRIORITY,TITLE,CONTENT,EVENT_DATE,IS_SMS_SENT,STATE,TO_USER_ID) values ('1067','DEFAULT',0,'您为事由：教师培训 所做的用车申请已完成调度。 ','完成调度时间：2013-05-24 09:21:55 使用的车辆为：沪BD8037',to_date('24-MAY-13','DD-MON-RR'),'Y','UNREAD','153');
Insert into OA.NOTIFICATIONS (ID,CATEGORY,PRIORITY,TITLE,CONTENT,EVENT_DATE,IS_SMS_SENT,STATE,TO_USER_ID) values ('1079','DEFAULT',0,'您为会议主题：高中生命科学名师工作室活动 所做的会议室申请已通过审核。 ',' 审核时间：2013-05-27 11:50:44',to_date('27-MAY-13','DD-MON-RR'),'Y','UNREAD','181');
Insert into OA.NOTIFICATIONS (ID,CATEGORY,PRIORITY,TITLE,CONTENT,EVENT_DATE,IS_SMS_SENT,STATE,TO_USER_ID) values ('1080','DEFAULT',0,'您为会议主题：黄浦崇明干训研讨会 所做的会议室申请已通过审核。 ',' 审核时间：2013-05-27 11:51:22',to_date('27-MAY-13','DD-MON-RR'),'Y','UNREAD','255');
Insert into OA.NOTIFICATIONS (ID,CATEGORY,PRIORITY,TITLE,CONTENT,EVENT_DATE,IS_SMS_SENT,STATE,TO_USER_ID) values ('1081','DEFAULT',0,'您为会议主题：支部活动 所做的会议室申请已通过审核。 ',' 审核时间：2013-05-27 11:51:41',to_date('27-MAY-13','DD-MON-RR'),'Y','UNREAD','254');
Insert into OA.NOTIFICATIONS (ID,CATEGORY,PRIORITY,TITLE,CONTENT,EVENT_DATE,IS_SMS_SENT,STATE,TO_USER_ID) values ('1082','DEFAULT',0,'您为会议主题：教心工作室活动 所做的会议室申请已提交审核。 ',' 提交时间：2013-05-27 12:07:36',to_date('27-MAY-13','DD-MON-RR'),'Y','READ','224');
Insert into OA.NOTIFICATIONS (ID,CATEGORY,PRIORITY,TITLE,CONTENT,EVENT_DATE,IS_SMS_SENT,STATE,TO_USER_ID) values ('1083','DEFAULT',0,'有新的会议室申请等待您的审核。',' 会议主题：教心工作室活动 申请人： 吴晓芬',to_date('27-MAY-13','DD-MON-RR'),'Y','READ','282');
Insert into OA.NOTIFICATIONS (ID,CATEGORY,PRIORITY,TITLE,CONTENT,EVENT_DATE,IS_SMS_SENT,STATE,TO_USER_ID) values ('1091','DEFAULT',0,'有新的会议室申请等待您的审核。',' 会议主题：工会组长会议 申请人： 陈霞红',to_date('27-MAY-13','DD-MON-RR'),'Y','READ','282');
Insert into OA.NOTIFICATIONS (ID,CATEGORY,PRIORITY,TITLE,CONTENT,EVENT_DATE,IS_SMS_SENT,STATE,TO_USER_ID) values ('773','DEFAULT',0,'有新的采购订单等待部门审核。','订单号：CG-100063，预算总金额：400000.00',to_date('09-MAY-13','DD-MON-RR'),'Y','READ','155');
Insert into OA.NOTIFICATIONS (ID,CATEGORY,PRIORITY,TITLE,CONTENT,EVENT_DATE,IS_SMS_SENT,STATE,TO_USER_ID) values ('775','DEFAULT',0,'您的车辆预订：开会 已取消。 ',' 取消时间：2013-05-09 03:57:20',to_date('09-MAY-13','DD-MON-RR'),'Y','UNREAD','156');
Insert into OA.NOTIFICATIONS (ID,CATEGORY,PRIORITY,TITLE,CONTENT,EVENT_DATE,IS_SMS_SENT,STATE,TO_USER_ID) values ('776','DEFAULT',0,'您的车辆预订：开会 已取消。 ',' 取消时间：2013-05-09 03:57:20',to_date('09-MAY-13','DD-MON-RR'),'Y','UNREAD','156');
Insert into OA.NOTIFICATIONS (ID,CATEGORY,PRIORITY,TITLE,CONTENT,EVENT_DATE,IS_SMS_SENT,STATE,TO_USER_ID) values ('830','DEFAULT',0,'您的车辆预订：开会 已调度完成。 ',' 完成时间：2013-05-13 10:58:49 使用的车辆为：沪E10589',to_date('13-MAY-13','DD-MON-RR'),'Y','UNREAD','291');
Insert into OA.NOTIFICATIONS (ID,CATEGORY,PRIORITY,TITLE,CONTENT,EVENT_DATE,IS_SMS_SENT,STATE,TO_USER_ID) values ('831','DEFAULT',0,'您的车辆预订：开会 已调度完成。 ',' 完成时间：2013-05-13 10:58:49 使用的车辆为：沪E10589',to_date('13-MAY-13','DD-MON-RR'),'Y','READ','316');
Insert into OA.NOTIFICATIONS (ID,CATEGORY,PRIORITY,TITLE,CONTENT,EVENT_DATE,IS_SMS_SENT,STATE,TO_USER_ID) values ('832','DEFAULT',0,'您的车辆预订：开会 已完成调度并被张增康修改。 ',' 修改时间：2013-05-13 10:59:58 使用的车辆为：沪E10589',to_date('13-MAY-13','DD-MON-RR'),'Y','UNREAD','291');
Insert into OA.NOTIFICATIONS (ID,CATEGORY,PRIORITY,TITLE,CONTENT,EVENT_DATE,IS_SMS_SENT,STATE,TO_USER_ID) values ('833','DEFAULT',0,'您的车辆预订：开会 已完成调度并被张增康修改。 ',' 修改时间：2013-05-13 10:59:58 使用的车辆为：沪E10589',to_date('13-MAY-13','DD-MON-RR'),'Y','READ','316');
Insert into OA.NOTIFICATIONS (ID,CATEGORY,PRIORITY,TITLE,CONTENT,EVENT_DATE,IS_SMS_SENT,STATE,TO_USER_ID) values ('834','DEFAULT',0,'您为事由：开会 所做的用车申请已取消。 ',' 取消时间：2013-05-13 11:01:00',to_date('13-MAY-13','DD-MON-RR'),'Y','UNREAD','291');
Insert into OA.NOTIFICATIONS (ID,CATEGORY,PRIORITY,TITLE,CONTENT,EVENT_DATE,IS_SMS_SENT,STATE,TO_USER_ID) values ('838','DEFAULT',0,'您为事由：新疆幼儿教师教学录制 所做的用车申请已提交并等待调度！ ',' 提交时间：2013-05-13 11:27:43',to_date('13-MAY-13','DD-MON-RR'),'Y','UNREAD','266');
Insert into OA.NOTIFICATIONS (ID,CATEGORY,PRIORITY,TITLE,CONTENT,EVENT_DATE,IS_SMS_SENT,STATE,TO_USER_ID) values ('839','DEFAULT',0,'有新的用车申请等待您的调度！ ',' 事由：新疆幼儿教师教学录制 申请人： 李宁',to_date('13-MAY-13','DD-MON-RR'),'Y','READ','316');
Insert into OA.NOTIFICATIONS (ID,CATEGORY,PRIORITY,TITLE,CONTENT,EVENT_DATE,IS_SMS_SENT,STATE,TO_USER_ID) values ('840','DEFAULT',0,'有新的用车申请等待您的调度！ ',' 事由：新疆幼儿教师教学录制 申请人： 李宁',to_date('13-MAY-13','DD-MON-RR'),'Y','UNREAD','291');
Insert into OA.NOTIFICATIONS (ID,CATEGORY,PRIORITY,TITLE,CONTENT,EVENT_DATE,IS_SMS_SENT,STATE,TO_USER_ID) values ('870','DEFAULT',0,'您为会议主题：区教学评选颁奖座谈会 所做的会议室申请已提交审核。 ',' 提交时间：2013-05-13 03:55:08',to_date('13-MAY-13','DD-MON-RR'),'Y','UNREAD','159');
Insert into OA.NOTIFICATIONS (ID,CATEGORY,PRIORITY,TITLE,CONTENT,EVENT_DATE,IS_SMS_SENT,STATE,TO_USER_ID) values ('871','DEFAULT',0,'有新的会议室申请等待您的审核。',' 会议主题：区教学评选颁奖座谈会 申请人： 夏向东',to_date('13-MAY-13','DD-MON-RR'),'Y','READ','282');
Insert into OA.NOTIFICATIONS (ID,CATEGORY,PRIORITY,TITLE,CONTENT,EVENT_DATE,IS_SMS_SENT,STATE,TO_USER_ID) values ('897','DEFAULT',0,'您为会议主题：沈祖芸报告 所做的会议室申请已提交审核。 ',' 提交时间：2013-05-14 03:44:27',to_date('14-MAY-13','DD-MON-RR'),'Y','UNREAD','256');
Insert into OA.NOTIFICATIONS (ID,CATEGORY,PRIORITY,TITLE,CONTENT,EVENT_DATE,IS_SMS_SENT,STATE,TO_USER_ID) values ('898','DEFAULT',0,'有新的会议室申请等待您的审核。',' 会议主题：沈祖芸报告 申请人： 陈必聆',to_date('14-MAY-13','DD-MON-RR'),'Y','READ','282');
Insert into OA.NOTIFICATIONS (ID,CATEGORY,PRIORITY,TITLE,CONTENT,EVENT_DATE,IS_SMS_SENT,STATE,TO_USER_ID) values ('901','DEFAULT',0,'您为会议主题：保健教师会议 所做的会议室申请已提交审核。 ',' 提交时间：2013-05-15 09:14:04',to_date('15-MAY-13','DD-MON-RR'),'Y','UNREAD','194');
Insert into OA.NOTIFICATIONS (ID,CATEGORY,PRIORITY,TITLE,CONTENT,EVENT_DATE,IS_SMS_SENT,STATE,TO_USER_ID) values ('902','DEFAULT',0,'有新的会议室申请等待您的审核。',' 会议主题：保健教师会议 申请人： 夏昕',to_date('15-MAY-13','DD-MON-RR'),'Y','READ','282');
Insert into OA.NOTIFICATIONS (ID,CATEGORY,PRIORITY,TITLE,CONTENT,EVENT_DATE,IS_SMS_SENT,STATE,TO_USER_ID) values ('909','DEFAULT',0,'您为事由：高三化学教研 所做的教室预订已成功，请准时使用。 ',' 提交时间：2013-05-15 11:36:09',to_date('15-MAY-13','DD-MON-RR'),'Y','UNREAD','yangj');
Insert into OA.NOTIFICATIONS (ID,CATEGORY,PRIORITY,TITLE,CONTENT,EVENT_DATE,IS_SMS_SENT,STATE,TO_USER_ID) values ('910','DEFAULT',0,'您为事由：高三化学教研 所做的教室预订已成功，请准时使用。 ',' 提交时间：2013-05-15 11:36:47',to_date('15-MAY-13','DD-MON-RR'),'Y','UNREAD','yangj');
Insert into OA.NOTIFICATIONS (ID,CATEGORY,PRIORITY,TITLE,CONTENT,EVENT_DATE,IS_SMS_SENT,STATE,TO_USER_ID) values ('945','DEFAULT',0,'有新的报修请求等待分派，报修单号：BX-100041',' 报修原因：总务 详细地址：自忠路455号1号楼302教室 提交时间：2013-05-16 01:49:49',to_date('16-MAY-13','DD-MON-RR'),'Y','UNREAD','291');
Insert into OA.NOTIFICATIONS (ID,CATEGORY,PRIORITY,TITLE,CONTENT,EVENT_DATE,IS_SMS_SENT,STATE,TO_USER_ID) values ('958','DEFAULT',0,'您为事由：教研活动 所做的用车申请已提交并等待调度！ ',' 提交时间：2013-05-16 03:14:14',to_date('16-MAY-13','DD-MON-RR'),'Y','UNREAD','158');
Insert into OA.NOTIFICATIONS (ID,CATEGORY,PRIORITY,TITLE,CONTENT,EVENT_DATE,IS_SMS_SENT,STATE,TO_USER_ID) values ('959','DEFAULT',0,'有新的用车申请等待您的调度！ ',' 事由：教研活动 申请人： 陈兆施',to_date('16-MAY-13','DD-MON-RR'),'Y','READ','316');
Insert into OA.NOTIFICATIONS (ID,CATEGORY,PRIORITY,TITLE,CONTENT,EVENT_DATE,IS_SMS_SENT,STATE,TO_USER_ID) values ('960','DEFAULT',0,'有新的用车申请等待您的调度！ ',' 事由：教研活动 申请人： 陈兆施',to_date('16-MAY-13','DD-MON-RR'),'Y','UNREAD','291');
Insert into OA.NOTIFICATIONS (ID,CATEGORY,PRIORITY,TITLE,CONTENT,EVENT_DATE,IS_SMS_SENT,STATE,TO_USER_ID) values ('961','DEFAULT',0,'您为事由：教研活动 所做的用车申请已完成调度。 ','完成调度时间：2013-05-16 03:48:39 使用的车辆为：沪F28930',to_date('16-MAY-13','DD-MON-RR'),'Y','UNREAD','158');
Insert into OA.NOTIFICATIONS (ID,CATEGORY,PRIORITY,TITLE,CONTENT,EVENT_DATE,IS_SMS_SENT,STATE,TO_USER_ID) values ('979','DEFAULT',0,'您的车辆预订：购水果 已调度完成。 ',' 完成时间：2013-05-17 04:44:19 使用的车辆为：沪BS9058',to_date('17-MAY-13','DD-MON-RR'),'Y','UNREAD','291');
Insert into OA.NOTIFICATIONS (ID,CATEGORY,PRIORITY,TITLE,CONTENT,EVENT_DATE,IS_SMS_SENT,STATE,TO_USER_ID) values ('980','DEFAULT',0,'您的车辆预订：购水果 已调度完成。 ',' 完成时间：2013-05-17 04:44:19 使用的车辆为：沪BS9058',to_date('17-MAY-13','DD-MON-RR'),'Y','UNREAD','289');
Insert into OA.NOTIFICATIONS (ID,CATEGORY,PRIORITY,TITLE,CONTENT,EVENT_DATE,IS_SMS_SENT,STATE,TO_USER_ID) values ('981','DEFAULT',0,'您的车辆预订：购水果 已调度完成。 ',' 完成时间：2013-05-17 04:47:17 使用的车辆为：沪BS9058',to_date('17-MAY-13','DD-MON-RR'),'Y','UNREAD','291');
Insert into OA.NOTIFICATIONS (ID,CATEGORY,PRIORITY,TITLE,CONTENT,EVENT_DATE,IS_SMS_SENT,STATE,TO_USER_ID) values ('982','DEFAULT',0,'您的车辆预订：购水果 已调度完成。 ',' 完成时间：2013-05-17 04:49:33 使用的车辆为：沪BS9058',to_date('17-MAY-13','DD-MON-RR'),'Y','UNREAD','291');
Insert into OA.NOTIFICATIONS (ID,CATEGORY,PRIORITY,TITLE,CONTENT,EVENT_DATE,IS_SMS_SENT,STATE,TO_USER_ID) values ('983','DEFAULT',0,'您的车辆预订：购水果 已调度完成。 ',' 完成时间：2013-05-17 04:51:31 使用的车辆为：沪BS9058',to_date('17-MAY-13','DD-MON-RR'),'Y','READ','291');
Insert into OA.NOTIFICATIONS (ID,CATEGORY,PRIORITY,TITLE,CONTENT,EVENT_DATE,IS_SMS_SENT,STATE,TO_USER_ID) values ('1006','DEFAULT',0,'您为会议主题：中考备考工作 所做的会议室申请已提交审核。 ',' 提交时间：2013-05-20 01:02:07',to_date('20-MAY-13','DD-MON-RR'),'Y','UNREAD','171');
Insert into OA.NOTIFICATIONS (ID,CATEGORY,PRIORITY,TITLE,CONTENT,EVENT_DATE,IS_SMS_SENT,STATE,TO_USER_ID) values ('1007','DEFAULT',0,'有新的会议室申请等待您的审核。',' 会议主题：中考备考工作 申请人： 陈双艳',to_date('20-MAY-13','DD-MON-RR'),'Y','READ','282');
Insert into OA.NOTIFICATIONS (ID,CATEGORY,PRIORITY,TITLE,CONTENT,EVENT_DATE,IS_SMS_SENT,STATE,TO_USER_ID) values ('1012','DEFAULT',0,'您为会议主题：市中小学德育研究课题中期检查总结会 所做的会议室申请已通过审核。 ',' 审核时间：2013-05-20 03:15:50',to_date('20-MAY-13','DD-MON-RR'),'Y','UNREAD','229');
Insert into OA.NOTIFICATIONS (ID,CATEGORY,PRIORITY,TITLE,CONTENT,EVENT_DATE,IS_SMS_SENT,STATE,TO_USER_ID) values ('1037','DEFAULT',0,'您为会议主题：基础教育改革经验分享 所做的会议室申请已提交审核。 ',' 提交时间：2013-05-22 11:08:00',to_date('22-MAY-13','DD-MON-RR'),'Y','READ','256');
Insert into OA.NOTIFICATIONS (ID,CATEGORY,PRIORITY,TITLE,CONTENT,EVENT_DATE,IS_SMS_SENT,STATE,TO_USER_ID) values ('1038','DEFAULT',0,'有新的会议室申请等待您的审核。',' 会议主题：基础教育改革经验分享 申请人： 陈必聆',to_date('22-MAY-13','DD-MON-RR'),'Y','READ','282');
Insert into OA.NOTIFICATIONS (ID,CATEGORY,PRIORITY,TITLE,CONTENT,EVENT_DATE,IS_SMS_SENT,STATE,TO_USER_ID) values ('1043','DEFAULT',0,'您为会议主题：校级干部心理咨询师培训 所做的会议室申请已提交审核。 ',' 提交时间：2013-05-22 03:26:01',to_date('22-MAY-13','DD-MON-RR'),'Y','UNREAD','254');
Insert into OA.NOTIFICATIONS (ID,CATEGORY,PRIORITY,TITLE,CONTENT,EVENT_DATE,IS_SMS_SENT,STATE,TO_USER_ID) values ('1044','DEFAULT',0,'有新的会议室申请等待您的审核。',' 会议主题：校级干部心理咨询师培训 申请人： 郑渝萍',to_date('22-MAY-13','DD-MON-RR'),'Y','READ','282');
Insert into OA.NOTIFICATIONS (ID,CATEGORY,PRIORITY,TITLE,CONTENT,EVENT_DATE,IS_SMS_SENT,STATE,TO_USER_ID) values ('1064','DEFAULT',0,'您为事由：教师培训 所做的用车申请已提交并等待调度！ ',' 提交时间：2013-05-24 09:13:03',to_date('24-MAY-13','DD-MON-RR'),'Y','UNREAD','153');
Insert into OA.NOTIFICATIONS (ID,CATEGORY,PRIORITY,TITLE,CONTENT,EVENT_DATE,IS_SMS_SENT,STATE,TO_USER_ID) values ('1065','DEFAULT',0,'有新的用车申请等待您的调度！ ',' 事由：教师培训 申请人： 潘裕民',to_date('24-MAY-13','DD-MON-RR'),'Y','READ','316');
Insert into OA.NOTIFICATIONS (ID,CATEGORY,PRIORITY,TITLE,CONTENT,EVENT_DATE,IS_SMS_SENT,STATE,TO_USER_ID) values ('1066','DEFAULT',0,'有新的用车申请等待您的调度！ ',' 事由：教师培训 申请人： 潘裕民',to_date('24-MAY-13','DD-MON-RR'),'Y','READ','291');
Insert into OA.NOTIFICATIONS (ID,CATEGORY,PRIORITY,TITLE,CONTENT,EVENT_DATE,IS_SMS_SENT,STATE,TO_USER_ID) values ('1068','DEFAULT',0,'您的车辆预订：教研 已调度完成。 ',' 完成时间：2013-05-24 10:12:14 使用的车辆为：沪FA1015',to_date('24-MAY-13','DD-MON-RR'),'Y','UNREAD','152');
Insert into OA.NOTIFICATIONS (ID,CATEGORY,PRIORITY,TITLE,CONTENT,EVENT_DATE,IS_SMS_SENT,STATE,TO_USER_ID) values ('1069','DEFAULT',0,'您为事由：幼儿园运动组培训 所做的教室预订已成功，请准时使用。 ',' 提交时间：2013-05-24 01:31:36',to_date('24-MAY-13','DD-MON-RR'),'Y','UNREAD','zhangh');
Insert into OA.NOTIFICATIONS (ID,CATEGORY,PRIORITY,TITLE,CONTENT,EVENT_DATE,IS_SMS_SENT,STATE,TO_USER_ID) values ('1070','DEFAULT',0,'您为会议主题：新疆高校毕业生实习园园长工作会议 所做的会议室申请已通过审核。 ',' 审核时间：2013-05-24 02:14:56',to_date('24-MAY-13','DD-MON-RR'),'Y','UNREAD','235');
Insert into OA.NOTIFICATIONS (ID,CATEGORY,PRIORITY,TITLE,CONTENT,EVENT_DATE,IS_SMS_SENT,STATE,TO_USER_ID) values ('1077','DEFAULT',0,'您为会议主题：高中生命科学名师工作室活动 所做的会议室申请已提交审核。 ',' 提交时间：2013-05-27 11:49:37',to_date('27-MAY-13','DD-MON-RR'),'Y','UNREAD','181');
Insert into OA.NOTIFICATIONS (ID,CATEGORY,PRIORITY,TITLE,CONTENT,EVENT_DATE,IS_SMS_SENT,STATE,TO_USER_ID) values ('1078','DEFAULT',0,'有新的会议室申请等待您的审核。',' 会议主题：高中生命科学名师工作室活动 申请人： 李君',to_date('27-MAY-13','DD-MON-RR'),'Y','READ','282');
Insert into OA.NOTIFICATIONS (ID,CATEGORY,PRIORITY,TITLE,CONTENT,EVENT_DATE,IS_SMS_SENT,STATE,TO_USER_ID) values ('1089','DEFAULT',0,'有新的采购订单等待审批。','订单号：CG-100082，总金额：800.00',to_date('27-MAY-13','DD-MON-RR'),'Y','UNREAD','152');
Insert into OA.NOTIFICATIONS (ID,CATEGORY,PRIORITY,TITLE,CONTENT,EVENT_DATE,IS_SMS_SENT,STATE,TO_USER_ID) values ('1095','DEFAULT',0,'您的车辆预订：听课 已调度完成。 ',' 完成时间：2013-05-28 09:30:40 使用的车辆为：沪FA1015',to_date('28-MAY-13','DD-MON-RR'),'Y','UNREAD','152');
Insert into OA.NOTIFICATIONS (ID,CATEGORY,PRIORITY,TITLE,CONTENT,EVENT_DATE,IS_SMS_SENT,STATE,TO_USER_ID) values ('688','DEFAULT',0,'您为会议主题：初三体育中考小结 所做的会议室申请已通过审核。 ',' 审核时间：2013-05-07 10:07:49',to_date('07-MAY-13','DD-MON-RR'),'Y','UNREAD','194');
Insert into OA.NOTIFICATIONS (ID,CATEGORY,PRIORITY,TITLE,CONTENT,EVENT_DATE,IS_SMS_SENT,STATE,TO_USER_ID) values ('712','DEFAULT',0,'您为会议主题：小学语文骨干教师活动 所做的会议室申请已通过审核。 ',' 审核时间：2013-05-08 11:27:03',to_date('08-MAY-13','DD-MON-RR'),'Y','UNREAD','279');
Insert into OA.NOTIFICATIONS (ID,CATEGORY,PRIORITY,TITLE,CONTENT,EVENT_DATE,IS_SMS_SENT,STATE,TO_USER_ID) values ('713','DEFAULT',0,'您为会议主题：社会学科学业考试阅卷 所做的会议室申请已通过审核。 ',' 审核时间：2013-05-08 11:28:09',to_date('08-MAY-13','DD-MON-RR'),'Y','UNREAD','185');
Insert into OA.NOTIFICATIONS (ID,CATEGORY,PRIORITY,TITLE,CONTENT,EVENT_DATE,IS_SMS_SENT,STATE,TO_USER_ID) values ('723','DEFAULT',0,'您为会议主题：实验员培训 所做的会议室申请已提交审核。 ',' 提交时间：2013-05-08 03:26:57',to_date('08-MAY-13','DD-MON-RR'),'Y','UNREAD','308');
Insert into OA.NOTIFICATIONS (ID,CATEGORY,PRIORITY,TITLE,CONTENT,EVENT_DATE,IS_SMS_SENT,STATE,TO_USER_ID) values ('724','DEFAULT',0,'有新的会议室申请等待您的审核。',' 会议主题：实验员培训 申请人： 严明',to_date('08-MAY-13','DD-MON-RR'),'Y','READ','282');
Insert into OA.NOTIFICATIONS (ID,CATEGORY,PRIORITY,TITLE,CONTENT,EVENT_DATE,IS_SMS_SENT,STATE,TO_USER_ID) values ('759','DEFAULT',0,'您为会议主题：中考备考工作 所做的会议室申请已提交审核。 ',' 提交时间：2013-05-09 10:41:07',to_date('09-MAY-13','DD-MON-RR'),'Y','UNREAD','171');
Insert into OA.NOTIFICATIONS (ID,CATEGORY,PRIORITY,TITLE,CONTENT,EVENT_DATE,IS_SMS_SENT,STATE,TO_USER_ID) values ('760','DEFAULT',0,'有新的会议室申请等待您的审核。',' 会议主题：中考备考工作 申请人： 陈双艳',to_date('09-MAY-13','DD-MON-RR'),'Y','READ','282');
Insert into OA.NOTIFICATIONS (ID,CATEGORY,PRIORITY,TITLE,CONTENT,EVENT_DATE,IS_SMS_SENT,STATE,TO_USER_ID) values ('824','DEFAULT',0,'您为会议主题：改稿会议 所做的会议室申请已提交审核。 ',' 提交时间：2013-05-13 09:50:44',to_date('13-MAY-13','DD-MON-RR'),'Y','UNREAD','232');
Insert into OA.NOTIFICATIONS (ID,CATEGORY,PRIORITY,TITLE,CONTENT,EVENT_DATE,IS_SMS_SENT,STATE,TO_USER_ID) values ('825','DEFAULT',0,'有新的会议室申请等待您的审核。',' 会议主题：改稿会议 申请人： 李燕华',to_date('13-MAY-13','DD-MON-RR'),'Y','READ','282');
Insert into OA.NOTIFICATIONS (ID,CATEGORY,PRIORITY,TITLE,CONTENT,EVENT_DATE,IS_SMS_SENT,STATE,TO_USER_ID) values ('843','DEFAULT',0,'您为事由：萌芽杯 所做的用车申请已提交并等待调度！ ',' 提交时间：2013-05-13 12:02:28',to_date('13-MAY-13','DD-MON-RR'),'Y','UNREAD','235');
Insert into OA.NOTIFICATIONS (ID,CATEGORY,PRIORITY,TITLE,CONTENT,EVENT_DATE,IS_SMS_SENT,STATE,TO_USER_ID) values ('844','DEFAULT',0,'有新的用车申请等待您的调度！ ',' 事由：萌芽杯 申请人： 黄金丽',to_date('13-MAY-13','DD-MON-RR'),'Y','READ','316');
Insert into OA.NOTIFICATIONS (ID,CATEGORY,PRIORITY,TITLE,CONTENT,EVENT_DATE,IS_SMS_SENT,STATE,TO_USER_ID) values ('845','DEFAULT',0,'有新的用车申请等待您的调度！ ',' 事由：萌芽杯 申请人： 黄金丽',to_date('13-MAY-13','DD-MON-RR'),'Y','UNREAD','291');
Insert into OA.NOTIFICATIONS (ID,CATEGORY,PRIORITY,TITLE,CONTENT,EVENT_DATE,IS_SMS_SENT,STATE,TO_USER_ID) values ('846','DEFAULT',0,'您为事由：萌芽杯 所做的用车申请已提交并等待调度！ ',' 提交时间：2013-05-13 12:03:45',to_date('13-MAY-13','DD-MON-RR'),'Y','UNREAD','235');
Insert into OA.NOTIFICATIONS (ID,CATEGORY,PRIORITY,TITLE,CONTENT,EVENT_DATE,IS_SMS_SENT,STATE,TO_USER_ID) values ('847','DEFAULT',0,'有新的用车申请等待您的调度！ ',' 事由：萌芽杯 申请人： 黄金丽',to_date('13-MAY-13','DD-MON-RR'),'Y','READ','316');
Insert into OA.NOTIFICATIONS (ID,CATEGORY,PRIORITY,TITLE,CONTENT,EVENT_DATE,IS_SMS_SENT,STATE,TO_USER_ID) values ('848','DEFAULT',0,'有新的用车申请等待您的调度！ ',' 事由：萌芽杯 申请人： 黄金丽',to_date('13-MAY-13','DD-MON-RR'),'Y','UNREAD','291');
Insert into OA.NOTIFICATIONS (ID,CATEGORY,PRIORITY,TITLE,CONTENT,EVENT_DATE,IS_SMS_SENT,STATE,TO_USER_ID) values ('849','DEFAULT',0,'您为事由：萌芽杯 所做的用车申请已提交并等待调度！ ',' 提交时间：2013-05-13 12:05:28',to_date('13-MAY-13','DD-MON-RR'),'Y','UNREAD','235');
Insert into OA.NOTIFICATIONS (ID,CATEGORY,PRIORITY,TITLE,CONTENT,EVENT_DATE,IS_SMS_SENT,STATE,TO_USER_ID) values ('850','DEFAULT',0,'有新的用车申请等待您的调度！ ',' 事由：萌芽杯 申请人： 黄金丽',to_date('13-MAY-13','DD-MON-RR'),'Y','UNREAD','316');
Insert into OA.NOTIFICATIONS (ID,CATEGORY,PRIORITY,TITLE,CONTENT,EVENT_DATE,IS_SMS_SENT,STATE,TO_USER_ID) values ('851','DEFAULT',0,'有新的用车申请等待您的调度！ ',' 事由：萌芽杯 申请人： 黄金丽',to_date('13-MAY-13','DD-MON-RR'),'Y','UNREAD','291');
Insert into OA.NOTIFICATIONS (ID,CATEGORY,PRIORITY,TITLE,CONTENT,EVENT_DATE,IS_SMS_SENT,STATE,TO_USER_ID) values ('852','DEFAULT',0,'您为事由：萌芽杯 所做的用车申请已提交并等待调度！ ',' 提交时间：2013-05-13 12:06:29',to_date('13-MAY-13','DD-MON-RR'),'Y','UNREAD','235');
Insert into OA.NOTIFICATIONS (ID,CATEGORY,PRIORITY,TITLE,CONTENT,EVENT_DATE,IS_SMS_SENT,STATE,TO_USER_ID) values ('853','DEFAULT',0,'有新的用车申请等待您的调度！ ',' 事由：萌芽杯 申请人： 黄金丽',to_date('13-MAY-13','DD-MON-RR'),'Y','UNREAD','316');
Insert into OA.NOTIFICATIONS (ID,CATEGORY,PRIORITY,TITLE,CONTENT,EVENT_DATE,IS_SMS_SENT,STATE,TO_USER_ID) values ('854','DEFAULT',0,'有新的用车申请等待您的调度！ ',' 事由：萌芽杯 申请人： 黄金丽',to_date('13-MAY-13','DD-MON-RR'),'Y','UNREAD','291');
Insert into OA.NOTIFICATIONS (ID,CATEGORY,PRIORITY,TITLE,CONTENT,EVENT_DATE,IS_SMS_SENT,STATE,TO_USER_ID) values ('855','DEFAULT',0,'您为事由：萌芽杯 所做的用车申请已提交并等待调度！ ',' 提交时间：2013-05-13 12:07:46',to_date('13-MAY-13','DD-MON-RR'),'Y','UNREAD','235');
Insert into OA.NOTIFICATIONS (ID,CATEGORY,PRIORITY,TITLE,CONTENT,EVENT_DATE,IS_SMS_SENT,STATE,TO_USER_ID) values ('856','DEFAULT',0,'有新的用车申请等待您的调度！ ',' 事由：萌芽杯 申请人： 黄金丽',to_date('13-MAY-13','DD-MON-RR'),'Y','UNREAD','316');
Insert into OA.NOTIFICATIONS (ID,CATEGORY,PRIORITY,TITLE,CONTENT,EVENT_DATE,IS_SMS_SENT,STATE,TO_USER_ID) values ('857','DEFAULT',0,'有新的用车申请等待您的调度！ ',' 事由：萌芽杯 申请人： 黄金丽',to_date('13-MAY-13','DD-MON-RR'),'Y','UNREAD','291');
Insert into OA.NOTIFICATIONS (ID,CATEGORY,PRIORITY,TITLE,CONTENT,EVENT_DATE,IS_SMS_SENT,STATE,TO_USER_ID) values ('858','DEFAULT',0,'您为会议主题：校本培训优秀课程评审 所做的会议室申请已通过审核。 ',' 审核时间：2013-05-13 01:16:41',to_date('13-MAY-13','DD-MON-RR'),'Y','UNREAD','235');
Insert into OA.NOTIFICATIONS (ID,CATEGORY,PRIORITY,TITLE,CONTENT,EVENT_DATE,IS_SMS_SENT,STATE,TO_USER_ID) values ('859','DEFAULT',0,'您为会议主题：校本培训先进学校初评 所做的会议室申请已通过审核。 ',' 审核时间：2013-05-13 01:16:48',to_date('13-MAY-13','DD-MON-RR'),'Y','UNREAD','235');
Insert into OA.NOTIFICATIONS (ID,CATEGORY,PRIORITY,TITLE,CONTENT,EVENT_DATE,IS_SMS_SENT,STATE,TO_USER_ID) values ('860','DEFAULT',0,'您为事由：萌芽杯 所做的用车申请已完成调度。 ','完成调度时间：2013-05-13 01:49:32 使用的车辆为：沪BS9058',to_date('13-MAY-13','DD-MON-RR'),'Y','UNREAD','235');
Insert into OA.NOTIFICATIONS (ID,CATEGORY,PRIORITY,TITLE,CONTENT,EVENT_DATE,IS_SMS_SENT,STATE,TO_USER_ID) values ('864','DEFAULT',0,'您为事由：萌芽杯 所做的用车申请已完成调度。 ','完成调度时间：2013-05-13 01:54:02 使用的车辆为：沪BS9058',to_date('13-MAY-13','DD-MON-RR'),'Y','UNREAD','235');
Insert into OA.NOTIFICATIONS (ID,CATEGORY,PRIORITY,TITLE,CONTENT,EVENT_DATE,IS_SMS_SENT,STATE,TO_USER_ID) values ('875','DEFAULT',0,'您为会议主题：区教学颁奖会议 所做的会议室申请已通过审核。 ',' 审核时间：2013-05-14 08:22:23',to_date('14-MAY-13','DD-MON-RR'),'Y','UNREAD','159');
Insert into OA.NOTIFICATIONS (ID,CATEGORY,PRIORITY,TITLE,CONTENT,EVENT_DATE,IS_SMS_SENT,STATE,TO_USER_ID) values ('896','DEFAULT',0,'您为事由：赴云南 所做的用车申请已完成调度。 ','完成调度时间：2013-05-14 01:42:53 使用的车辆为：沪BD8037',to_date('14-MAY-13','DD-MON-RR'),'Y','READ','157');
Insert into OA.NOTIFICATIONS (ID,CATEGORY,PRIORITY,TITLE,CONTENT,EVENT_DATE,IS_SMS_SENT,STATE,TO_USER_ID) values ('903','DEFAULT',0,'您为会议主题：师训课程审定会议 所做的会议室申请已提交审核。 ',' 提交时间：2013-05-15 10:06:45',to_date('15-MAY-13','DD-MON-RR'),'Y','UNREAD','236');
Insert into OA.NOTIFICATIONS (ID,CATEGORY,PRIORITY,TITLE,CONTENT,EVENT_DATE,IS_SMS_SENT,STATE,TO_USER_ID) values ('904','DEFAULT',0,'有新的会议室申请等待您的审核。',' 会议主题：师训课程审定会议 申请人： 袁志健',to_date('15-MAY-13','DD-MON-RR'),'Y','READ','282');
Insert into OA.NOTIFICATIONS (ID,CATEGORY,PRIORITY,TITLE,CONTENT,EVENT_DATE,IS_SMS_SENT,STATE,TO_USER_ID) values ('905','DEFAULT',0,'您为会议主题：师训课程审定会议 所做的会议室申请已提交审核。 ',' 提交时间：2013-05-15 10:08:20',to_date('15-MAY-13','DD-MON-RR'),'Y','UNREAD','236');
Insert into OA.NOTIFICATIONS (ID,CATEGORY,PRIORITY,TITLE,CONTENT,EVENT_DATE,IS_SMS_SENT,STATE,TO_USER_ID) values ('906','DEFAULT',0,'有新的会议室申请等待您的审核。',' 会议主题：师训课程审定会议 申请人： 袁志健',to_date('15-MAY-13','DD-MON-RR'),'Y','READ','282');
Insert into OA.NOTIFICATIONS (ID,CATEGORY,PRIORITY,TITLE,CONTENT,EVENT_DATE,IS_SMS_SENT,STATE,TO_USER_ID) values ('907','DEFAULT',0,'您的车辆预订：退管会探望病人 已调度完成。 ',' 完成时间：2013-05-15 10:19:33 使用的车辆为：沪BS9058',to_date('15-MAY-13','DD-MON-RR'),'Y','UNREAD','287');
Insert into OA.NOTIFICATIONS (ID,CATEGORY,PRIORITY,TITLE,CONTENT,EVENT_DATE,IS_SMS_SENT,STATE,TO_USER_ID) values ('908','DEFAULT',0,'您的车辆预订：退管会探望病人 已调度完成。 ',' 完成时间：2013-05-15 10:19:33 使用的车辆为：沪BS9058',to_date('15-MAY-13','DD-MON-RR'),'Y','UNREAD','288');
Insert into OA.NOTIFICATIONS (ID,CATEGORY,PRIORITY,TITLE,CONTENT,EVENT_DATE,IS_SMS_SENT,STATE,TO_USER_ID) values ('977','DEFAULT',0,'您为事由：学院教育公平研讨课堂教学全程录制 所做的用车申请已完成调度。 ','完成调度时间：2013-05-17 04:01:29 使用的车辆为：沪F28930',to_date('17-MAY-13','DD-MON-RR'),'Y','READ','266');
Insert into OA.NOTIFICATIONS (ID,CATEGORY,PRIORITY,TITLE,CONTENT,EVENT_DATE,IS_SMS_SENT,STATE,TO_USER_ID) values ('1014','DEFAULT',0,'您为会议主题：教育局新教师面试  所做的会议室申请已提交审核。 ',' 提交时间：2013-05-21 09:58:50',to_date('21-MAY-13','DD-MON-RR'),'Y','UNREAD','287');
Insert into OA.NOTIFICATIONS (ID,CATEGORY,PRIORITY,TITLE,CONTENT,EVENT_DATE,IS_SMS_SENT,STATE,TO_USER_ID) values ('1015','DEFAULT',0,'有新的会议室申请等待您的审核。',' 会议主题：教育局新教师面试  申请人： 陆懿香',to_date('21-MAY-13','DD-MON-RR'),'Y','READ','282');
Insert into OA.NOTIFICATIONS (ID,CATEGORY,PRIORITY,TITLE,CONTENT,EVENT_DATE,IS_SMS_SENT,STATE,TO_USER_ID) values ('1016','DEFAULT',0,'您为会议主题：教育局新教师面试 所做的会议室申请已提交审核。 ',' 提交时间：2013-05-21 09:59:32',to_date('21-MAY-13','DD-MON-RR'),'Y','UNREAD','287');
Insert into OA.NOTIFICATIONS (ID,CATEGORY,PRIORITY,TITLE,CONTENT,EVENT_DATE,IS_SMS_SENT,STATE,TO_USER_ID) values ('1017','DEFAULT',0,'有新的会议室申请等待您的审核。',' 会议主题：教育局新教师面试 申请人： 陆懿香',to_date('21-MAY-13','DD-MON-RR'),'Y','READ','282');
Insert into OA.NOTIFICATIONS (ID,CATEGORY,PRIORITY,TITLE,CONTENT,EVENT_DATE,IS_SMS_SENT,STATE,TO_USER_ID) values ('1018','DEFAULT',0,'您为会议主题：教育局新教师面试 所做的会议室申请已提交审核。 ',' 提交时间：2013-05-21 10:00:25',to_date('21-MAY-13','DD-MON-RR'),'Y','UNREAD','287');
Insert into OA.NOTIFICATIONS (ID,CATEGORY,PRIORITY,TITLE,CONTENT,EVENT_DATE,IS_SMS_SENT,STATE,TO_USER_ID) values ('1019','DEFAULT',0,'有新的会议室申请等待您的审核。',' 会议主题：教育局新教师面试 申请人： 陆懿香',to_date('21-MAY-13','DD-MON-RR'),'Y','READ','282');
Insert into OA.NOTIFICATIONS (ID,CATEGORY,PRIORITY,TITLE,CONTENT,EVENT_DATE,IS_SMS_SENT,STATE,TO_USER_ID) values ('1020','DEFAULT',0,'您为会议主题：教育局新教师面试 所做的会议室申请已提交审核。 ',' 提交时间：2013-05-21 10:01:11',to_date('21-MAY-13','DD-MON-RR'),'Y','UNREAD','287');
Insert into OA.NOTIFICATIONS (ID,CATEGORY,PRIORITY,TITLE,CONTENT,EVENT_DATE,IS_SMS_SENT,STATE,TO_USER_ID) values ('1021','DEFAULT',0,'有新的会议室申请等待您的审核。',' 会议主题：教育局新教师面试 申请人： 陆懿香',to_date('21-MAY-13','DD-MON-RR'),'Y','READ','282');
Insert into OA.NOTIFICATIONS (ID,CATEGORY,PRIORITY,TITLE,CONTENT,EVENT_DATE,IS_SMS_SENT,STATE,TO_USER_ID) values ('1053','DEFAULT',0,'您为会议主题：中华经典诵读融入教学工作研讨 所做的会议室申请已提交审核。 ',' 提交时间：2013-05-23 09:02:27',to_date('23-MAY-13','DD-MON-RR'),'Y','UNREAD','290');
Insert into OA.NOTIFICATIONS (ID,CATEGORY,PRIORITY,TITLE,CONTENT,EVENT_DATE,IS_SMS_SENT,STATE,TO_USER_ID) values ('699','DEFAULT',0,'您为事由：开会 所做的用车申请已取消。 ',' 取消时间：2013-05-07 01:55:32',to_date('07-MAY-13','DD-MON-RR'),'Y','UNREAD','156');
Insert into OA.NOTIFICATIONS (ID,CATEGORY,PRIORITY,TITLE,CONTENT,EVENT_DATE,IS_SMS_SENT,STATE,TO_USER_ID) values ('731','DEFAULT',0,'有新的采购订单等待采购。','订单号： CG-100043',to_date('08-MAY-13','DD-MON-RR'),'Y','UNREAD','302');
Insert into OA.NOTIFICATIONS (ID,CATEGORY,PRIORITY,TITLE,CONTENT,EVENT_DATE,IS_SMS_SENT,STATE,TO_USER_ID) values ('732','DEFAULT',0,'有新的采购订单等待采购。','订单号： CG-100043',to_date('08-MAY-13','DD-MON-RR'),'Y','UNREAD','300');
Insert into OA.NOTIFICATIONS (ID,CATEGORY,PRIORITY,TITLE,CONTENT,EVENT_DATE,IS_SMS_SENT,STATE,TO_USER_ID) values ('733','DEFAULT',0,'有新的采购订单等待收货。','订单号： CG-100043',to_date('08-MAY-13','DD-MON-RR'),'Y','UNREAD','305');
Insert into OA.NOTIFICATIONS (ID,CATEGORY,PRIORITY,TITLE,CONTENT,EVENT_DATE,IS_SMS_SENT,STATE,TO_USER_ID) values ('734','DEFAULT',0,'有新的采购订单等待收货。','订单号： CG-100043',to_date('08-MAY-13','DD-MON-RR'),'Y','READ','304');
Insert into OA.NOTIFICATIONS (ID,CATEGORY,PRIORITY,TITLE,CONTENT,EVENT_DATE,IS_SMS_SENT,STATE,TO_USER_ID) values ('735','DEFAULT',0,'您的采购订单已审批。','订单号： CG-100043',to_date('08-MAY-13','DD-MON-RR'),'Y','READ','282');
Insert into OA.NOTIFICATIONS (ID,CATEGORY,PRIORITY,TITLE,CONTENT,EVENT_DATE,IS_SMS_SENT,STATE,TO_USER_ID) values ('743','DEFAULT',0,'有新的采购订单等待采购。','订单号： CG-100042',to_date('08-MAY-13','DD-MON-RR'),'Y','UNREAD','302');
Insert into OA.NOTIFICATIONS (ID,CATEGORY,PRIORITY,TITLE,CONTENT,EVENT_DATE,IS_SMS_SENT,STATE,TO_USER_ID) values ('744','DEFAULT',0,'有新的采购订单等待采购。','订单号： CG-100042',to_date('08-MAY-13','DD-MON-RR'),'Y','UNREAD','300');
Insert into OA.NOTIFICATIONS (ID,CATEGORY,PRIORITY,TITLE,CONTENT,EVENT_DATE,IS_SMS_SENT,STATE,TO_USER_ID) values ('745','DEFAULT',0,'有新的采购订单等待收货。','订单号： CG-100042',to_date('08-MAY-13','DD-MON-RR'),'Y','UNREAD','305');
Insert into OA.NOTIFICATIONS (ID,CATEGORY,PRIORITY,TITLE,CONTENT,EVENT_DATE,IS_SMS_SENT,STATE,TO_USER_ID) values ('746','DEFAULT',0,'有新的采购订单等待收货。','订单号： CG-100042',to_date('08-MAY-13','DD-MON-RR'),'Y','READ','304');
Insert into OA.NOTIFICATIONS (ID,CATEGORY,PRIORITY,TITLE,CONTENT,EVENT_DATE,IS_SMS_SENT,STATE,TO_USER_ID) values ('747','DEFAULT',0,'您的采购订单已审批。','订单号： CG-100042',to_date('08-MAY-13','DD-MON-RR'),'Y','READ','282');
Insert into OA.NOTIFICATIONS (ID,CATEGORY,PRIORITY,TITLE,CONTENT,EVENT_DATE,IS_SMS_SENT,STATE,TO_USER_ID) values ('828','DEFAULT',0,'您的车辆预订：退休家访那个 已调度完成。 ',' 完成时间：2013-05-13 10:37:31 使用的车辆为：沪BS9058',to_date('13-MAY-13','DD-MON-RR'),'Y','UNREAD','287');
Insert into OA.NOTIFICATIONS (ID,CATEGORY,PRIORITY,TITLE,CONTENT,EVENT_DATE,IS_SMS_SENT,STATE,TO_USER_ID) values ('829','DEFAULT',0,'您的车辆预订：退休家访那个 已调度完成。 ',' 完成时间：2013-05-13 10:37:31 使用的车辆为：沪BS9058',to_date('13-MAY-13','DD-MON-RR'),'Y','UNREAD','288');
Insert into OA.NOTIFICATIONS (ID,CATEGORY,PRIORITY,TITLE,CONTENT,EVENT_DATE,IS_SMS_SENT,STATE,TO_USER_ID) values ('861','DEFAULT',0,'您为事由：萌芽杯 所做的用车申请已完成调度。 ','完成调度时间：2013-05-13 01:50:29 使用的车辆为：沪BS9058',to_date('13-MAY-13','DD-MON-RR'),'Y','UNREAD','235');
Insert into OA.NOTIFICATIONS (ID,CATEGORY,PRIORITY,TITLE,CONTENT,EVENT_DATE,IS_SMS_SENT,STATE,TO_USER_ID) values ('862','DEFAULT',0,'您为事由：萌芽杯 所做的用车申请已完成调度。 ','完成调度时间：2013-05-13 01:50:38 使用的车辆为：沪BS9058',to_date('13-MAY-13','DD-MON-RR'),'Y','UNREAD','235');
Insert into OA.NOTIFICATIONS (ID,CATEGORY,PRIORITY,TITLE,CONTENT,EVENT_DATE,IS_SMS_SENT,STATE,TO_USER_ID) values ('863','DEFAULT',0,'您为事由：萌芽杯 所做的用车申请已完成调度。 ','完成调度时间：2013-05-13 01:51:03 使用的车辆为：沪BS9058',to_date('13-MAY-13','DD-MON-RR'),'Y','UNREAD','235');
Insert into OA.NOTIFICATIONS (ID,CATEGORY,PRIORITY,TITLE,CONTENT,EVENT_DATE,IS_SMS_SENT,STATE,TO_USER_ID) values ('865','DEFAULT',0,'您为事由：新疆幼儿教师教学录制 所做的用车申请已完成调度。 ','完成调度时间：2013-05-13 01:55:19 使用的车辆为：沪F28930',to_date('13-MAY-13','DD-MON-RR'),'Y','UNREAD','266');
Insert into OA.NOTIFICATIONS (ID,CATEGORY,PRIORITY,TITLE,CONTENT,EVENT_DATE,IS_SMS_SENT,STATE,TO_USER_ID) values ('886','DEFAULT',0,'您为事由：参加市教研活动 所做的用车申请已提交并等待调度！ ',' 提交时间：2013-05-14 09:58:12',to_date('14-MAY-13','DD-MON-RR'),'Y','UNREAD','159');
Insert into OA.NOTIFICATIONS (ID,CATEGORY,PRIORITY,TITLE,CONTENT,EVENT_DATE,IS_SMS_SENT,STATE,TO_USER_ID) values ('887','DEFAULT',0,'有新的用车申请等待您的调度！ ',' 事由：参加市教研活动 申请人： 夏向东',to_date('14-MAY-13','DD-MON-RR'),'Y','UNREAD','316');
Insert into OA.NOTIFICATIONS (ID,CATEGORY,PRIORITY,TITLE,CONTENT,EVENT_DATE,IS_SMS_SENT,STATE,TO_USER_ID) values ('888','DEFAULT',0,'有新的用车申请等待您的调度！ ',' 事由：参加市教研活动 申请人： 夏向东',to_date('14-MAY-13','DD-MON-RR'),'Y','UNREAD','291');
Insert into OA.NOTIFICATIONS (ID,CATEGORY,PRIORITY,TITLE,CONTENT,EVENT_DATE,IS_SMS_SENT,STATE,TO_USER_ID) values ('900','DEFAULT',0,'您为会议主题：沈祖芸报告 所做的会议室申请已通过审核。 ',' 审核时间：2013-05-15 09:13:30',to_date('15-MAY-13','DD-MON-RR'),'Y','UNREAD','256');
Insert into OA.NOTIFICATIONS (ID,CATEGORY,PRIORITY,TITLE,CONTENT,EVENT_DATE,IS_SMS_SENT,STATE,TO_USER_ID) values ('922','DEFAULT',0,'您的车辆预订：走访学校 已调度完成。 ',' 完成时间：2013-05-15 04:18:52 使用的车辆为：沪FA1015',to_date('15-MAY-13','DD-MON-RR'),'Y','UNREAD','152');
Insert into OA.NOTIFICATIONS (ID,CATEGORY,PRIORITY,TITLE,CONTENT,EVENT_DATE,IS_SMS_SENT,STATE,TO_USER_ID) values ('967','DEFAULT',0,'您为会议主题：部门业务学习 所做的会议室申请已提交审核。 ',' 提交时间：2013-05-17 10:01:08',to_date('17-MAY-13','DD-MON-RR'),'Y','UNREAD','235');
Insert into OA.NOTIFICATIONS (ID,CATEGORY,PRIORITY,TITLE,CONTENT,EVENT_DATE,IS_SMS_SENT,STATE,TO_USER_ID) values ('968','DEFAULT',0,'有新的会议室申请等待您的审核。',' 会议主题：部门业务学习 申请人： 黄金丽',to_date('17-MAY-13','DD-MON-RR'),'Y','READ','282');
Insert into OA.NOTIFICATIONS (ID,CATEGORY,PRIORITY,TITLE,CONTENT,EVENT_DATE,IS_SMS_SENT,STATE,TO_USER_ID) values ('971','DEFAULT',0,'您为事由：数学名师工作室活动 所做的教室预订已成功，请准时使用。 ',' 提交时间：2013-05-17 02:11:08',to_date('17-MAY-13','DD-MON-RR'),'Y','UNREAD','xuqh');
Insert into OA.NOTIFICATIONS (ID,CATEGORY,PRIORITY,TITLE,CONTENT,EVENT_DATE,IS_SMS_SENT,STATE,TO_USER_ID) values ('1013','DEFAULT',0,'您的车辆预订：开会 已调度完成。 ',' 完成时间：2013-05-21 08:53:14 使用的车辆为：沪FA1015',to_date('21-MAY-13','DD-MON-RR'),'Y','UNREAD','152');
Insert into OA.NOTIFICATIONS (ID,CATEGORY,PRIORITY,TITLE,CONTENT,EVENT_DATE,IS_SMS_SENT,STATE,TO_USER_ID) values ('1054','DEFAULT',0,'有新的会议室申请等待您的审核。',' 会议主题：中华经典诵读融入教学工作研讨 申请人： 焦文燕',to_date('23-MAY-13','DD-MON-RR'),'Y','READ','282');
Insert into OA.NOTIFICATIONS (ID,CATEGORY,PRIORITY,TITLE,CONTENT,EVENT_DATE,IS_SMS_SENT,STATE,TO_USER_ID) values ('1055','DEFAULT',0,'您为会议主题：中华经典诵读融入教学工作研讨 所做的会议室申请已通过审核。 ',' 审核时间：2013-05-23 09:11:35',to_date('23-MAY-13','DD-MON-RR'),'Y','UNREAD','290');
Insert into OA.NOTIFICATIONS (ID,CATEGORY,PRIORITY,TITLE,CONTENT,EVENT_DATE,IS_SMS_SENT,STATE,TO_USER_ID) values ('1059','DEFAULT',0,'您为会议主题：办公平台工作会议 所做的会议室申请已提交审核。 ',' 提交时间：2013-05-23 03:37:30',to_date('23-MAY-13','DD-MON-RR'),'Y','UNREAD','283');
Insert into OA.NOTIFICATIONS (ID,CATEGORY,PRIORITY,TITLE,CONTENT,EVENT_DATE,IS_SMS_SENT,STATE,TO_USER_ID) values ('1060','DEFAULT',0,'有新的会议室申请等待您的审核。',' 会议主题：办公平台工作会议 申请人： 张旖琳',to_date('23-MAY-13','DD-MON-RR'),'Y','READ','282');
Insert into OA.NOTIFICATIONS (ID,CATEGORY,PRIORITY,TITLE,CONTENT,EVENT_DATE,IS_SMS_SENT,STATE,TO_USER_ID) values ('1062','DEFAULT',0,'您为会议主题：新疆高校毕业生实习园园长工作会议 所做的会议室申请已提交审核。 ',' 提交时间：2013-05-24 08:21:59',to_date('24-MAY-13','DD-MON-RR'),'Y','UNREAD','235');
Insert into OA.NOTIFICATIONS (ID,CATEGORY,PRIORITY,TITLE,CONTENT,EVENT_DATE,IS_SMS_SENT,STATE,TO_USER_ID) values ('1063','DEFAULT',0,'有新的会议室申请等待您的审核。',' 会议主题：新疆高校毕业生实习园园长工作会议 申请人： 黄金丽',to_date('24-MAY-13','DD-MON-RR'),'Y','READ','282');
Insert into OA.NOTIFICATIONS (ID,CATEGORY,PRIORITY,TITLE,CONTENT,EVENT_DATE,IS_SMS_SENT,STATE,TO_USER_ID) values ('1071','DEFAULT',0,'您的车辆预订：科研活动 已调度完成。 ',' 完成时间：2013-05-27 08:45:47 使用的车辆为：沪FA1015',to_date('27-MAY-13','DD-MON-RR'),'Y','UNREAD','152');
Insert into OA.NOTIFICATIONS (ID,CATEGORY,PRIORITY,TITLE,CONTENT,EVENT_DATE,IS_SMS_SENT,STATE,TO_USER_ID) values ('1072','DEFAULT',0,'您为会议主题：支部活动 所做的会议室申请已提交审核。 ',' 提交时间：2013-05-27 09:16:50',to_date('27-MAY-13','DD-MON-RR'),'Y','UNREAD','254');
Insert into OA.NOTIFICATIONS (ID,CATEGORY,PRIORITY,TITLE,CONTENT,EVENT_DATE,IS_SMS_SENT,STATE,TO_USER_ID) values ('1073','DEFAULT',0,'有新的会议室申请等待您的审核。',' 会议主题：支部活动 申请人： 郑渝萍',to_date('27-MAY-13','DD-MON-RR'),'Y','READ','282');
Insert into OA.NOTIFICATIONS (ID,CATEGORY,PRIORITY,TITLE,CONTENT,EVENT_DATE,IS_SMS_SENT,STATE,TO_USER_ID) values ('1074','DEFAULT',0,'有新的采购订单等待部门审核。','订单号：CG-100082，预算总金额：800.00',to_date('27-MAY-13','DD-MON-RR'),'Y','UNREAD','155');
Insert into OA.NOTIFICATIONS (ID,CATEGORY,PRIORITY,TITLE,CONTENT,EVENT_DATE,IS_SMS_SENT,STATE,TO_USER_ID) values ('1075','DEFAULT',0,'您为会议主题：黄浦崇明干训研讨会 所做的会议室申请已提交审核。 ',' 提交时间：2013-05-27 11:25:26',to_date('27-MAY-13','DD-MON-RR'),'Y','UNREAD','255');
Insert into OA.NOTIFICATIONS (ID,CATEGORY,PRIORITY,TITLE,CONTENT,EVENT_DATE,IS_SMS_SENT,STATE,TO_USER_ID) values ('1076','DEFAULT',0,'有新的会议室申请等待您的审核。',' 会议主题：黄浦崇明干训研讨会 申请人： 陈亚莉',to_date('27-MAY-13','DD-MON-RR'),'Y','READ','282');
Insert into OA.NOTIFICATIONS (ID,CATEGORY,PRIORITY,TITLE,CONTENT,EVENT_DATE,IS_SMS_SENT,STATE,TO_USER_ID) values ('1084','DEFAULT',0,'您为会议主题：教心工作室活动 所做的会议室申请已通过审核。 ',' 审核时间：2013-05-27 12:36:18',to_date('27-MAY-13','DD-MON-RR'),'Y','UNREAD','224');
Insert into OA.NOTIFICATIONS (ID,CATEGORY,PRIORITY,TITLE,CONTENT,EVENT_DATE,IS_SMS_SENT,STATE,TO_USER_ID) values ('1085','DEFAULT',0,'有新的采购订单等待审核。','订单号：CG-100082，预算总金额：800.00',to_date('27-MAY-13','DD-MON-RR'),'Y','READ','291');
Insert into OA.NOTIFICATIONS (ID,CATEGORY,PRIORITY,TITLE,CONTENT,EVENT_DATE,IS_SMS_SENT,STATE,TO_USER_ID) values ('1086','DEFAULT',0,'您的采购订单已完成部门审核,等待采购审核中。','订单号： CG-100082',to_date('27-MAY-13','DD-MON-RR'),'Y','UNREAD','266');
Insert into OA.NOTIFICATIONS (ID,CATEGORY,PRIORITY,TITLE,CONTENT,EVENT_DATE,IS_SMS_SENT,STATE,TO_USER_ID) values ('1087','DEFAULT',0,'有新的采购订单等待审批。','订单号：CG-100082',to_date('27-MAY-13','DD-MON-RR'),'Y','UNREAD','155');
Insert into OA.NOTIFICATIONS (ID,CATEGORY,PRIORITY,TITLE,CONTENT,EVENT_DATE,IS_SMS_SENT,STATE,TO_USER_ID) values ('1088','DEFAULT',0,'您的采购订单已完成审核,等待审批中。','订单号：CG-100082，审核总金额：800.0',to_date('27-MAY-13','DD-MON-RR'),'Y','UNREAD','266');
Insert into OA.NOTIFICATIONS (ID,CATEGORY,PRIORITY,TITLE,CONTENT,EVENT_DATE,IS_SMS_SENT,STATE,TO_USER_ID) values ('1092','DEFAULT',0,'您为会议主题：工会组长会议 所做的会议室申请已通过审核。 ',' 审核时间：2013-05-27 03:50:22',to_date('27-MAY-13','DD-MON-RR'),'Y','UNREAD','312');
Insert into OA.NOTIFICATIONS (ID,CATEGORY,PRIORITY,TITLE,CONTENT,EVENT_DATE,IS_SMS_SENT,STATE,TO_USER_ID) values ('1093','DEFAULT',0,'您为会议主题：七年级科学模拟考试质量分析 所做的会议室申请已提交审核。 ',' 提交时间：2013-05-28 08:52:07',to_date('28-MAY-13','DD-MON-RR'),'Y','UNREAD','179');
Insert into OA.NOTIFICATIONS (ID,CATEGORY,PRIORITY,TITLE,CONTENT,EVENT_DATE,IS_SMS_SENT,STATE,TO_USER_ID) values ('1094','DEFAULT',0,'有新的会议室申请等待您的审核。',' 会议主题：七年级科学模拟考试质量分析 申请人： 黄莹',to_date('28-MAY-13','DD-MON-RR'),'Y','READ','282');
Insert into OA.NOTIFICATIONS (ID,CATEGORY,PRIORITY,TITLE,CONTENT,EVENT_DATE,IS_SMS_SENT,STATE,TO_USER_ID) values ('1096','DEFAULT',0,'您为会议主题：黄浦教育研究研讨会 所做的会议室申请已提交审核。 ',' 提交时间：2013-05-28 10:13:40',to_date('28-MAY-13','DD-MON-RR'),'Y','UNREAD','279');
Insert into OA.NOTIFICATIONS (ID,CATEGORY,PRIORITY,TITLE,CONTENT,EVENT_DATE,IS_SMS_SENT,STATE,TO_USER_ID) values ('1097','DEFAULT',0,'有新的会议室申请等待您的审核。',' 会议主题：黄浦教育研究研讨会 申请人： 魏玉梅',to_date('28-MAY-13','DD-MON-RR'),'Y','UNREAD','282');
Insert into OA.NOTIFICATIONS (ID,CATEGORY,PRIORITY,TITLE,CONTENT,EVENT_DATE,IS_SMS_SENT,STATE,TO_USER_ID) values ('1098','DEFAULT',0,'您为会议主题：区小学语文骨干教师活动 所做的会议室申请已提交审核。 ',' 提交时间：2013-05-28 10:15:23',to_date('28-MAY-13','DD-MON-RR'),'Y','UNREAD','279');
Insert into OA.NOTIFICATIONS (ID,CATEGORY,PRIORITY,TITLE,CONTENT,EVENT_DATE,IS_SMS_SENT,STATE,TO_USER_ID) values ('704','DEFAULT',0,'您为事由：会议 所做的教室预订已成功，请准时使用。 ',' 提交时间：2013-05-07 03:50:18',to_date('07-MAY-13','DD-MON-RR'),'Y','UNREAD','huangjl');
Insert into OA.NOTIFICATIONS (ID,CATEGORY,PRIORITY,TITLE,CONTENT,EVENT_DATE,IS_SMS_SENT,STATE,TO_USER_ID) values ('705','DEFAULT',0,'您为会议主题：科学培训 所做的会议室申请已取消。 ',' 取消时间：2013-05-08 07:23:17',to_date('08-MAY-13','DD-MON-RR'),'Y','UNREAD','179');
Insert into OA.NOTIFICATIONS (ID,CATEGORY,PRIORITY,TITLE,CONTENT,EVENT_DATE,IS_SMS_SENT,STATE,TO_USER_ID) values ('707','DEFAULT',0,'您为事由：初中劳技教研活动 所做的教室预订已成功，请准时使用。 ',' 提交时间：2013-05-08 09:40:53',to_date('08-MAY-13','DD-MON-RR'),'Y','UNREAD','wanghj');
Insert into OA.NOTIFICATIONS (ID,CATEGORY,PRIORITY,TITLE,CONTENT,EVENT_DATE,IS_SMS_SENT,STATE,TO_USER_ID) values ('761','DEFAULT',0,'有新的采购订单等待审核。','订单号：CG-100062，预算总金额：300.00',to_date('09-MAY-13','DD-MON-RR'),'Y','UNREAD','291');
Insert into OA.NOTIFICATIONS (ID,CATEGORY,PRIORITY,TITLE,CONTENT,EVENT_DATE,IS_SMS_SENT,STATE,TO_USER_ID) values ('762','DEFAULT',0,'您的采购订单已完成部门审核,等待采购审核中。','订单号： CG-100062',to_date('09-MAY-13','DD-MON-RR'),'Y','READ','266');
Insert into OA.NOTIFICATIONS (ID,CATEGORY,PRIORITY,TITLE,CONTENT,EVENT_DATE,IS_SMS_SENT,STATE,TO_USER_ID) values ('764','DEFAULT',0,'有新的采购订单等待部门审核。','订单号：CG-100061，预算总金额：0.00',to_date('09-MAY-13','DD-MON-RR'),'Y','READ','155');
Insert into OA.NOTIFICATIONS (ID,CATEGORY,PRIORITY,TITLE,CONTENT,EVENT_DATE,IS_SMS_SENT,STATE,TO_USER_ID) values ('765','DEFAULT',0,'您为会议主题：中考备考工作 所做的会议室申请已通过审核。 ',' 审核时间：2013-05-09 12:57:31',to_date('09-MAY-13','DD-MON-RR'),'Y','UNREAD','171');
Insert into OA.NOTIFICATIONS (ID,CATEGORY,PRIORITY,TITLE,CONTENT,EVENT_DATE,IS_SMS_SENT,STATE,TO_USER_ID) values ('769','DEFAULT',0,'您为会议主题：校级干部心理咨询师培训 所做的会议室申请已提交审核。 ',' 提交时间：2013-05-09 03:05:49',to_date('09-MAY-13','DD-MON-RR'),'Y','UNREAD','254');
Insert into OA.NOTIFICATIONS (ID,CATEGORY,PRIORITY,TITLE,CONTENT,EVENT_DATE,IS_SMS_SENT,STATE,TO_USER_ID) values ('770','DEFAULT',0,'有新的会议室申请等待您的审核。',' 会议主题：校级干部心理咨询师培训 申请人： 郑渝萍',to_date('09-MAY-13','DD-MON-RR'),'Y','READ','282');
Insert into OA.NOTIFICATIONS (ID,CATEGORY,PRIORITY,TITLE,CONTENT,EVENT_DATE,IS_SMS_SENT,STATE,TO_USER_ID) values ('771','DEFAULT',0,'您为会议主题：校级干部心理咨询师培训 所做的会议室申请已提交审核。 ',' 提交时间：2013-05-09 03:06:54',to_date('09-MAY-13','DD-MON-RR'),'Y','UNREAD','254');
Insert into OA.NOTIFICATIONS (ID,CATEGORY,PRIORITY,TITLE,CONTENT,EVENT_DATE,IS_SMS_SENT,STATE,TO_USER_ID) values ('772','DEFAULT',0,'有新的会议室申请等待您的审核。',' 会议主题：校级干部心理咨询师培训 申请人： 郑渝萍',to_date('09-MAY-13','DD-MON-RR'),'Y','READ','282');
Insert into OA.NOTIFICATIONS (ID,CATEGORY,PRIORITY,TITLE,CONTENT,EVENT_DATE,IS_SMS_SENT,STATE,TO_USER_ID) values ('777','DEFAULT',0,'有新的采购订单等待审批。','订单号：CG-100062',to_date('09-MAY-13','DD-MON-RR'),'Y','READ','155');
Insert into OA.NOTIFICATIONS (ID,CATEGORY,PRIORITY,TITLE,CONTENT,EVENT_DATE,IS_SMS_SENT,STATE,TO_USER_ID) values ('778','DEFAULT',0,'您的采购订单已完成审核,等待审批中。','订单号：CG-100062，审核总金额：300.0',to_date('09-MAY-13','DD-MON-RR'),'Y','UNREAD','266');
Insert into OA.NOTIFICATIONS (ID,CATEGORY,PRIORITY,TITLE,CONTENT,EVENT_DATE,IS_SMS_SENT,STATE,TO_USER_ID) values ('782','DEFAULT',0,'您为会议主题：名师工作交流 所做的会议室申请已提交审核。 ',' 提交时间：2013-05-10 10:25:44',to_date('10-MAY-13','DD-MON-RR'),'Y','UNREAD','262');
Insert into OA.NOTIFICATIONS (ID,CATEGORY,PRIORITY,TITLE,CONTENT,EVENT_DATE,IS_SMS_SENT,STATE,TO_USER_ID) values ('783','DEFAULT',0,'有新的会议室申请等待您的审核。',' 会议主题：名师工作交流 申请人： 马英慧',to_date('10-MAY-13','DD-MON-RR'),'Y','READ','282');
Insert into OA.NOTIFICATIONS (ID,CATEGORY,PRIORITY,TITLE,CONTENT,EVENT_DATE,IS_SMS_SENT,STATE,TO_USER_ID) values ('788','DEFAULT',0,'有新的采购订单等待采购。','订单号： CG-100062',to_date('10-MAY-13','DD-MON-RR'),'Y','UNREAD','302');
Insert into OA.NOTIFICATIONS (ID,CATEGORY,PRIORITY,TITLE,CONTENT,EVENT_DATE,IS_SMS_SENT,STATE,TO_USER_ID) values ('789','DEFAULT',0,'有新的采购订单等待采购。','订单号： CG-100062',to_date('10-MAY-13','DD-MON-RR'),'Y','UNREAD','300');
Insert into OA.NOTIFICATIONS (ID,CATEGORY,PRIORITY,TITLE,CONTENT,EVENT_DATE,IS_SMS_SENT,STATE,TO_USER_ID) values ('790','DEFAULT',0,'有新的采购订单等待收货。','订单号： CG-100062',to_date('10-MAY-13','DD-MON-RR'),'Y','UNREAD','305');
Insert into OA.NOTIFICATIONS (ID,CATEGORY,PRIORITY,TITLE,CONTENT,EVENT_DATE,IS_SMS_SENT,STATE,TO_USER_ID) values ('791','DEFAULT',0,'有新的采购订单等待收货。','订单号： CG-100062',to_date('10-MAY-13','DD-MON-RR'),'Y','READ','304');
Insert into OA.NOTIFICATIONS (ID,CATEGORY,PRIORITY,TITLE,CONTENT,EVENT_DATE,IS_SMS_SENT,STATE,TO_USER_ID) values ('792','DEFAULT',0,'您的采购订单已审批。','订单号： CG-100062',to_date('10-MAY-13','DD-MON-RR'),'Y','READ','266');
Insert into OA.NOTIFICATIONS (ID,CATEGORY,PRIORITY,TITLE,CONTENT,EVENT_DATE,IS_SMS_SENT,STATE,TO_USER_ID) values ('808','DEFAULT',0,'您为事由：萌芽杯 所做的用车申请已完成调度。 ','完成调度时间：2013-05-10 04:33:45 使用的车辆为：沪F28930',to_date('10-MAY-13','DD-MON-RR'),'Y','UNREAD','235');
Insert into OA.NOTIFICATIONS (ID,CATEGORY,PRIORITY,TITLE,CONTENT,EVENT_DATE,IS_SMS_SENT,STATE,TO_USER_ID) values ('809','DEFAULT',0,'您为事由：萌芽杯 所做的用车申请已完成调度。 ','完成调度时间：2013-05-10 04:36:42 使用的车辆为：沪F28930',to_date('10-MAY-13','DD-MON-RR'),'Y','UNREAD','235');
Insert into OA.NOTIFICATIONS (ID,CATEGORY,PRIORITY,TITLE,CONTENT,EVENT_DATE,IS_SMS_SENT,STATE,TO_USER_ID) values ('810','DEFAULT',0,'您为事由：萌芽杯 所做的用车申请已完成调度。 ','完成调度时间：2013-05-10 04:36:53 使用的车辆为：沪F28930',to_date('10-MAY-13','DD-MON-RR'),'Y','UNREAD','235');
Insert into OA.NOTIFICATIONS (ID,CATEGORY,PRIORITY,TITLE,CONTENT,EVENT_DATE,IS_SMS_SENT,STATE,TO_USER_ID) values ('811','DEFAULT',0,'您为事由：萌芽杯 所做的用车申请已完成调度。 ','完成调度时间：2013-05-10 04:37:05 使用的车辆为：沪F28930',to_date('10-MAY-13','DD-MON-RR'),'Y','UNREAD','235');
Insert into OA.NOTIFICATIONS (ID,CATEGORY,PRIORITY,TITLE,CONTENT,EVENT_DATE,IS_SMS_SENT,STATE,TO_USER_ID) values ('813','DEFAULT',0,'您为事由：萌芽杯 所做的用车申请已完成调度。 ','完成调度时间：2013-05-10 04:38:28 使用的车辆为：沪F28930',to_date('10-MAY-13','DD-MON-RR'),'Y','UNREAD','235');
Insert into OA.NOTIFICATIONS (ID,CATEGORY,PRIORITY,TITLE,CONTENT,EVENT_DATE,IS_SMS_SENT,STATE,TO_USER_ID) values ('814','DEFAULT',0,'有新的采购订单等待审批。','订单号：CG-100064',to_date('11-MAY-13','DD-MON-RR'),'Y','READ','155');
Insert into OA.NOTIFICATIONS (ID,CATEGORY,PRIORITY,TITLE,CONTENT,EVENT_DATE,IS_SMS_SENT,STATE,TO_USER_ID) values ('815','DEFAULT',0,'您的采购订单已完成审核,等待审批中。','订单号：CG-100064，审核总金额：300.0',to_date('11-MAY-13','DD-MON-RR'),'Y','UNREAD','270');
Insert into OA.NOTIFICATIONS (ID,CATEGORY,PRIORITY,TITLE,CONTENT,EVENT_DATE,IS_SMS_SENT,STATE,TO_USER_ID) values ('820','DEFAULT',0,'您为会议主题：质量保障会 所做的会议室申请已提交审核。 ',' 提交时间：2013-05-13 08:52:46',to_date('13-MAY-13','DD-MON-RR'),'Y','UNREAD','283');
Insert into OA.NOTIFICATIONS (ID,CATEGORY,PRIORITY,TITLE,CONTENT,EVENT_DATE,IS_SMS_SENT,STATE,TO_USER_ID) values ('821','DEFAULT',0,'有新的会议室申请等待您的审核。',' 会议主题：质量保障会 申请人： 张旖琳',to_date('13-MAY-13','DD-MON-RR'),'Y','READ','282');
Insert into OA.NOTIFICATIONS (ID,CATEGORY,PRIORITY,TITLE,CONTENT,EVENT_DATE,IS_SMS_SENT,STATE,TO_USER_ID) values ('826','DEFAULT',0,'您的车辆预订：开会 已调度完成。 ',' 完成时间：2013-05-13 10:06:27 使用的车辆为：沪F28930',to_date('13-MAY-13','DD-MON-RR'),'Y','UNREAD','253');
Insert into OA.NOTIFICATIONS (ID,CATEGORY,PRIORITY,TITLE,CONTENT,EVENT_DATE,IS_SMS_SENT,STATE,TO_USER_ID) values ('827','DEFAULT',0,'您的车辆预订：开会 已调度完成。 ',' 完成时间：2013-05-13 10:06:27 使用的车辆为：沪F28930',to_date('13-MAY-13','DD-MON-RR'),'Y','UNREAD','253');
Insert into OA.NOTIFICATIONS (ID,CATEGORY,PRIORITY,TITLE,CONTENT,EVENT_DATE,IS_SMS_SENT,STATE,TO_USER_ID) values ('841','DEFAULT',0,'您为会议主题：校本培训优秀课程评审 所做的会议室申请已提交审核。 ',' 提交时间：2013-05-13 12:00:21',to_date('13-MAY-13','DD-MON-RR'),'Y','UNREAD','235');
Insert into OA.NOTIFICATIONS (ID,CATEGORY,PRIORITY,TITLE,CONTENT,EVENT_DATE,IS_SMS_SENT,STATE,TO_USER_ID) values ('842','DEFAULT',0,'有新的会议室申请等待您的审核。',' 会议主题：校本培训优秀课程评审 申请人： 黄金丽',to_date('13-MAY-13','DD-MON-RR'),'Y','READ','282');
Insert into OA.NOTIFICATIONS (ID,CATEGORY,PRIORITY,TITLE,CONTENT,EVENT_DATE,IS_SMS_SENT,STATE,TO_USER_ID) values ('879','DEFAULT',0,'您为会议主题：中心组学习和行政会议 所做的会议室申请已通过审核。 ',' 审核时间：2013-05-14 08:31:56',to_date('14-MAY-13','DD-MON-RR'),'Y','UNREAD','279');
Insert into OA.NOTIFICATIONS (ID,CATEGORY,PRIORITY,TITLE,CONTENT,EVENT_DATE,IS_SMS_SENT,STATE,TO_USER_ID) values ('914','DEFAULT',0,'您为会议主题：小班教材修订项目组会议 所做的会议室申请已提交审核。 ',' 提交时间：2013-05-15 01:15:33',to_date('15-MAY-13','DD-MON-RR'),'Y','UNREAD','265');
Insert into OA.NOTIFICATIONS (ID,CATEGORY,PRIORITY,TITLE,CONTENT,EVENT_DATE,IS_SMS_SENT,STATE,TO_USER_ID) values ('915','DEFAULT',0,'有新的会议室申请等待您的审核。',' 会议主题：小班教材修订项目组会议 申请人： 林建华',to_date('15-MAY-13','DD-MON-RR'),'Y','READ','282');
Insert into OA.NOTIFICATIONS (ID,CATEGORY,PRIORITY,TITLE,CONTENT,EVENT_DATE,IS_SMS_SENT,STATE,TO_USER_ID) values ('923','DEFAULT',0,'有新的采购订单等待审核。','订单号：CG-100065，预算总金额：11500.00',to_date('16-MAY-13','DD-MON-RR'),'Y','READ','291');
Insert into OA.NOTIFICATIONS (ID,CATEGORY,PRIORITY,TITLE,CONTENT,EVENT_DATE,IS_SMS_SENT,STATE,TO_USER_ID) values ('924','DEFAULT',0,'您的采购订单已完成部门审核,等待采购审核中。','订单号： CG-100065',to_date('16-MAY-13','DD-MON-RR'),'Y','READ','304');
Insert into OA.NOTIFICATIONS (ID,CATEGORY,PRIORITY,TITLE,CONTENT,EVENT_DATE,IS_SMS_SENT,STATE,TO_USER_ID) values ('942','DEFAULT',0,'有新的采购订单等待审批。','订单号：CG-100065，总金额：11500.00',to_date('16-MAY-13','DD-MON-RR'),'Y','UNREAD','152');
Insert into OA.NOTIFICATIONS (ID,CATEGORY,PRIORITY,TITLE,CONTENT,EVENT_DATE,IS_SMS_SENT,STATE,TO_USER_ID) values ('943','DEFAULT',0,'您为会议主题：科研室教育公平课题讨论 所做的会议室申请已提交审核。 ',' 提交时间：2013-05-16 01:43:29',to_date('16-MAY-13','DD-MON-RR'),'Y','UNREAD','223');
Insert into OA.NOTIFICATIONS (ID,CATEGORY,PRIORITY,TITLE,CONTENT,EVENT_DATE,IS_SMS_SENT,STATE,TO_USER_ID) values ('944','DEFAULT',0,'有新的会议室申请等待您的审核。',' 会议主题：科研室教育公平课题讨论 申请人： 周冰洁',to_date('16-MAY-13','DD-MON-RR'),'Y','READ','282');
Insert into OA.NOTIFICATIONS (ID,CATEGORY,PRIORITY,TITLE,CONTENT,EVENT_DATE,IS_SMS_SENT,STATE,TO_USER_ID) values ('963','DEFAULT',0,'您的车辆预订：走访学校 已调度完成。 ',' 完成时间：2013-05-16 04:46:18 使用的车辆为：沪FA1015',to_date('16-MAY-13','DD-MON-RR'),'Y','UNREAD','152');
Insert into OA.NOTIFICATIONS (ID,CATEGORY,PRIORITY,TITLE,CONTENT,EVENT_DATE,IS_SMS_SENT,STATE,TO_USER_ID) values ('1009','DEFAULT',0,'您的车辆预订：开会 已调度完成。 ',' 完成时间：2013-05-20 02:06:34 使用的车辆为：沪FA1015',to_date('20-MAY-13','DD-MON-RR'),'Y','UNREAD','152');
Insert into OA.NOTIFICATIONS (ID,CATEGORY,PRIORITY,TITLE,CONTENT,EVENT_DATE,IS_SMS_SENT,STATE,TO_USER_ID) values ('1010','DEFAULT',0,'您为会议主题：市中小学德育研究课题中期检查总结会 所做的会议室申请已提交审核。 ',' 提交时间：2013-05-20 02:08:05',to_date('20-MAY-13','DD-MON-RR'),'Y','UNREAD','229');
Insert into OA.NOTIFICATIONS (ID,CATEGORY,PRIORITY,TITLE,CONTENT,EVENT_DATE,IS_SMS_SENT,STATE,TO_USER_ID) values ('1011','DEFAULT',0,'有新的会议室申请等待您的审核。',' 会议主题：市中小学德育研究课题中期检查总结会 申请人： 冯秋萌',to_date('20-MAY-13','DD-MON-RR'),'Y','READ','282');
Insert into OA.NOTIFICATIONS (ID,CATEGORY,PRIORITY,TITLE,CONTENT,EVENT_DATE,IS_SMS_SENT,STATE,TO_USER_ID) values ('1040','DEFAULT',0,'有新的采购订单等待部门审核。','订单号：CG-100081，预算总金额：400.00',to_date('22-MAY-13','DD-MON-RR'),'Y','UNREAD','153');
Insert into OA.NOTIFICATIONS (ID,CATEGORY,PRIORITY,TITLE,CONTENT,EVENT_DATE,IS_SMS_SENT,STATE,TO_USER_ID) values ('1058','DEFAULT',0,'您为会议主题：英语名师工作室会议 所做的会议室申请已通过审核。 ',' 审核时间：2013-05-23 03:18:26',to_date('23-MAY-13','DD-MON-RR'),'Y','UNREAD','173');
Insert into OA.NOTIFICATIONS (ID,CATEGORY,PRIORITY,TITLE,CONTENT,EVENT_DATE,IS_SMS_SENT,STATE,TO_USER_ID) values ('1090','DEFAULT',0,'您为会议主题：工会组长会议 所做的会议室申请已提交审核。 ',' 提交时间：2013-05-27 02:49:56',to_date('27-MAY-13','DD-MON-RR'),'Y','UNREAD','312');
Insert into OA.NOTIFICATIONS (ID,CATEGORY,PRIORITY,TITLE,CONTENT,EVENT_DATE,IS_SMS_SENT,STATE,TO_USER_ID) values ('700','DEFAULT',0,'您为事由：开会 所做的用车申请已完成调度。 ','完成调度时间：2013-05-07 01:57:13 使用的车辆为：沪BD8037',to_date('07-MAY-13','DD-MON-RR'),'Y','READ','156');
Insert into OA.NOTIFICATIONS (ID,CATEGORY,PRIORITY,TITLE,CONTENT,EVENT_DATE,IS_SMS_SENT,STATE,TO_USER_ID) values ('701','DEFAULT',0,'您为会议主题：规范化培训基地分管校长工作会议 所做的会议室申请已通过审核。 ',' 审核时间：2013-05-07 03:28:45',to_date('07-MAY-13','DD-MON-RR'),'Y','UNREAD','235');
Insert into OA.NOTIFICATIONS (ID,CATEGORY,PRIORITY,TITLE,CONTENT,EVENT_DATE,IS_SMS_SENT,STATE,TO_USER_ID) values ('716','DEFAULT',0,'您为会议主题：院首届教代会秘书处会议 所做的会议室申请已取消。 ',' 取消时间：2013-05-08 11:46:42',to_date('08-MAY-13','DD-MON-RR'),'Y','UNREAD','154');
Insert into OA.NOTIFICATIONS (ID,CATEGORY,PRIORITY,TITLE,CONTENT,EVENT_DATE,IS_SMS_SENT,STATE,TO_USER_ID) values ('726','DEFAULT',0,'有新的采购订单等待采购。','订单号： CG-100027',to_date('08-MAY-13','DD-MON-RR'),'Y','READ','302');
Insert into OA.NOTIFICATIONS (ID,CATEGORY,PRIORITY,TITLE,CONTENT,EVENT_DATE,IS_SMS_SENT,STATE,TO_USER_ID) values ('727','DEFAULT',0,'有新的采购订单等待采购。','订单号： CG-100027',to_date('08-MAY-13','DD-MON-RR'),'Y','UNREAD','300');
Insert into OA.NOTIFICATIONS (ID,CATEGORY,PRIORITY,TITLE,CONTENT,EVENT_DATE,IS_SMS_SENT,STATE,TO_USER_ID) values ('728','DEFAULT',0,'有新的采购订单等待收货。','订单号： CG-100027',to_date('08-MAY-13','DD-MON-RR'),'Y','UNREAD','305');
Insert into OA.NOTIFICATIONS (ID,CATEGORY,PRIORITY,TITLE,CONTENT,EVENT_DATE,IS_SMS_SENT,STATE,TO_USER_ID) values ('729','DEFAULT',0,'有新的采购订单等待收货。','订单号： CG-100027',to_date('08-MAY-13','DD-MON-RR'),'Y','READ','304');
Insert into OA.NOTIFICATIONS (ID,CATEGORY,PRIORITY,TITLE,CONTENT,EVENT_DATE,IS_SMS_SENT,STATE,TO_USER_ID) values ('730','DEFAULT',0,'您的采购订单已审批。','订单号： CG-100027',to_date('08-MAY-13','DD-MON-RR'),'Y','READ','273');
Insert into OA.NOTIFICATIONS (ID,CATEGORY,PRIORITY,TITLE,CONTENT,EVENT_DATE,IS_SMS_SENT,STATE,TO_USER_ID) values ('738','DEFAULT',0,'有新的采购订单等待采购。','订单号： CG-100041',to_date('08-MAY-13','DD-MON-RR'),'Y','UNREAD','302');
Insert into OA.NOTIFICATIONS (ID,CATEGORY,PRIORITY,TITLE,CONTENT,EVENT_DATE,IS_SMS_SENT,STATE,TO_USER_ID) values ('739','DEFAULT',0,'有新的采购订单等待采购。','订单号： CG-100041',to_date('08-MAY-13','DD-MON-RR'),'Y','UNREAD','300');
Insert into OA.NOTIFICATIONS (ID,CATEGORY,PRIORITY,TITLE,CONTENT,EVENT_DATE,IS_SMS_SENT,STATE,TO_USER_ID) values ('740','DEFAULT',0,'有新的采购订单等待收货。','订单号： CG-100041',to_date('08-MAY-13','DD-MON-RR'),'Y','UNREAD','305');
Insert into OA.NOTIFICATIONS (ID,CATEGORY,PRIORITY,TITLE,CONTENT,EVENT_DATE,IS_SMS_SENT,STATE,TO_USER_ID) values ('741','DEFAULT',0,'有新的采购订单等待收货。','订单号： CG-100041',to_date('08-MAY-13','DD-MON-RR'),'Y','READ','304');
Insert into OA.NOTIFICATIONS (ID,CATEGORY,PRIORITY,TITLE,CONTENT,EVENT_DATE,IS_SMS_SENT,STATE,TO_USER_ID) values ('742','DEFAULT',0,'您的采购订单已审批。','订单号： CG-100041',to_date('08-MAY-13','DD-MON-RR'),'Y','UNREAD','279');
Insert into OA.NOTIFICATIONS (ID,CATEGORY,PRIORITY,TITLE,CONTENT,EVENT_DATE,IS_SMS_SENT,STATE,TO_USER_ID) values ('763','DEFAULT',0,'您的采购订单被拒绝,请取消或者重新提交订单。','订单号： CG-100061',to_date('09-MAY-13','DD-MON-RR'),'Y','UNREAD','266');
Insert into OA.NOTIFICATIONS (ID,CATEGORY,PRIORITY,TITLE,CONTENT,EVENT_DATE,IS_SMS_SENT,STATE,TO_USER_ID) values ('786','DEFAULT',0,'有新的采购订单等待审核。','订单号：CG-100064，预算总金额：300.00',to_date('10-MAY-13','DD-MON-RR'),'Y','UNREAD','291');
Insert into OA.NOTIFICATIONS (ID,CATEGORY,PRIORITY,TITLE,CONTENT,EVENT_DATE,IS_SMS_SENT,STATE,TO_USER_ID) values ('787','DEFAULT',0,'您的采购订单已完成部门审核,等待采购审核中。','订单号： CG-100064',to_date('10-MAY-13','DD-MON-RR'),'Y','UNREAD','270');
Insert into OA.NOTIFICATIONS (ID,CATEGORY,PRIORITY,TITLE,CONTENT,EVENT_DATE,IS_SMS_SENT,STATE,TO_USER_ID) values ('836','DEFAULT',0,'您为会议主题：校本培训先进学校初评 所做的会议室申请已提交审核。 ',' 提交时间：2013-05-13 11:11:50',to_date('13-MAY-13','DD-MON-RR'),'Y','UNREAD','235');
Insert into OA.NOTIFICATIONS (ID,CATEGORY,PRIORITY,TITLE,CONTENT,EVENT_DATE,IS_SMS_SENT,STATE,TO_USER_ID) values ('837','DEFAULT',0,'有新的会议室申请等待您的审核。',' 会议主题：校本培训先进学校初评 申请人： 黄金丽',to_date('13-MAY-13','DD-MON-RR'),'Y','READ','282');
Insert into OA.NOTIFICATIONS (ID,CATEGORY,PRIORITY,TITLE,CONTENT,EVENT_DATE,IS_SMS_SENT,STATE,TO_USER_ID) values ('880','DEFAULT',0,'您的车辆预订：购水果 已调度完成。 ',' 完成时间：2013-05-14 09:11:09 使用的车辆为：沪BS9058',to_date('14-MAY-13','DD-MON-RR'),'Y','UNREAD','291');
Insert into OA.NOTIFICATIONS (ID,CATEGORY,PRIORITY,TITLE,CONTENT,EVENT_DATE,IS_SMS_SENT,STATE,TO_USER_ID) values ('881','DEFAULT',0,'您的车辆预订：购水果 已调度完成。 ',' 完成时间：2013-05-14 09:11:09 使用的车辆为：沪BS9058',to_date('14-MAY-13','DD-MON-RR'),'Y','UNREAD','291');
Insert into OA.NOTIFICATIONS (ID,CATEGORY,PRIORITY,TITLE,CONTENT,EVENT_DATE,IS_SMS_SENT,STATE,TO_USER_ID) values ('882','DEFAULT',0,'您的车辆预订：购水果 已调度完成。 ',' 完成时间：2013-05-14 09:25:46 使用的车辆为：沪BS9058',to_date('14-MAY-13','DD-MON-RR'),'Y','UNREAD','291');
Insert into OA.NOTIFICATIONS (ID,CATEGORY,PRIORITY,TITLE,CONTENT,EVENT_DATE,IS_SMS_SENT,STATE,TO_USER_ID) values ('883','DEFAULT',0,'您的车辆预订：购水果 已调度完成。 ',' 完成时间：2013-05-14 09:25:46 使用的车辆为：沪BS9058',to_date('14-MAY-13','DD-MON-RR'),'Y','UNREAD','291');
Insert into OA.NOTIFICATIONS (ID,CATEGORY,PRIORITY,TITLE,CONTENT,EVENT_DATE,IS_SMS_SENT,STATE,TO_USER_ID) values ('884','DEFAULT',0,'您的车辆预订：送材料 已调度完成。 ',' 完成时间：2013-05-14 09:49:08 使用的车辆为：沪BD8037',to_date('14-MAY-13','DD-MON-RR'),'Y','UNREAD','287');
Insert into OA.NOTIFICATIONS (ID,CATEGORY,PRIORITY,TITLE,CONTENT,EVENT_DATE,IS_SMS_SENT,STATE,TO_USER_ID) values ('885','DEFAULT',0,'您的车辆预订：送材料 已调度完成。 ',' 完成时间：2013-05-14 09:49:08 使用的车辆为：沪BD8037',to_date('14-MAY-13','DD-MON-RR'),'Y','UNREAD','287');
Insert into OA.NOTIFICATIONS (ID,CATEGORY,PRIORITY,TITLE,CONTENT,EVENT_DATE,IS_SMS_SENT,STATE,TO_USER_ID) values ('899','DEFAULT',0,'您的车辆预订：走访学校 已调度完成。 ',' 完成时间：2013-05-14 06:28:22 使用的车辆为：沪FA1015',to_date('14-MAY-13','DD-MON-RR'),'Y','UNREAD','152');
Insert into OA.NOTIFICATIONS (ID,CATEGORY,PRIORITY,TITLE,CONTENT,EVENT_DATE,IS_SMS_SENT,STATE,TO_USER_ID) values ('911','DEFAULT',0,'您为会议主题：导航研究 所做的会议室申请已取消。 ',' 取消时间：2013-05-15 12:12:05',to_date('15-MAY-13','DD-MON-RR'),'Y','UNREAD','202');
Insert into OA.NOTIFICATIONS (ID,CATEGORY,PRIORITY,TITLE,CONTENT,EVENT_DATE,IS_SMS_SENT,STATE,TO_USER_ID) values ('912','DEFAULT',0,'您为会议主题：j教材编制研究 所做的会议室申请已提交审核。 ',' 提交时间：2013-05-15 12:15:49',to_date('15-MAY-13','DD-MON-RR'),'Y','UNREAD','202');
Insert into OA.NOTIFICATIONS (ID,CATEGORY,PRIORITY,TITLE,CONTENT,EVENT_DATE,IS_SMS_SENT,STATE,TO_USER_ID) values ('913','DEFAULT',0,'有新的会议室申请等待您的审核。',' 会议主题：j教材编制研究 申请人： 王愉敏',to_date('15-MAY-13','DD-MON-RR'),'Y','READ','282');
Insert into OA.NOTIFICATIONS (ID,CATEGORY,PRIORITY,TITLE,CONTENT,EVENT_DATE,IS_SMS_SENT,STATE,TO_USER_ID) values ('916','DEFAULT',0,'您为会议主题：保健教师会议 所做的会议室申请已通过审核。 ',' 审核时间：2013-05-15 01:47:02',to_date('15-MAY-13','DD-MON-RR'),'Y','UNREAD','194');
Insert into OA.NOTIFICATIONS (ID,CATEGORY,PRIORITY,TITLE,CONTENT,EVENT_DATE,IS_SMS_SENT,STATE,TO_USER_ID) values ('925','DEFAULT',0,'有新的采购订单等待审批。','订单号：CG-100065',to_date('16-MAY-13','DD-MON-RR'),'Y','READ','155');
Insert into OA.NOTIFICATIONS (ID,CATEGORY,PRIORITY,TITLE,CONTENT,EVENT_DATE,IS_SMS_SENT,STATE,TO_USER_ID) values ('926','DEFAULT',0,'您的采购订单已完成审核,等待审批中。','订单号：CG-100065，审核总金额：11500.0',to_date('16-MAY-13','DD-MON-RR'),'Y','READ','304');
Insert into OA.NOTIFICATIONS (ID,CATEGORY,PRIORITY,TITLE,CONTENT,EVENT_DATE,IS_SMS_SENT,STATE,TO_USER_ID) values ('931','DEFAULT',0,'您为会议主题：人事干部培训 所做的会议室申请已提交审核。 ',' 提交时间：2013-05-16 10:50:06',to_date('16-MAY-13','DD-MON-RR'),'Y','UNREAD','254');
Insert into OA.NOTIFICATIONS (ID,CATEGORY,PRIORITY,TITLE,CONTENT,EVENT_DATE,IS_SMS_SENT,STATE,TO_USER_ID) values ('932','DEFAULT',0,'有新的会议室申请等待您的审核。',' 会议主题：人事干部培训 申请人： 郑渝萍',to_date('16-MAY-13','DD-MON-RR'),'Y','READ','282');
Insert into OA.NOTIFICATIONS (ID,CATEGORY,PRIORITY,TITLE,CONTENT,EVENT_DATE,IS_SMS_SENT,STATE,TO_USER_ID) values ('933','DEFAULT',0,'您为会议主题：书记培训 所做的会议室申请已提交审核。 ',' 提交时间：2013-05-16 10:51:43',to_date('16-MAY-13','DD-MON-RR'),'Y','UNREAD','254');
Insert into OA.NOTIFICATIONS (ID,CATEGORY,PRIORITY,TITLE,CONTENT,EVENT_DATE,IS_SMS_SENT,STATE,TO_USER_ID) values ('934','DEFAULT',0,'有新的会议室申请等待您的审核。',' 会议主题：书记培训 申请人： 郑渝萍',to_date('16-MAY-13','DD-MON-RR'),'Y','READ','282');
Insert into OA.NOTIFICATIONS (ID,CATEGORY,PRIORITY,TITLE,CONTENT,EVENT_DATE,IS_SMS_SENT,STATE,TO_USER_ID) values ('935','DEFAULT',0,'您为会议主题：校级干部心理咨询师培训 所做的会议室申请已提交审核。 ',' 提交时间：2013-05-16 10:52:47',to_date('16-MAY-13','DD-MON-RR'),'Y','UNREAD','254');
Insert into OA.NOTIFICATIONS (ID,CATEGORY,PRIORITY,TITLE,CONTENT,EVENT_DATE,IS_SMS_SENT,STATE,TO_USER_ID) values ('936','DEFAULT',0,'有新的会议室申请等待您的审核。',' 会议主题：校级干部心理咨询师培训 申请人： 郑渝萍',to_date('16-MAY-13','DD-MON-RR'),'Y','READ','282');
Insert into OA.NOTIFICATIONS (ID,CATEGORY,PRIORITY,TITLE,CONTENT,EVENT_DATE,IS_SMS_SENT,STATE,TO_USER_ID) values ('946','DEFAULT',0,'您为会议主题：科研室教育公平课题讨论 所做的会议室申请已通过审核。 ',' 审核时间：2013-05-16 01:54:10',to_date('16-MAY-13','DD-MON-RR'),'Y','UNREAD','223');
Insert into OA.NOTIFICATIONS (ID,CATEGORY,PRIORITY,TITLE,CONTENT,EVENT_DATE,IS_SMS_SENT,STATE,TO_USER_ID) values ('948','DEFAULT',0,'有新的采购订单等待采购。','订单号： CG-100065',to_date('16-MAY-13','DD-MON-RR'),'Y','UNREAD','302');
Insert into OA.NOTIFICATIONS (ID,CATEGORY,PRIORITY,TITLE,CONTENT,EVENT_DATE,IS_SMS_SENT,STATE,TO_USER_ID) values ('949','DEFAULT',0,'有新的采购订单等待采购。','订单号： CG-100065',to_date('16-MAY-13','DD-MON-RR'),'Y','UNREAD','300');
Insert into OA.NOTIFICATIONS (ID,CATEGORY,PRIORITY,TITLE,CONTENT,EVENT_DATE,IS_SMS_SENT,STATE,TO_USER_ID) values ('950','DEFAULT',0,'有新的采购订单等待收货。','订单号： CG-100065',to_date('16-MAY-13','DD-MON-RR'),'Y','UNREAD','305');
Insert into OA.NOTIFICATIONS (ID,CATEGORY,PRIORITY,TITLE,CONTENT,EVENT_DATE,IS_SMS_SENT,STATE,TO_USER_ID) values ('951','DEFAULT',0,'有新的采购订单等待收货。','订单号： CG-100065',to_date('16-MAY-13','DD-MON-RR'),'Y','UNREAD','304');
Insert into OA.NOTIFICATIONS (ID,CATEGORY,PRIORITY,TITLE,CONTENT,EVENT_DATE,IS_SMS_SENT,STATE,TO_USER_ID) values ('952','DEFAULT',0,'您的采购订单已审批。','订单号： CG-100065',to_date('16-MAY-13','DD-MON-RR'),'Y','READ','304');
Insert into OA.NOTIFICATIONS (ID,CATEGORY,PRIORITY,TITLE,CONTENT,EVENT_DATE,IS_SMS_SENT,STATE,TO_USER_ID) values ('962','DEFAULT',0,'有新的报修请求等待分派，报修单号：BX-100042',' 报修原因：总务 详细地址：自忠路455号1号楼302教室 提交时间：2013-05-16 04:23:09',to_date('16-MAY-13','DD-MON-RR'),'Y','READ','291');
Insert into OA.NOTIFICATIONS (ID,CATEGORY,PRIORITY,TITLE,CONTENT,EVENT_DATE,IS_SMS_SENT,STATE,TO_USER_ID) values ('964','DEFAULT',0,'您为会议主题：高中生命科学名师工作室活动 所做的会议室申请已取消。 ',' 取消时间：2013-05-17 08:54:45',to_date('17-MAY-13','DD-MON-RR'),'Y','UNREAD','181');
Insert into OA.NOTIFICATIONS (ID,CATEGORY,PRIORITY,TITLE,CONTENT,EVENT_DATE,IS_SMS_SENT,STATE,TO_USER_ID) values ('1026','DEFAULT',0,'您为会议主题：教育局新教师面试  所做的会议室申请已通过审核。 ',' 审核时间：2013-05-21 10:05:58',to_date('21-MAY-13','DD-MON-RR'),'Y','UNREAD','287');
Insert into OA.NOTIFICATIONS (ID,CATEGORY,PRIORITY,TITLE,CONTENT,EVENT_DATE,IS_SMS_SENT,STATE,TO_USER_ID) values ('1027','DEFAULT',0,'您为会议主题：教育局新教师面试 所做的会议室申请已通过审核。 ',' 审核时间：2013-05-21 10:06:03',to_date('21-MAY-13','DD-MON-RR'),'Y','UNREAD','287');
Insert into OA.NOTIFICATIONS (ID,CATEGORY,PRIORITY,TITLE,CONTENT,EVENT_DATE,IS_SMS_SENT,STATE,TO_USER_ID) values ('1028','DEFAULT',0,'您为会议主题：教育局新教师面试 所做的会议室申请已通过审核。 ',' 审核时间：2013-05-21 10:06:08',to_date('21-MAY-13','DD-MON-RR'),'Y','UNREAD','287');
Insert into OA.NOTIFICATIONS (ID,CATEGORY,PRIORITY,TITLE,CONTENT,EVENT_DATE,IS_SMS_SENT,STATE,TO_USER_ID) values ('1029','DEFAULT',0,'您为会议主题：教育局新教师面试 所做的会议室申请已通过审核。 ',' 审核时间：2013-05-21 10:06:13',to_date('21-MAY-13','DD-MON-RR'),'Y','UNREAD','287');
Insert into OA.NOTIFICATIONS (ID,CATEGORY,PRIORITY,TITLE,CONTENT,EVENT_DATE,IS_SMS_SENT,STATE,TO_USER_ID) values ('1039','DEFAULT',0,'您为会议主题：基础教育改革经验分享 所做的会议室申请已通过审核。 ',' 审核时间：2013-05-22 11:16:03',to_date('22-MAY-13','DD-MON-RR'),'Y','UNREAD','256');
Insert into OA.NOTIFICATIONS (ID,CATEGORY,PRIORITY,TITLE,CONTENT,EVENT_DATE,IS_SMS_SENT,STATE,TO_USER_ID) values ('1041','DEFAULT',0,'您为会议主题：总务主任培训 所做的会议室申请已提交审核。 ',' 提交时间：2013-05-22 03:24:43',to_date('22-MAY-13','DD-MON-RR'),'Y','UNREAD','254');
Insert into OA.NOTIFICATIONS (ID,CATEGORY,PRIORITY,TITLE,CONTENT,EVENT_DATE,IS_SMS_SENT,STATE,TO_USER_ID) values ('736','DEFAULT',0,'您为会议主题：综评项目会议 所做的会议室申请已提交审核。 ',' 提交时间：2013-05-08 03:59:02',to_date('08-MAY-13','DD-MON-RR'),'Y','UNREAD','222');
Insert into OA.NOTIFICATIONS (ID,CATEGORY,PRIORITY,TITLE,CONTENT,EVENT_DATE,IS_SMS_SENT,STATE,TO_USER_ID) values ('737','DEFAULT',0,'有新的会议室申请等待您的审核。',' 会议主题：综评项目会议 申请人： 唐军',to_date('08-MAY-13','DD-MON-RR'),'Y','READ','282');
Insert into OA.NOTIFICATIONS (ID,CATEGORY,PRIORITY,TITLE,CONTENT,EVENT_DATE,IS_SMS_SENT,STATE,TO_USER_ID) values ('748','DEFAULT',0,'有新的采购订单等待采购。','订单号： CG-100021',to_date('08-MAY-13','DD-MON-RR'),'Y','UNREAD','302');
Insert into OA.NOTIFICATIONS (ID,CATEGORY,PRIORITY,TITLE,CONTENT,EVENT_DATE,IS_SMS_SENT,STATE,TO_USER_ID) values ('749','DEFAULT',0,'有新的采购订单等待采购。','订单号： CG-100021',to_date('08-MAY-13','DD-MON-RR'),'Y','UNREAD','300');
Insert into OA.NOTIFICATIONS (ID,CATEGORY,PRIORITY,TITLE,CONTENT,EVENT_DATE,IS_SMS_SENT,STATE,TO_USER_ID) values ('750','DEFAULT',0,'有新的采购订单等待收货。','订单号： CG-100021',to_date('08-MAY-13','DD-MON-RR'),'Y','UNREAD','305');
Insert into OA.NOTIFICATIONS (ID,CATEGORY,PRIORITY,TITLE,CONTENT,EVENT_DATE,IS_SMS_SENT,STATE,TO_USER_ID) values ('751','DEFAULT',0,'有新的采购订单等待收货。','订单号： CG-100021',to_date('08-MAY-13','DD-MON-RR'),'Y','READ','304');
Insert into OA.NOTIFICATIONS (ID,CATEGORY,PRIORITY,TITLE,CONTENT,EVENT_DATE,IS_SMS_SENT,STATE,TO_USER_ID) values ('752','DEFAULT',0,'您的采购订单已审批。','订单号： CG-100021',to_date('08-MAY-13','DD-MON-RR'),'Y','UNREAD','279');
Insert into OA.NOTIFICATIONS (ID,CATEGORY,PRIORITY,TITLE,CONTENT,EVENT_DATE,IS_SMS_SENT,STATE,TO_USER_ID) values ('753','DEFAULT',0,'您为会议主题：教心基地 所做的会议室申请已提交审核。 ',' 提交时间：2013-05-08 04:01:11',to_date('08-MAY-13','DD-MON-RR'),'Y','UNREAD','222');
Insert into OA.NOTIFICATIONS (ID,CATEGORY,PRIORITY,TITLE,CONTENT,EVENT_DATE,IS_SMS_SENT,STATE,TO_USER_ID) values ('754','DEFAULT',0,'有新的会议室申请等待您的审核。',' 会议主题：教心基地 申请人： 唐军',to_date('08-MAY-13','DD-MON-RR'),'Y','READ','282');
Insert into OA.NOTIFICATIONS (ID,CATEGORY,PRIORITY,TITLE,CONTENT,EVENT_DATE,IS_SMS_SENT,STATE,TO_USER_ID) values ('755','DEFAULT',0,'您为会议主题：教心基地 所做的会议室申请已通过审核。 ',' 审核时间：2013-05-08 04:15:20',to_date('08-MAY-13','DD-MON-RR'),'Y','UNREAD','222');
Insert into OA.NOTIFICATIONS (ID,CATEGORY,PRIORITY,TITLE,CONTENT,EVENT_DATE,IS_SMS_SENT,STATE,TO_USER_ID) values ('756','DEFAULT',0,'您为会议主题：综评项目会议 所做的会议室申请已通过审核。 ',' 审核时间：2013-05-08 04:16:25',to_date('08-MAY-13','DD-MON-RR'),'Y','UNREAD','222');
Insert into OA.NOTIFICATIONS (ID,CATEGORY,PRIORITY,TITLE,CONTENT,EVENT_DATE,IS_SMS_SENT,STATE,TO_USER_ID) values ('757','DEFAULT',0,'有新的采购订单等待部门审核。','订单号：CG-100061，预算总金额：0.00',to_date('09-MAY-13','DD-MON-RR'),'Y','READ','155');
Insert into OA.NOTIFICATIONS (ID,CATEGORY,PRIORITY,TITLE,CONTENT,EVENT_DATE,IS_SMS_SENT,STATE,TO_USER_ID) values ('774','DEFAULT',0,'您为事由：开会 所做的用车申请已完成调度。 ','完成调度时间：2013-05-09 03:56:25 使用的车辆为：沪BD8037',to_date('09-MAY-13','DD-MON-RR'),'Y','UNREAD','156');
Insert into OA.NOTIFICATIONS (ID,CATEGORY,PRIORITY,TITLE,CONTENT,EVENT_DATE,IS_SMS_SENT,STATE,TO_USER_ID) values ('779','DEFAULT',0,'您为会议主题：校级干部心理咨询师培训 所做的会议室申请已通过审核。 ',' 审核时间：2013-05-09 04:12:34',to_date('09-MAY-13','DD-MON-RR'),'Y','UNREAD','254');
Insert into OA.NOTIFICATIONS (ID,CATEGORY,PRIORITY,TITLE,CONTENT,EVENT_DATE,IS_SMS_SENT,STATE,TO_USER_ID) values ('780','DEFAULT',0,'您为会议主题：校级干部心理咨询师培训 所做的会议室申请已通过审核。 ',' 审核时间：2013-05-09 04:13:39',to_date('09-MAY-13','DD-MON-RR'),'Y','UNREAD','254');
Insert into OA.NOTIFICATIONS (ID,CATEGORY,PRIORITY,TITLE,CONTENT,EVENT_DATE,IS_SMS_SENT,STATE,TO_USER_ID) values ('784','DEFAULT',0,'有新的采购订单等待部门审核。','订单号：CG-100064，预算总金额：300.00',to_date('10-MAY-13','DD-MON-RR'),'Y','READ','155');
Insert into OA.NOTIFICATIONS (ID,CATEGORY,PRIORITY,TITLE,CONTENT,EVENT_DATE,IS_SMS_SENT,STATE,TO_USER_ID) values ('785','DEFAULT',0,'您为会议主题：名师工作交流 所做的会议室申请已通过审核。 ',' 审核时间：2013-05-10 01:16:29',to_date('10-MAY-13','DD-MON-RR'),'Y','UNREAD','262');
Insert into OA.NOTIFICATIONS (ID,CATEGORY,PRIORITY,TITLE,CONTENT,EVENT_DATE,IS_SMS_SENT,STATE,TO_USER_ID) values ('793','DEFAULT',0,'您为事由：萌芽杯 所做的用车申请已提交并等待调度！ ',' 提交时间：2013-05-10 04:09:58',to_date('10-MAY-13','DD-MON-RR'),'Y','UNREAD','235');
Insert into OA.NOTIFICATIONS (ID,CATEGORY,PRIORITY,TITLE,CONTENT,EVENT_DATE,IS_SMS_SENT,STATE,TO_USER_ID) values ('794','DEFAULT',0,'有新的用车申请等待您的调度！ ',' 事由：萌芽杯 申请人： 黄金丽',to_date('10-MAY-13','DD-MON-RR'),'Y','UNREAD','316');
Insert into OA.NOTIFICATIONS (ID,CATEGORY,PRIORITY,TITLE,CONTENT,EVENT_DATE,IS_SMS_SENT,STATE,TO_USER_ID) values ('795','DEFAULT',0,'有新的用车申请等待您的调度！ ',' 事由：萌芽杯 申请人： 黄金丽',to_date('10-MAY-13','DD-MON-RR'),'Y','UNREAD','291');
Insert into OA.NOTIFICATIONS (ID,CATEGORY,PRIORITY,TITLE,CONTENT,EVENT_DATE,IS_SMS_SENT,STATE,TO_USER_ID) values ('796','DEFAULT',0,'您为事由：萌芽杯 所做的用车申请已提交并等待调度！ ',' 提交时间：2013-05-10 04:12:29',to_date('10-MAY-13','DD-MON-RR'),'Y','UNREAD','235');
Insert into OA.NOTIFICATIONS (ID,CATEGORY,PRIORITY,TITLE,CONTENT,EVENT_DATE,IS_SMS_SENT,STATE,TO_USER_ID) values ('797','DEFAULT',0,'有新的用车申请等待您的调度！ ',' 事由：萌芽杯 申请人： 黄金丽',to_date('10-MAY-13','DD-MON-RR'),'Y','UNREAD','316');
Insert into OA.NOTIFICATIONS (ID,CATEGORY,PRIORITY,TITLE,CONTENT,EVENT_DATE,IS_SMS_SENT,STATE,TO_USER_ID) values ('798','DEFAULT',0,'有新的用车申请等待您的调度！ ',' 事由：萌芽杯 申请人： 黄金丽',to_date('10-MAY-13','DD-MON-RR'),'Y','UNREAD','291');
Insert into OA.NOTIFICATIONS (ID,CATEGORY,PRIORITY,TITLE,CONTENT,EVENT_DATE,IS_SMS_SENT,STATE,TO_USER_ID) values ('799','DEFAULT',0,'您为事由：萌芽杯 所做的用车申请已提交并等待调度！ ',' 提交时间：2013-05-10 04:14:24',to_date('10-MAY-13','DD-MON-RR'),'Y','UNREAD','235');
Insert into OA.NOTIFICATIONS (ID,CATEGORY,PRIORITY,TITLE,CONTENT,EVENT_DATE,IS_SMS_SENT,STATE,TO_USER_ID) values ('800','DEFAULT',0,'有新的用车申请等待您的调度！ ',' 事由：萌芽杯 申请人： 黄金丽',to_date('10-MAY-13','DD-MON-RR'),'Y','UNREAD','316');
Insert into OA.NOTIFICATIONS (ID,CATEGORY,PRIORITY,TITLE,CONTENT,EVENT_DATE,IS_SMS_SENT,STATE,TO_USER_ID) values ('801','DEFAULT',0,'有新的用车申请等待您的调度！ ',' 事由：萌芽杯 申请人： 黄金丽',to_date('10-MAY-13','DD-MON-RR'),'Y','UNREAD','291');
Insert into OA.NOTIFICATIONS (ID,CATEGORY,PRIORITY,TITLE,CONTENT,EVENT_DATE,IS_SMS_SENT,STATE,TO_USER_ID) values ('802','DEFAULT',0,'您为事由：萌芽杯 所做的用车申请已提交并等待调度！ ',' 提交时间：2013-05-10 04:16:38',to_date('10-MAY-13','DD-MON-RR'),'Y','UNREAD','235');
Insert into OA.NOTIFICATIONS (ID,CATEGORY,PRIORITY,TITLE,CONTENT,EVENT_DATE,IS_SMS_SENT,STATE,TO_USER_ID) values ('803','DEFAULT',0,'有新的用车申请等待您的调度！ ',' 事由：萌芽杯 申请人： 黄金丽',to_date('10-MAY-13','DD-MON-RR'),'Y','UNREAD','316');
Insert into OA.NOTIFICATIONS (ID,CATEGORY,PRIORITY,TITLE,CONTENT,EVENT_DATE,IS_SMS_SENT,STATE,TO_USER_ID) values ('804','DEFAULT',0,'有新的用车申请等待您的调度！ ',' 事由：萌芽杯 申请人： 黄金丽',to_date('10-MAY-13','DD-MON-RR'),'Y','UNREAD','291');
Insert into OA.NOTIFICATIONS (ID,CATEGORY,PRIORITY,TITLE,CONTENT,EVENT_DATE,IS_SMS_SENT,STATE,TO_USER_ID) values ('805','DEFAULT',0,'您为事由：萌芽杯 所做的用车申请已提交并等待调度！ ',' 提交时间：2013-05-10 04:18:02',to_date('10-MAY-13','DD-MON-RR'),'Y','UNREAD','235');
Insert into OA.NOTIFICATIONS (ID,CATEGORY,PRIORITY,TITLE,CONTENT,EVENT_DATE,IS_SMS_SENT,STATE,TO_USER_ID) values ('806','DEFAULT',0,'有新的用车申请等待您的调度！ ',' 事由：萌芽杯 申请人： 黄金丽',to_date('10-MAY-13','DD-MON-RR'),'Y','READ','316');
Insert into OA.NOTIFICATIONS (ID,CATEGORY,PRIORITY,TITLE,CONTENT,EVENT_DATE,IS_SMS_SENT,STATE,TO_USER_ID) values ('807','DEFAULT',0,'有新的用车申请等待您的调度！ ',' 事由：萌芽杯 申请人： 黄金丽',to_date('10-MAY-13','DD-MON-RR'),'Y','READ','291');
Insert into OA.NOTIFICATIONS (ID,CATEGORY,PRIORITY,TITLE,CONTENT,EVENT_DATE,IS_SMS_SENT,STATE,TO_USER_ID) values ('816','DEFAULT',0,'有新的采购订单等待审批。','订单号：CG-100064，总金额：300.00',to_date('11-MAY-13','DD-MON-RR'),'Y','UNREAD','152');
Insert into OA.NOTIFICATIONS (ID,CATEGORY,PRIORITY,TITLE,CONTENT,EVENT_DATE,IS_SMS_SENT,STATE,TO_USER_ID) values ('823','DEFAULT',0,'您为会议主题：高中生命科学名师工作室活动 所做的会议室申请已通过审核。 ',' 审核时间：2013-05-13 09:47:08',to_date('13-MAY-13','DD-MON-RR'),'Y','UNREAD','181');
Insert into OA.NOTIFICATIONS (ID,CATEGORY,PRIORITY,TITLE,CONTENT,EVENT_DATE,IS_SMS_SENT,STATE,TO_USER_ID) values ('872','DEFAULT',0,'您为会议主题：区教学评选颁奖座谈会 所做的会议室申请已通过审核。 ',' 审核时间：2013-05-13 04:11:27',to_date('13-MAY-13','DD-MON-RR'),'Y','UNREAD','159');
Insert into OA.NOTIFICATIONS (ID,CATEGORY,PRIORITY,TITLE,CONTENT,EVENT_DATE,IS_SMS_SENT,STATE,TO_USER_ID) values ('876','DEFAULT',0,'您为会议主题：小学语文骨干教师活动 所做的会议室申请已取消。 ',' 取消时间：2013-05-14 08:27:46',to_date('14-MAY-13','DD-MON-RR'),'Y','UNREAD','279');
Insert into OA.NOTIFICATIONS (ID,CATEGORY,PRIORITY,TITLE,CONTENT,EVENT_DATE,IS_SMS_SENT,STATE,TO_USER_ID) values ('877','DEFAULT',0,'您为会议主题：中心组学习和行政会议 所做的会议室申请已提交审核。 ',' 提交时间：2013-05-14 08:29:56',to_date('14-MAY-13','DD-MON-RR'),'Y','UNREAD','279');
Insert into OA.NOTIFICATIONS (ID,CATEGORY,PRIORITY,TITLE,CONTENT,EVENT_DATE,IS_SMS_SENT,STATE,TO_USER_ID) values ('878','DEFAULT',0,'有新的会议室申请等待您的审核。',' 会议主题：中心组学习和行政会议 申请人： 魏玉梅',to_date('14-MAY-13','DD-MON-RR'),'Y','READ','282');
Insert into OA.NOTIFICATIONS (ID,CATEGORY,PRIORITY,TITLE,CONTENT,EVENT_DATE,IS_SMS_SENT,STATE,TO_USER_ID) values ('892','DEFAULT',0,'您为事由：参加市教研活动 所做的用车申请已完成调度。 ','完成调度时间：2013-05-14 12:22:51 使用的车辆为：沪BD8037',to_date('14-MAY-13','DD-MON-RR'),'Y','UNREAD','159');
Insert into OA.NOTIFICATIONS (ID,CATEGORY,PRIORITY,TITLE,CONTENT,EVENT_DATE,IS_SMS_SENT,STATE,TO_USER_ID) values ('921','DEFAULT',0,'有新的采购订单等待部门审核。','订单号：CG-100065，预算总金额：11500.00',to_date('15-MAY-13','DD-MON-RR'),'Y','READ','155');
Insert into OA.NOTIFICATIONS (ID,CATEGORY,PRIORITY,TITLE,CONTENT,EVENT_DATE,IS_SMS_SENT,STATE,TO_USER_ID) values ('927','DEFAULT',0,'您为会议主题：总务主任培训 所做的会议室申请已提交审核。 ',' 提交时间：2013-05-16 09:15:19',to_date('16-MAY-13','DD-MON-RR'),'Y','UNREAD','254');
Insert into OA.NOTIFICATIONS (ID,CATEGORY,PRIORITY,TITLE,CONTENT,EVENT_DATE,IS_SMS_SENT,STATE,TO_USER_ID) values ('928','DEFAULT',0,'有新的会议室申请等待您的审核。',' 会议主题：总务主任培训 申请人： 郑渝萍',to_date('16-MAY-13','DD-MON-RR'),'Y','READ','282');
Insert into OA.NOTIFICATIONS (ID,CATEGORY,PRIORITY,TITLE,CONTENT,EVENT_DATE,IS_SMS_SENT,STATE,TO_USER_ID) values ('929','DEFAULT',0,'您为会议主题：探究实验教学 所做的会议室申请已提交审核。 ',' 提交时间：2013-05-16 10:02:13',to_date('16-MAY-13','DD-MON-RR'),'Y','UNREAD','182');
Insert into OA.NOTIFICATIONS (ID,CATEGORY,PRIORITY,TITLE,CONTENT,EVENT_DATE,IS_SMS_SENT,STATE,TO_USER_ID) values ('930','DEFAULT',0,'有新的会议室申请等待您的审核。',' 会议主题：探究实验教学 申请人： 单志芳',to_date('16-MAY-13','DD-MON-RR'),'Y','READ','282');
Insert into OA.NOTIFICATIONS (ID,CATEGORY,PRIORITY,TITLE,CONTENT,EVENT_DATE,IS_SMS_SENT,STATE,TO_USER_ID) values ('969','DEFAULT',0,'您的车辆预订：银行取款 已调度完成。 ',' 完成时间：2013-05-17 10:29:33 使用的车辆为：沪F28930',to_date('17-MAY-13','DD-MON-RR'),'Y','UNREAD','291');
Insert into OA.NOTIFICATIONS (ID,CATEGORY,PRIORITY,TITLE,CONTENT,EVENT_DATE,IS_SMS_SENT,STATE,TO_USER_ID) values ('970','DEFAULT',0,'您的车辆预订：银行取款 已调度完成。 ',' 完成时间：2013-05-17 10:29:33 使用的车辆为：沪F28930',to_date('17-MAY-13','DD-MON-RR'),'Y','UNREAD','301');
Insert into OA.NOTIFICATIONS (ID,CATEGORY,PRIORITY,TITLE,CONTENT,EVENT_DATE,IS_SMS_SENT,STATE,TO_USER_ID) values ('972','DEFAULT',0,'您为会议主题：部门业务学习 所做的会议室申请已通过审核。 ',' 审核时间：2013-05-17 03:39:00',to_date('17-MAY-13','DD-MON-RR'),'Y','UNREAD','235');
Insert into OA.NOTIFICATIONS (ID,CATEGORY,PRIORITY,TITLE,CONTENT,EVENT_DATE,IS_SMS_SENT,STATE,TO_USER_ID) values ('1003','DEFAULT',0,'您为会议主题：政治骨干教师活动  所做的会议室申请已提交审核。 ',' 提交时间：2013-05-20 09:10:30',to_date('20-MAY-13','DD-MON-RR'),'Y','UNREAD','183');
Insert into OA.NOTIFICATIONS (ID,CATEGORY,PRIORITY,TITLE,CONTENT,EVENT_DATE,IS_SMS_SENT,STATE,TO_USER_ID) values ('1004','DEFAULT',0,'有新的会议室申请等待您的审核。',' 会议主题：政治骨干教师活动  申请人： 汪素青',to_date('20-MAY-13','DD-MON-RR'),'Y','READ','282');
Insert into OA.NOTIFICATIONS (ID,CATEGORY,PRIORITY,TITLE,CONTENT,EVENT_DATE,IS_SMS_SENT,STATE,TO_USER_ID) values ('1005','DEFAULT',0,'您为会议主题：政治骨干教师活动  所做的会议室申请已通过审核。 ',' 审核时间：2013-05-20 11:03:55',to_date('20-MAY-13','DD-MON-RR'),'Y','UNREAD','183');
Insert into OA.NOTIFICATIONS (ID,CATEGORY,PRIORITY,TITLE,CONTENT,EVENT_DATE,IS_SMS_SENT,STATE,TO_USER_ID) values ('1118','DEFAULT',0,'您的车辆预订：银行取款 已调度完成。 ',' 完成时间：2013-05-29 09:32:01 使用的车辆为：沪E10589',to_date('29-MAY-13','DD-MON-RR'),'Y','UNREAD','291');
Insert into OA.NOTIFICATIONS (ID,CATEGORY,PRIORITY,TITLE,CONTENT,EVENT_DATE,IS_SMS_SENT,STATE,TO_USER_ID) values ('1119','DEFAULT',0,'您的车辆预订：银行取款 已调度完成。 ',' 完成时间：2013-05-29 09:32:01 使用的车辆为：沪E10589',to_date('29-MAY-13','DD-MON-RR'),'Y','UNREAD','301');
Insert into OA.NOTIFICATIONS (ID,CATEGORY,PRIORITY,TITLE,CONTENT,EVENT_DATE,IS_SMS_SENT,STATE,TO_USER_ID) values ('1101','DEFAULT',0,'您为会议主题：黄浦教育研究研讨会 所做的会议室申请已通过审核。 ',' 审核时间：2013-05-28 10:19:31',to_date('28-MAY-13','DD-MON-RR'),'Y','UNREAD','279');
Insert into OA.NOTIFICATIONS (ID,CATEGORY,PRIORITY,TITLE,CONTENT,EVENT_DATE,IS_SMS_SENT,STATE,TO_USER_ID) values ('1108','DEFAULT',0,'您为事由：教心基地接送专家 所做的用车申请已提交并等待调度！ ',' 提交时间：2013-05-28 11:20:46',to_date('28-MAY-13','DD-MON-RR'),'Y','UNREAD','218');
Insert into OA.NOTIFICATIONS (ID,CATEGORY,PRIORITY,TITLE,CONTENT,EVENT_DATE,IS_SMS_SENT,STATE,TO_USER_ID) values ('1109','DEFAULT',0,'有新的用车申请等待您的调度！ ',' 事由：教心基地接送专家 申请人： 李金钊',to_date('28-MAY-13','DD-MON-RR'),'Y','UNREAD','316');
Insert into OA.NOTIFICATIONS (ID,CATEGORY,PRIORITY,TITLE,CONTENT,EVENT_DATE,IS_SMS_SENT,STATE,TO_USER_ID) values ('1110','DEFAULT',0,'有新的用车申请等待您的调度！ ',' 事由：教心基地接送专家 申请人： 李金钊',to_date('28-MAY-13','DD-MON-RR'),'Y','READ','291');
Insert into OA.NOTIFICATIONS (ID,CATEGORY,PRIORITY,TITLE,CONTENT,EVENT_DATE,IS_SMS_SENT,STATE,TO_USER_ID) values ('1117','DEFAULT',0,'您为会议主题：楹联艺术鉴赏 所做的会议室申请已通过审核。 ',' 审核时间：2013-05-28 02:47:27',to_date('28-MAY-13','DD-MON-RR'),'Y','UNREAD','163');
Insert into OA.NOTIFICATIONS (ID,CATEGORY,PRIORITY,TITLE,CONTENT,EVENT_DATE,IS_SMS_SENT,STATE,TO_USER_ID) values ('1123','DEFAULT',0,'您为事由：家访 所做的用车申请已完成调度。 ','完成调度时间：2013-05-29 10:01:39 使用的车辆为：沪BS9058',to_date('29-MAY-13','DD-MON-RR'),'Y','UNREAD','287');
Insert into OA.NOTIFICATIONS (ID,CATEGORY,PRIORITY,TITLE,CONTENT,EVENT_DATE,IS_SMS_SENT,STATE,TO_USER_ID) values ('1099','DEFAULT',0,'有新的会议室申请等待您的审核。',' 会议主题：区小学语文骨干教师活动 申请人： 魏玉梅',to_date('28-MAY-13','DD-MON-RR'),'Y','UNREAD','282');
Insert into OA.NOTIFICATIONS (ID,CATEGORY,PRIORITY,TITLE,CONTENT,EVENT_DATE,IS_SMS_SENT,STATE,TO_USER_ID) values ('1102','DEFAULT',0,'您为会议主题：区小学语文骨干教师活动 所做的会议室申请已通过审核。 ',' 审核时间：2013-05-28 10:20:29',to_date('28-MAY-13','DD-MON-RR'),'Y','UNREAD','279');
Insert into OA.NOTIFICATIONS (ID,CATEGORY,PRIORITY,TITLE,CONTENT,EVENT_DATE,IS_SMS_SENT,STATE,TO_USER_ID) values ('1111','DEFAULT',0,'您为事由：教心基地接送专家 所做的用车申请已完成调度。 ','完成调度时间：2013-05-28 11:24:03 使用的车辆为：沪BD8037',to_date('28-MAY-13','DD-MON-RR'),'Y','UNREAD','218');
Insert into OA.NOTIFICATIONS (ID,CATEGORY,PRIORITY,TITLE,CONTENT,EVENT_DATE,IS_SMS_SENT,STATE,TO_USER_ID) values ('1100','DEFAULT',0,'您为会议主题：七年级科学模拟考试质量分析 所做的会议室申请已通过审核。 ',' 审核时间：2013-05-28 10:18:04',to_date('28-MAY-13','DD-MON-RR'),'Y','UNREAD','179');
Insert into OA.NOTIFICATIONS (ID,CATEGORY,PRIORITY,TITLE,CONTENT,EVENT_DATE,IS_SMS_SENT,STATE,TO_USER_ID) values ('1106','DEFAULT',0,'您为事由：教师专业发展部访问交流 所做的用车申请已完成调度。 ','完成调度时间：2013-05-28 10:32:12 使用的车辆为：沪F28930',to_date('28-MAY-13','DD-MON-RR'),'Y','UNREAD','157');
Insert into OA.NOTIFICATIONS (ID,CATEGORY,PRIORITY,TITLE,CONTENT,EVENT_DATE,IS_SMS_SENT,STATE,TO_USER_ID) values ('1112','DEFAULT',0,'您为会议主题：综合课题组子课题会议 所做的会议室申请已提交审核。 ',' 提交时间：2013-05-28 12:44:13',to_date('28-MAY-13','DD-MON-RR'),'Y','UNREAD','226');
Insert into OA.NOTIFICATIONS (ID,CATEGORY,PRIORITY,TITLE,CONTENT,EVENT_DATE,IS_SMS_SENT,STATE,TO_USER_ID) values ('1113','DEFAULT',0,'有新的会议室申请等待您的审核。',' 会议主题：综合课题组子课题会议 申请人： 江欣怿',to_date('28-MAY-13','DD-MON-RR'),'Y','UNREAD','282');
Insert into OA.NOTIFICATIONS (ID,CATEGORY,PRIORITY,TITLE,CONTENT,EVENT_DATE,IS_SMS_SENT,STATE,TO_USER_ID) values ('1120','DEFAULT',0,'您为事由：家访 所做的用车申请已提交并等待调度！ ',' 提交时间：2013-05-29 09:52:51',to_date('29-MAY-13','DD-MON-RR'),'Y','UNREAD','287');
Insert into OA.NOTIFICATIONS (ID,CATEGORY,PRIORITY,TITLE,CONTENT,EVENT_DATE,IS_SMS_SENT,STATE,TO_USER_ID) values ('1121','DEFAULT',0,'有新的用车申请等待您的调度！ ',' 事由：家访 申请人： 陆懿香',to_date('29-MAY-13','DD-MON-RR'),'Y','UNREAD','316');
Insert into OA.NOTIFICATIONS (ID,CATEGORY,PRIORITY,TITLE,CONTENT,EVENT_DATE,IS_SMS_SENT,STATE,TO_USER_ID) values ('1122','DEFAULT',0,'有新的用车申请等待您的调度！ ',' 事由：家访 申请人： 陆懿香',to_date('29-MAY-13','DD-MON-RR'),'Y','UNREAD','291');
Insert into OA.NOTIFICATIONS (ID,CATEGORY,PRIORITY,TITLE,CONTENT,EVENT_DATE,IS_SMS_SENT,STATE,TO_USER_ID) values ('1103','DEFAULT',0,'您为事由：教师专业发展部访问交流 所做的用车申请已提交并等待调度！ ',' 提交时间：2013-05-28 10:27:32',to_date('28-MAY-13','DD-MON-RR'),'Y','UNREAD','157');
Insert into OA.NOTIFICATIONS (ID,CATEGORY,PRIORITY,TITLE,CONTENT,EVENT_DATE,IS_SMS_SENT,STATE,TO_USER_ID) values ('1104','DEFAULT',0,'有新的用车申请等待您的调度！ ',' 事由：教师专业发展部访问交流 申请人： 李峻',to_date('28-MAY-13','DD-MON-RR'),'Y','READ','316');
Insert into OA.NOTIFICATIONS (ID,CATEGORY,PRIORITY,TITLE,CONTENT,EVENT_DATE,IS_SMS_SENT,STATE,TO_USER_ID) values ('1105','DEFAULT',0,'有新的用车申请等待您的调度！ ',' 事由：教师专业发展部访问交流 申请人： 李峻',to_date('28-MAY-13','DD-MON-RR'),'Y','READ','291');
Insert into OA.NOTIFICATIONS (ID,CATEGORY,PRIORITY,TITLE,CONTENT,EVENT_DATE,IS_SMS_SENT,STATE,TO_USER_ID) values ('1107','DEFAULT',0,'您的车辆预订：听课 已完成调度并被张增康修改。 ',' 修改时间：2013-05-28 10:51:45 使用的车辆为：沪FA1015',to_date('28-MAY-13','DD-MON-RR'),'Y','UNREAD','316');
Insert into OA.NOTIFICATIONS (ID,CATEGORY,PRIORITY,TITLE,CONTENT,EVENT_DATE,IS_SMS_SENT,STATE,TO_USER_ID) values ('1124','DEFAULT',0,'您为会议主题：高中地理教材意见使用征集活动 所做的会议室申请已提交审核。 ',' 提交时间：2013-05-29 01:58:17',to_date('29-MAY-13','DD-MON-RR'),'Y','UNREAD','189');
Insert into OA.NOTIFICATIONS (ID,CATEGORY,PRIORITY,TITLE,CONTENT,EVENT_DATE,IS_SMS_SENT,STATE,TO_USER_ID) values ('1125','DEFAULT',0,'有新的会议室申请等待您的审核。',' 会议主题：高中地理教材意见使用征集活动 申请人： 朱丽敏',to_date('29-MAY-13','DD-MON-RR'),'Y','UNREAD','282');
Insert into OA.NOTIFICATIONS (ID,CATEGORY,PRIORITY,TITLE,CONTENT,EVENT_DATE,IS_SMS_SENT,STATE,TO_USER_ID) values ('1114','DEFAULT',0,'您为会议主题：综合课题组子课题会议 所做的会议室申请已通过审核。 ',' 审核时间：2013-05-28 12:48:00',to_date('28-MAY-13','DD-MON-RR'),'Y','UNREAD','226');
Insert into OA.NOTIFICATIONS (ID,CATEGORY,PRIORITY,TITLE,CONTENT,EVENT_DATE,IS_SMS_SENT,STATE,TO_USER_ID) values ('1115','DEFAULT',0,'您为会议主题：楹联艺术鉴赏 所做的会议室申请已提交审核。 ',' 提交时间：2013-05-28 02:15:57',to_date('28-MAY-13','DD-MON-RR'),'Y','UNREAD','163');
Insert into OA.NOTIFICATIONS (ID,CATEGORY,PRIORITY,TITLE,CONTENT,EVENT_DATE,IS_SMS_SENT,STATE,TO_USER_ID) values ('1116','DEFAULT',0,'有新的会议室申请等待您的审核。',' 会议主题：楹联艺术鉴赏 申请人： 杨勇',to_date('28-MAY-13','DD-MON-RR'),'Y','UNREAD','282');
Insert into OA.NOTIFICATIONS (ID,CATEGORY,PRIORITY,TITLE,CONTENT,EVENT_DATE,IS_SMS_SENT,STATE,TO_USER_ID) values ('1126','DEFAULT',0,'您为会议主题：高中地理教材意见使用征集活动 所做的会议室申请已通过审核。 ',' 审核时间：2013-05-29 02:00:44',to_date('29-MAY-13','DD-MON-RR'),'Y','UNREAD','189');
REM INSERTING into OA.PS_TXN
Insert into OA.PS_TXN (ID,PARENTID,COLLID,CREATION_DATE) values (1,-1,13762,to_date('18-APR-13','DD-MON-RR'));
Insert into OA.PS_TXN (ID,PARENTID,COLLID,CREATION_DATE) values (1,-1,13763,to_date('18-APR-13','DD-MON-RR'));
Insert into OA.PS_TXN (ID,PARENTID,COLLID,CREATION_DATE) values (1,-1,15019,to_date('22-APR-13','DD-MON-RR'));
Insert into OA.PS_TXN (ID,PARENTID,COLLID,CREATION_DATE) values (1,-1,15020,to_date('22-APR-13','DD-MON-RR'));
Insert into OA.PS_TXN (ID,PARENTID,COLLID,CREATION_DATE) values (1,-1,15001,to_date('22-APR-13','DD-MON-RR'));
Insert into OA.PS_TXN (ID,PARENTID,COLLID,CREATION_DATE) values (1,-1,15021,to_date('22-APR-13','DD-MON-RR'));
Insert into OA.PS_TXN (ID,PARENTID,COLLID,CREATION_DATE) values (1,-1,15115,to_date('23-APR-13','DD-MON-RR'));
Insert into OA.PS_TXN (ID,PARENTID,COLLID,CREATION_DATE) values (1,-1,15002,to_date('22-APR-13','DD-MON-RR'));
Insert into OA.PS_TXN (ID,PARENTID,COLLID,CREATION_DATE) values (1,-1,15003,to_date('22-APR-13','DD-MON-RR'));
Insert into OA.PS_TXN (ID,PARENTID,COLLID,CREATION_DATE) values (1,-1,15132,to_date('23-APR-13','DD-MON-RR'));
Insert into OA.PS_TXN (ID,PARENTID,COLLID,CREATION_DATE) values (1,-1,15134,to_date('23-APR-13','DD-MON-RR'));
Insert into OA.PS_TXN (ID,PARENTID,COLLID,CREATION_DATE) values (1,-1,15271,to_date('24-APR-13','DD-MON-RR'));
Insert into OA.PS_TXN (ID,PARENTID,COLLID,CREATION_DATE) values (1,-1,15270,to_date('24-APR-13','DD-MON-RR'));
Insert into OA.PS_TXN (ID,PARENTID,COLLID,CREATION_DATE) values (1,-1,15136,to_date('23-APR-13','DD-MON-RR'));
Insert into OA.PS_TXN (ID,PARENTID,COLLID,CREATION_DATE) values (1,-1,15007,to_date('22-APR-13','DD-MON-RR'));
Insert into OA.PS_TXN (ID,PARENTID,COLLID,CREATION_DATE) values (1,-1,15008,to_date('22-APR-13','DD-MON-RR'));
Insert into OA.PS_TXN (ID,PARENTID,COLLID,CREATION_DATE) values (1,-1,15009,to_date('22-APR-13','DD-MON-RR'));
Insert into OA.PS_TXN (ID,PARENTID,COLLID,CREATION_DATE) values (1,-1,18323,to_date('07-MAY-13','DD-MON-RR'));
Insert into OA.PS_TXN (ID,PARENTID,COLLID,CREATION_DATE) values (1,-1,18324,to_date('07-MAY-13','DD-MON-RR'));
Insert into OA.PS_TXN (ID,PARENTID,COLLID,CREATION_DATE) values (1,-1,15349,to_date('26-APR-13','DD-MON-RR'));
Insert into OA.PS_TXN (ID,PARENTID,COLLID,CREATION_DATE) values (1,-1,18327,to_date('07-MAY-13','DD-MON-RR'));
Insert into OA.PS_TXN (ID,PARENTID,COLLID,CREATION_DATE) values (1,-1,18386,to_date('08-MAY-13','DD-MON-RR'));
Insert into OA.PS_TXN (ID,PARENTID,COLLID,CREATION_DATE) values (1,-1,18450,to_date('10-MAY-13','DD-MON-RR'));
Insert into OA.PS_TXN (ID,PARENTID,COLLID,CREATION_DATE) values (1,-1,18356,to_date('08-MAY-13','DD-MON-RR'));
Insert into OA.PS_TXN (ID,PARENTID,COLLID,CREATION_DATE) values (1,-1,18560,to_date('14-MAY-13','DD-MON-RR'));
Insert into OA.PS_TXN (ID,PARENTID,COLLID,CREATION_DATE) values (1,-1,18693,to_date('17-MAY-13','DD-MON-RR'));
Insert into OA.PS_TXN (ID,PARENTID,COLLID,CREATION_DATE) values (1,-1,19384,to_date('23-MAY-13','DD-MON-RR'));
Insert into OA.PS_TXN (ID,PARENTID,COLLID,CREATION_DATE) values (1,-1,19357,to_date('23-MAY-13','DD-MON-RR'));
Insert into OA.PS_TXN (ID,PARENTID,COLLID,CREATION_DATE) values (1,-1,19383,to_date('23-MAY-13','DD-MON-RR'));
Insert into OA.PS_TXN (ID,PARENTID,COLLID,CREATION_DATE) values (1,-1,19394,to_date('24-MAY-13','DD-MON-RR'));
Insert into OA.PS_TXN (ID,PARENTID,COLLID,CREATION_DATE) values (1,-1,19472,to_date('28-MAY-13','DD-MON-RR'));
Insert into OA.PS_TXN (ID,PARENTID,COLLID,CREATION_DATE) values (1,-1,19465,to_date('28-MAY-13','DD-MON-RR'));
Insert into OA.PS_TXN (ID,PARENTID,COLLID,CREATION_DATE) values (1,-1,19466,to_date('28-MAY-13','DD-MON-RR'));
Insert into OA.PS_TXN (ID,PARENTID,COLLID,CREATION_DATE) values (1,-1,13755,to_date('18-APR-13','DD-MON-RR'));
Insert into OA.PS_TXN (ID,PARENTID,COLLID,CREATION_DATE) values (1,-1,13852,to_date('19-APR-13','DD-MON-RR'));
Insert into OA.PS_TXN (ID,PARENTID,COLLID,CREATION_DATE) values (1,-1,13881,to_date('22-APR-13','DD-MON-RR'));
Insert into OA.PS_TXN (ID,PARENTID,COLLID,CREATION_DATE) values (1,-1,15350,to_date('26-APR-13','DD-MON-RR'));
Insert into OA.PS_TXN (ID,PARENTID,COLLID,CREATION_DATE) values (1,-1,13855,to_date('20-APR-13','DD-MON-RR'));
Insert into OA.PS_TXN (ID,PARENTID,COLLID,CREATION_DATE) values (1,-1,16375,to_date('03-MAY-13','DD-MON-RR'));
Insert into OA.PS_TXN (ID,PARENTID,COLLID,CREATION_DATE) values (1,-1,15090,to_date('23-APR-13','DD-MON-RR'));
Insert into OA.PS_TXN (ID,PARENTID,COLLID,CREATION_DATE) values (1,-1,15091,to_date('23-APR-13','DD-MON-RR'));
Insert into OA.PS_TXN (ID,PARENTID,COLLID,CREATION_DATE) values (1,-1,15110,to_date('23-APR-13','DD-MON-RR'));
Insert into OA.PS_TXN (ID,PARENTID,COLLID,CREATION_DATE) values (1,-1,15092,to_date('23-APR-13','DD-MON-RR'));
Insert into OA.PS_TXN (ID,PARENTID,COLLID,CREATION_DATE) values (1,-1,15113,to_date('23-APR-13','DD-MON-RR'));
Insert into OA.PS_TXN (ID,PARENTID,COLLID,CREATION_DATE) values (1,-1,15094,to_date('23-APR-13','DD-MON-RR'));
Insert into OA.PS_TXN (ID,PARENTID,COLLID,CREATION_DATE) values (1,-1,15095,to_date('23-APR-13','DD-MON-RR'));
Insert into OA.PS_TXN (ID,PARENTID,COLLID,CREATION_DATE) values (1,-1,15096,to_date('23-APR-13','DD-MON-RR'));
Insert into OA.PS_TXN (ID,PARENTID,COLLID,CREATION_DATE) values (1,-1,15109,to_date('23-APR-13','DD-MON-RR'));
Insert into OA.PS_TXN (ID,PARENTID,COLLID,CREATION_DATE) values (1,-1,15104,to_date('23-APR-13','DD-MON-RR'));
Insert into OA.PS_TXN (ID,PARENTID,COLLID,CREATION_DATE) values (1,-1,15105,to_date('23-APR-13','DD-MON-RR'));
Insert into OA.PS_TXN (ID,PARENTID,COLLID,CREATION_DATE) values (1,-1,15124,to_date('23-APR-13','DD-MON-RR'));
Insert into OA.PS_TXN (ID,PARENTID,COLLID,CREATION_DATE) values (1,-1,15101,to_date('23-APR-13','DD-MON-RR'));
Insert into OA.PS_TXN (ID,PARENTID,COLLID,CREATION_DATE) values (1,-1,15107,to_date('23-APR-13','DD-MON-RR'));
Insert into OA.PS_TXN (ID,PARENTID,COLLID,CREATION_DATE) values (1,-1,15103,to_date('23-APR-13','DD-MON-RR'));
Insert into OA.PS_TXN (ID,PARENTID,COLLID,CREATION_DATE) values (1,-1,15106,to_date('23-APR-13','DD-MON-RR'));
Insert into OA.PS_TXN (ID,PARENTID,COLLID,CREATION_DATE) values (1,-1,15108,to_date('23-APR-13','DD-MON-RR'));
Insert into OA.PS_TXN (ID,PARENTID,COLLID,CREATION_DATE) values (1,-1,15112,to_date('23-APR-13','DD-MON-RR'));
Insert into OA.PS_TXN (ID,PARENTID,COLLID,CREATION_DATE) values (1,-1,15114,to_date('23-APR-13','DD-MON-RR'));
Insert into OA.PS_TXN (ID,PARENTID,COLLID,CREATION_DATE) values (1,-1,15266,to_date('24-APR-13','DD-MON-RR'));
Insert into OA.PS_TXN (ID,PARENTID,COLLID,CREATION_DATE) values (1,-1,15399,to_date('27-APR-13','DD-MON-RR'));
Insert into OA.PS_TXN (ID,PARENTID,COLLID,CREATION_DATE) values (1,-1,18326,to_date('07-MAY-13','DD-MON-RR'));
Insert into OA.PS_TXN (ID,PARENTID,COLLID,CREATION_DATE) values (1,-1,18428,to_date('09-MAY-13','DD-MON-RR'));
Insert into OA.PS_TXN (ID,PARENTID,COLLID,CREATION_DATE) values (1,-1,18429,to_date('09-MAY-13','DD-MON-RR'));
Insert into OA.PS_TXN (ID,PARENTID,COLLID,CREATION_DATE) values (1,-1,18430,to_date('09-MAY-13','DD-MON-RR'));
Insert into OA.PS_TXN (ID,PARENTID,COLLID,CREATION_DATE) values (1,-1,18431,to_date('09-MAY-13','DD-MON-RR'));
Insert into OA.PS_TXN (ID,PARENTID,COLLID,CREATION_DATE) values (1,-1,18520,to_date('13-MAY-13','DD-MON-RR'));
Insert into OA.PS_TXN (ID,PARENTID,COLLID,CREATION_DATE) values (1,-1,18454,to_date('10-MAY-13','DD-MON-RR'));
Insert into OA.PS_TXN (ID,PARENTID,COLLID,CREATION_DATE) values (1,-1,18498,to_date('13-MAY-13','DD-MON-RR'));
Insert into OA.PS_TXN (ID,PARENTID,COLLID,CREATION_DATE) values (1,-1,18522,to_date('13-MAY-13','DD-MON-RR'));
Insert into OA.PS_TXN (ID,PARENTID,COLLID,CREATION_DATE) values (1,-1,18521,to_date('13-MAY-13','DD-MON-RR'));
Insert into OA.PS_TXN (ID,PARENTID,COLLID,CREATION_DATE) values (1,-1,18695,to_date('17-MAY-13','DD-MON-RR'));
Insert into OA.PS_TXN (ID,PARENTID,COLLID,CREATION_DATE) values (1,-1,19307,to_date('20-MAY-13','DD-MON-RR'));
Insert into OA.PS_TXN (ID,PARENTID,COLLID,CREATION_DATE) values (1,-1,18563,to_date('14-MAY-13','DD-MON-RR'));
Insert into OA.PS_TXN (ID,PARENTID,COLLID,CREATION_DATE) values (1,-1,19397,to_date('24-MAY-13','DD-MON-RR'));
Insert into OA.PS_TXN (ID,PARENTID,COLLID,CREATION_DATE) values (1,-1,19308,to_date('20-MAY-13','DD-MON-RR'));
Insert into OA.PS_TXN (ID,PARENTID,COLLID,CREATION_DATE) values (1,-1,19322,to_date('21-MAY-13','DD-MON-RR'));
Insert into OA.PS_TXN (ID,PARENTID,COLLID,CREATION_DATE) values (1,-1,19399,to_date('24-MAY-13','DD-MON-RR'));
Insert into OA.PS_TXN (ID,PARENTID,COLLID,CREATION_DATE) values (1,-1,19398,to_date('24-MAY-13','DD-MON-RR'));
Insert into OA.PS_TXN (ID,PARENTID,COLLID,CREATION_DATE) values (1,-1,19400,to_date('24-MAY-13','DD-MON-RR'));
Insert into OA.PS_TXN (ID,PARENTID,COLLID,CREATION_DATE) values (1,-1,19401,to_date('24-MAY-13','DD-MON-RR'));
Insert into OA.PS_TXN (ID,PARENTID,COLLID,CREATION_DATE) values (1,-1,19402,to_date('25-MAY-13','DD-MON-RR'));
Insert into OA.PS_TXN (ID,PARENTID,COLLID,CREATION_DATE) values (1,-1,19467,to_date('28-MAY-13','DD-MON-RR'));
Insert into OA.PS_TXN (ID,PARENTID,COLLID,CREATION_DATE) values (1,-1,19474,to_date('28-MAY-13','DD-MON-RR'));
Insert into OA.PS_TXN (ID,PARENTID,COLLID,CREATION_DATE) values (1,-1,19469,to_date('28-MAY-13','DD-MON-RR'));
Insert into OA.PS_TXN (ID,PARENTID,COLLID,CREATION_DATE) values (1,-1,19532,to_date('29-MAY-13','DD-MON-RR'));
Insert into OA.PS_TXN (ID,PARENTID,COLLID,CREATION_DATE) values (1,-1,19530,to_date('29-MAY-13','DD-MON-RR'));
Insert into OA.PS_TXN (ID,PARENTID,COLLID,CREATION_DATE) values (1,-1,13761,to_date('18-APR-13','DD-MON-RR'));
Insert into OA.PS_TXN (ID,PARENTID,COLLID,CREATION_DATE) values (1,-1,13752,to_date('18-APR-13','DD-MON-RR'));
Insert into OA.PS_TXN (ID,PARENTID,COLLID,CREATION_DATE) values (1,-1,13856,to_date('22-APR-13','DD-MON-RR'));
Insert into OA.PS_TXN (ID,PARENTID,COLLID,CREATION_DATE) values (1,-1,15116,to_date('23-APR-13','DD-MON-RR'));
Insert into OA.PS_TXN (ID,PARENTID,COLLID,CREATION_DATE) values (1,-1,13857,to_date('22-APR-13','DD-MON-RR'));
Insert into OA.PS_TXN (ID,PARENTID,COLLID,CREATION_DATE) values (1,-1,15117,to_date('23-APR-13','DD-MON-RR'));
Insert into OA.PS_TXN (ID,PARENTID,COLLID,CREATION_DATE) values (1,-1,15037,to_date('23-APR-13','DD-MON-RR'));
Insert into OA.PS_TXN (ID,PARENTID,COLLID,CREATION_DATE) values (1,-1,15038,to_date('23-APR-13','DD-MON-RR'));
Insert into OA.PS_TXN (ID,PARENTID,COLLID,CREATION_DATE) values (1,-1,15118,to_date('23-APR-13','DD-MON-RR'));
Insert into OA.PS_TXN (ID,PARENTID,COLLID,CREATION_DATE) values (1,-1,15119,to_date('23-APR-13','DD-MON-RR'));
Insert into OA.PS_TXN (ID,PARENTID,COLLID,CREATION_DATE) values (1,-1,15120,to_date('23-APR-13','DD-MON-RR'));
Insert into OA.PS_TXN (ID,PARENTID,COLLID,CREATION_DATE) values (1,-1,15352,to_date('26-APR-13','DD-MON-RR'));
Insert into OA.PS_TXN (ID,PARENTID,COLLID,CREATION_DATE) values (1,-1,15269,to_date('24-APR-13','DD-MON-RR'));
Insert into OA.PS_TXN (ID,PARENTID,COLLID,CREATION_DATE) values (1,-1,15272,to_date('24-APR-13','DD-MON-RR'));
Insert into OA.PS_TXN (ID,PARENTID,COLLID,CREATION_DATE) values (1,-1,15311,to_date('25-APR-13','DD-MON-RR'));
Insert into OA.PS_TXN (ID,PARENTID,COLLID,CREATION_DATE) values (1,-1,15312,to_date('25-APR-13','DD-MON-RR'));
Insert into OA.PS_TXN (ID,PARENTID,COLLID,CREATION_DATE) values (1,-1,15428,to_date('27-APR-13','DD-MON-RR'));
Insert into OA.PS_TXN (ID,PARENTID,COLLID,CREATION_DATE) values (1,-1,15377,to_date('26-APR-13','DD-MON-RR'));
Insert into OA.PS_TXN (ID,PARENTID,COLLID,CREATION_DATE) values (1,-1,15430,to_date('27-APR-13','DD-MON-RR'));
Insert into OA.PS_TXN (ID,PARENTID,COLLID,CREATION_DATE) values (1,-1,18328,to_date('07-MAY-13','DD-MON-RR'));
Insert into OA.PS_TXN (ID,PARENTID,COLLID,CREATION_DATE) values (1,-1,15431,to_date('27-APR-13','DD-MON-RR'));
Insert into OA.PS_TXN (ID,PARENTID,COLLID,CREATION_DATE) values (1,-1,15433,to_date('27-APR-13','DD-MON-RR'));
Insert into OA.PS_TXN (ID,PARENTID,COLLID,CREATION_DATE) values (1,-1,15434,to_date('27-APR-13','DD-MON-RR'));
Insert into OA.PS_TXN (ID,PARENTID,COLLID,CREATION_DATE) values (1,-1,15435,to_date('27-APR-13','DD-MON-RR'));
Insert into OA.PS_TXN (ID,PARENTID,COLLID,CREATION_DATE) values (1,-1,15436,to_date('27-APR-13','DD-MON-RR'));
Insert into OA.PS_TXN (ID,PARENTID,COLLID,CREATION_DATE) values (1,-1,19323,to_date('21-MAY-13','DD-MON-RR'));
Insert into OA.PS_TXN (ID,PARENTID,COLLID,CREATION_DATE) values (1,-1,18331,to_date('07-MAY-13','DD-MON-RR'));
Insert into OA.PS_TXN (ID,PARENTID,COLLID,CREATION_DATE) values (1,-1,18422,to_date('09-MAY-13','DD-MON-RR'));
Insert into OA.PS_TXN (ID,PARENTID,COLLID,CREATION_DATE) values (1,-1,18423,to_date('09-MAY-13','DD-MON-RR'));
Insert into OA.PS_TXN (ID,PARENTID,COLLID,CREATION_DATE) values (1,-1,18424,to_date('09-MAY-13','DD-MON-RR'));
Insert into OA.PS_TXN (ID,PARENTID,COLLID,CREATION_DATE) values (1,-1,18636,to_date('16-MAY-13','DD-MON-RR'));
Insert into OA.PS_TXN (ID,PARENTID,COLLID,CREATION_DATE) values (1,-1,18691,to_date('17-MAY-13','DD-MON-RR'));
Insert into OA.PS_TXN (ID,PARENTID,COLLID,CREATION_DATE) values (1,-1,18687,to_date('17-MAY-13','DD-MON-RR'));
Insert into OA.PS_TXN (ID,PARENTID,COLLID,CREATION_DATE) values (1,-1,18692,to_date('17-MAY-13','DD-MON-RR'));
Insert into OA.PS_TXN (ID,PARENTID,COLLID,CREATION_DATE) values (1,-1,18694,to_date('17-MAY-13','DD-MON-RR'));
Insert into OA.PS_TXN (ID,PARENTID,COLLID,CREATION_DATE) values (1,-1,19382,to_date('23-MAY-13','DD-MON-RR'));
Insert into OA.PS_TXN (ID,PARENTID,COLLID,CREATION_DATE) values (1,-1,19324,to_date('21-MAY-13','DD-MON-RR'));
Insert into OA.PS_TXN (ID,PARENTID,COLLID,CREATION_DATE) values (1,-1,19385,to_date('23-MAY-13','DD-MON-RR'));
Insert into OA.PS_TXN (ID,PARENTID,COLLID,CREATION_DATE) values (1,-1,19386,to_date('23-MAY-13','DD-MON-RR'));
Insert into OA.PS_TXN (ID,PARENTID,COLLID,CREATION_DATE) values (1,-1,19471,to_date('28-MAY-13','DD-MON-RR'));
Insert into OA.PS_TXN (ID,PARENTID,COLLID,CREATION_DATE) values (1,-1,19444,to_date('27-MAY-13','DD-MON-RR'));
Insert into OA.PS_TXN (ID,PARENTID,COLLID,CREATION_DATE) values (1,-1,19443,to_date('27-MAY-13','DD-MON-RR'));
Insert into OA.PS_TXN (ID,PARENTID,COLLID,CREATION_DATE) values (1,-1,19531,to_date('29-MAY-13','DD-MON-RR'));
Insert into OA.PS_TXN (ID,PARENTID,COLLID,CREATION_DATE) values (1,-1,13757,to_date('18-APR-13','DD-MON-RR'));
Insert into OA.PS_TXN (ID,PARENTID,COLLID,CREATION_DATE) values (1,-1,13758,to_date('18-APR-13','DD-MON-RR'));
Insert into OA.PS_TXN (ID,PARENTID,COLLID,CREATION_DATE) values (1,-1,13759,to_date('18-APR-13','DD-MON-RR'));
Insert into OA.PS_TXN (ID,PARENTID,COLLID,CREATION_DATE) values (1,-1,13760,to_date('18-APR-13','DD-MON-RR'));
Insert into OA.PS_TXN (ID,PARENTID,COLLID,CREATION_DATE) values (1,-1,15022,to_date('22-APR-13','DD-MON-RR'));
Insert into OA.PS_TXN (ID,PARENTID,COLLID,CREATION_DATE) values (1,-1,14990,to_date('22-APR-13','DD-MON-RR'));
Insert into OA.PS_TXN (ID,PARENTID,COLLID,CREATION_DATE) values (1,-1,15017,to_date('22-APR-13','DD-MON-RR'));
Insert into OA.PS_TXN (ID,PARENTID,COLLID,CREATION_DATE) values (1,-1,15018,to_date('22-APR-13','DD-MON-RR'));
Insert into OA.PS_TXN (ID,PARENTID,COLLID,CREATION_DATE) values (1,-1,14989,to_date('22-APR-13','DD-MON-RR'));
Insert into OA.PS_TXN (ID,PARENTID,COLLID,CREATION_DATE) values (1,-1,15013,to_date('22-APR-13','DD-MON-RR'));
Insert into OA.PS_TXN (ID,PARENTID,COLLID,CREATION_DATE) values (1,-1,15023,to_date('22-APR-13','DD-MON-RR'));
Insert into OA.PS_TXN (ID,PARENTID,COLLID,CREATION_DATE) values (1,-1,15268,to_date('24-APR-13','DD-MON-RR'));
Insert into OA.PS_TXN (ID,PARENTID,COLLID,CREATION_DATE) values (1,-1,18322,to_date('07-MAY-13','DD-MON-RR'));
Insert into OA.PS_TXN (ID,PARENTID,COLLID,CREATION_DATE) values (1,-1,15353,to_date('26-APR-13','DD-MON-RR'));
Insert into OA.PS_TXN (ID,PARENTID,COLLID,CREATION_DATE) values (1,-1,15432,to_date('27-APR-13','DD-MON-RR'));
Insert into OA.PS_TXN (ID,PARENTID,COLLID,CREATION_DATE) values (1,-1,18449,to_date('10-MAY-13','DD-MON-RR'));
Insert into OA.PS_TXN (ID,PARENTID,COLLID,CREATION_DATE) values (1,-1,18385,to_date('08-MAY-13','DD-MON-RR'));
Insert into OA.PS_TXN (ID,PARENTID,COLLID,CREATION_DATE) values (1,-1,14987,to_date('22-APR-13','DD-MON-RR'));
Insert into OA.PS_TXN (ID,PARENTID,COLLID,CREATION_DATE) values (1,-1,18433,to_date('09-MAY-13','DD-MON-RR'));
Insert into OA.PS_TXN (ID,PARENTID,COLLID,CREATION_DATE) values (1,-1,18453,to_date('10-MAY-13','DD-MON-RR'));
Insert into OA.PS_TXN (ID,PARENTID,COLLID,CREATION_DATE) values (1,-1,18451,to_date('10-MAY-13','DD-MON-RR'));
Insert into OA.PS_TXN (ID,PARENTID,COLLID,CREATION_DATE) values (1,-1,19529,to_date('29-MAY-13','DD-MON-RR'));
Insert into OA.PS_TXN (ID,PARENTID,COLLID,CREATION_DATE) values (1,-1,15139,to_date('23-APR-13','DD-MON-RR'));
Insert into OA.PS_TXN (ID,PARENTID,COLLID,CREATION_DATE) values (1,-1,13756,to_date('18-APR-13','DD-MON-RR'));
Insert into OA.PS_TXN (ID,PARENTID,COLLID,CREATION_DATE) values (1,-1,15024,to_date('22-APR-13','DD-MON-RR'));
Insert into OA.PS_TXN (ID,PARENTID,COLLID,CREATION_DATE) values (1,-1,15137,to_date('23-APR-13','DD-MON-RR'));
Insert into OA.PS_TXN (ID,PARENTID,COLLID,CREATION_DATE) values (1,-1,15138,to_date('23-APR-13','DD-MON-RR'));
Insert into OA.PS_TXN (ID,PARENTID,COLLID,CREATION_DATE) values (1,-1,15267,to_date('24-APR-13','DD-MON-RR'));
Insert into OA.PS_TXN (ID,PARENTID,COLLID,CREATION_DATE) values (1,-1,15351,to_date('26-APR-13','DD-MON-RR'));
Insert into OA.PS_TXN (ID,PARENTID,COLLID,CREATION_DATE) values (1,-1,15376,to_date('26-APR-13','DD-MON-RR'));
Insert into OA.PS_TXN (ID,PARENTID,COLLID,CREATION_DATE) values (1,-1,15276,to_date('25-APR-13','DD-MON-RR'));
Insert into OA.PS_TXN (ID,PARENTID,COLLID,CREATION_DATE) values (1,-1,17277,to_date('06-MAY-13','DD-MON-RR'));
Insert into OA.PS_TXN (ID,PARENTID,COLLID,CREATION_DATE) values (1,-1,18425,to_date('09-MAY-13','DD-MON-RR'));
Insert into OA.PS_TXN (ID,PARENTID,COLLID,CREATION_DATE) values (1,-1,18427,to_date('09-MAY-13','DD-MON-RR'));
Insert into OA.PS_TXN (ID,PARENTID,COLLID,CREATION_DATE) values (1,-1,18426,to_date('09-MAY-13','DD-MON-RR'));
Insert into OA.PS_TXN (ID,PARENTID,COLLID,CREATION_DATE) values (1,-1,18432,to_date('09-MAY-13','DD-MON-RR'));
Insert into OA.PS_TXN (ID,PARENTID,COLLID,CREATION_DATE) values (1,-1,18448,to_date('10-MAY-13','DD-MON-RR'));
Insert into OA.PS_TXN (ID,PARENTID,COLLID,CREATION_DATE) values (1,-1,18500,to_date('13-MAY-13','DD-MON-RR'));
Insert into OA.PS_TXN (ID,PARENTID,COLLID,CREATION_DATE) values (1,-1,18452,to_date('10-MAY-13','DD-MON-RR'));
Insert into OA.PS_TXN (ID,PARENTID,COLLID,CREATION_DATE) values (1,-1,18501,to_date('13-MAY-13','DD-MON-RR'));
Insert into OA.PS_TXN (ID,PARENTID,COLLID,CREATION_DATE) values (1,-1,18689,to_date('17-MAY-13','DD-MON-RR'));
Insert into OA.PS_TXN (ID,PARENTID,COLLID,CREATION_DATE) values (1,-1,18523,to_date('13-MAY-13','DD-MON-RR'));
Insert into OA.PS_TXN (ID,PARENTID,COLLID,CREATION_DATE) values (1,-1,18517,to_date('13-MAY-13','DD-MON-RR'));
Insert into OA.PS_TXN (ID,PARENTID,COLLID,CREATION_DATE) values (1,-1,19381,to_date('23-MAY-13','DD-MON-RR'));
Insert into OA.PS_TXN (ID,PARENTID,COLLID,CREATION_DATE) values (1,-1,19380,to_date('23-MAY-13','DD-MON-RR'));
Insert into OA.PS_TXN (ID,PARENTID,COLLID,CREATION_DATE) values (1,-1,19396,to_date('24-MAY-13','DD-MON-RR'));
Insert into OA.PS_TXN (ID,PARENTID,COLLID,CREATION_DATE) values (1,-1,19473,to_date('28-MAY-13','DD-MON-RR'));
Insert into OA.PS_TXN (ID,PARENTID,COLLID,CREATION_DATE) values (1,-1,19470,to_date('28-MAY-13','DD-MON-RR'));
REM INSERTING into OA.PURCHASE_ORDERS
Insert into OA.PURCHASE_ORDERS (ORDER_ID,ORDER_READABLE_ID,SUBMITTER_ID,ITEM_CATEGORY_ID,CREATE_BY,CREATE_AT,SUBMIT_AT,LAST_UPDATED_BY,LAST_UPDATED_AT,STATE,SUBMIT_TOTAL,VERIFY_TOTAL,ACTUAL_TOTAL,ORDER_NOTE,CURRENT_APPROVER,CURRENT_EXECUTOR,DEPT_VERIFIER) values ('100001','CG-100001','273',null,null,null,null,null,null,'7',null,null,null,null,null,null,null);
Insert into OA.PURCHASE_ORDERS (ORDER_ID,ORDER_READABLE_ID,SUBMITTER_ID,ITEM_CATEGORY_ID,CREATE_BY,CREATE_AT,SUBMIT_AT,LAST_UPDATED_BY,LAST_UPDATED_AT,STATE,SUBMIT_TOTAL,VERIFY_TOTAL,ACTUAL_TOTAL,ORDER_NOTE,CURRENT_APPROVER,CURRENT_EXECUTOR,DEPT_VERIFIER) values ('100066','CG-100066','250','办公用品',null,null,to_date('16-MAY-13','DD-MON-RR'),null,null,'8',30,null,null,null,null,null,'153');
Insert into OA.PURCHASE_ORDERS (ORDER_ID,ORDER_READABLE_ID,SUBMITTER_ID,ITEM_CATEGORY_ID,CREATE_BY,CREATE_AT,SUBMIT_AT,LAST_UPDATED_BY,LAST_UPDATED_AT,STATE,SUBMIT_TOTAL,VERIFY_TOTAL,ACTUAL_TOTAL,ORDER_NOTE,CURRENT_APPROVER,CURRENT_EXECUTOR,DEPT_VERIFIER) values ('100083','CG-100083','501','办公用品',null,null,null,null,null,'7',null,null,null,null,null,null,null);
Insert into OA.PURCHASE_ORDERS (ORDER_ID,ORDER_READABLE_ID,SUBMITTER_ID,ITEM_CATEGORY_ID,CREATE_BY,CREATE_AT,SUBMIT_AT,LAST_UPDATED_BY,LAST_UPDATED_AT,STATE,SUBMIT_TOTAL,VERIFY_TOTAL,ACTUAL_TOTAL,ORDER_NOTE,CURRENT_APPROVER,CURRENT_EXECUTOR,DEPT_VERIFIER) values ('100022','CG-100022','273','其它',null,null,to_date('22-APR-13','DD-MON-RR'),null,null,'5',6300,6300,null,null,null,'采购执行','155');
Insert into OA.PURCHASE_ORDERS (ORDER_ID,ORDER_READABLE_ID,SUBMITTER_ID,ITEM_CATEGORY_ID,CREATE_BY,CREATE_AT,SUBMIT_AT,LAST_UPDATED_BY,LAST_UPDATED_AT,STATE,SUBMIT_TOTAL,VERIFY_TOTAL,ACTUAL_TOTAL,ORDER_NOTE,CURRENT_APPROVER,CURRENT_EXECUTOR,DEPT_VERIFIER) values ('100024','CG-100024','266','其它',null,null,to_date('23-APR-13','DD-MON-RR'),null,null,'5',2400,1200,null,null,null,'采购执行','155');
Insert into OA.PURCHASE_ORDERS (ORDER_ID,ORDER_READABLE_ID,SUBMITTER_ID,ITEM_CATEGORY_ID,CREATE_BY,CREATE_AT,SUBMIT_AT,LAST_UPDATED_BY,LAST_UPDATED_AT,STATE,SUBMIT_TOTAL,VERIFY_TOTAL,ACTUAL_TOTAL,ORDER_NOTE,CURRENT_APPROVER,CURRENT_EXECUTOR,DEPT_VERIFIER) values ('100027','CG-100027','273','办公用品',null,null,to_date('25-APR-13','DD-MON-RR'),null,null,'5',9000,9000,null,null,null,'采购执行','155');
Insert into OA.PURCHASE_ORDERS (ORDER_ID,ORDER_READABLE_ID,SUBMITTER_ID,ITEM_CATEGORY_ID,CREATE_BY,CREATE_AT,SUBMIT_AT,LAST_UPDATED_BY,LAST_UPDATED_AT,STATE,SUBMIT_TOTAL,VERIFY_TOTAL,ACTUAL_TOTAL,ORDER_NOTE,CURRENT_APPROVER,CURRENT_EXECUTOR,DEPT_VERIFIER) values ('100063','CG-100063','266','办公用品',null,null,to_date('09-MAY-13','DD-MON-RR'),null,null,'4',400000,null,null,null,null,null,'155');
Insert into OA.PURCHASE_ORDERS (ORDER_ID,ORDER_READABLE_ID,SUBMITTER_ID,ITEM_CATEGORY_ID,CREATE_BY,CREATE_AT,SUBMIT_AT,LAST_UPDATED_BY,LAST_UPDATED_AT,STATE,SUBMIT_TOTAL,VERIFY_TOTAL,ACTUAL_TOTAL,ORDER_NOTE,CURRENT_APPROVER,CURRENT_EXECUTOR,DEPT_VERIFIER) values ('100081','CG-100081','249','其它',null,null,to_date('22-MAY-13','DD-MON-RR'),null,null,'8',400,null,null,null,null,null,'153');
Insert into OA.PURCHASE_ORDERS (ORDER_ID,ORDER_READABLE_ID,SUBMITTER_ID,ITEM_CATEGORY_ID,CREATE_BY,CREATE_AT,SUBMIT_AT,LAST_UPDATED_BY,LAST_UPDATED_AT,STATE,SUBMIT_TOTAL,VERIFY_TOTAL,ACTUAL_TOTAL,ORDER_NOTE,CURRENT_APPROVER,CURRENT_EXECUTOR,DEPT_VERIFIER) values ('100025','CG-100025','268','办公用品',null,null,to_date('25-APR-13','DD-MON-RR'),null,null,'7',20,null,null,null,null,null,'155');
Insert into OA.PURCHASE_ORDERS (ORDER_ID,ORDER_READABLE_ID,SUBMITTER_ID,ITEM_CATEGORY_ID,CREATE_BY,CREATE_AT,SUBMIT_AT,LAST_UPDATED_BY,LAST_UPDATED_AT,STATE,SUBMIT_TOTAL,VERIFY_TOTAL,ACTUAL_TOTAL,ORDER_NOTE,CURRENT_APPROVER,CURRENT_EXECUTOR,DEPT_VERIFIER) values ('100026','CG-100026','268','水果点心',null,null,to_date('25-APR-13','DD-MON-RR'),null,null,'7',10,10,null,null,null,null,'155');
Insert into OA.PURCHASE_ORDERS (ORDER_ID,ORDER_READABLE_ID,SUBMITTER_ID,ITEM_CATEGORY_ID,CREATE_BY,CREATE_AT,SUBMIT_AT,LAST_UPDATED_BY,LAST_UPDATED_AT,STATE,SUBMIT_TOTAL,VERIFY_TOTAL,ACTUAL_TOTAL,ORDER_NOTE,CURRENT_APPROVER,CURRENT_EXECUTOR,DEPT_VERIFIER) values ('100042','CG-100042','282','办公用品',null,null,to_date('02-MAY-13','DD-MON-RR'),null,null,'5',350,350,null,null,null,'采购执行','156');
Insert into OA.PURCHASE_ORDERS (ORDER_ID,ORDER_READABLE_ID,SUBMITTER_ID,ITEM_CATEGORY_ID,CREATE_BY,CREATE_AT,SUBMIT_AT,LAST_UPDATED_BY,LAST_UPDATED_AT,STATE,SUBMIT_TOTAL,VERIFY_TOTAL,ACTUAL_TOTAL,ORDER_NOTE,CURRENT_APPROVER,CURRENT_EXECUTOR,DEPT_VERIFIER) values ('100043','CG-100043','282','办公用品',null,null,to_date('02-MAY-13','DD-MON-RR'),null,null,'5',600,600,null,null,null,'采购执行','156');
Insert into OA.PURCHASE_ORDERS (ORDER_ID,ORDER_READABLE_ID,SUBMITTER_ID,ITEM_CATEGORY_ID,CREATE_BY,CREATE_AT,SUBMIT_AT,LAST_UPDATED_BY,LAST_UPDATED_AT,STATE,SUBMIT_TOTAL,VERIFY_TOTAL,ACTUAL_TOTAL,ORDER_NOTE,CURRENT_APPROVER,CURRENT_EXECUTOR,DEPT_VERIFIER) values ('100061','CG-100061','266','其它',null,null,to_date('09-MAY-13','DD-MON-RR'),null,null,'7',0,null,null,null,null,null,'155');
Insert into OA.PURCHASE_ORDERS (ORDER_ID,ORDER_READABLE_ID,SUBMITTER_ID,ITEM_CATEGORY_ID,CREATE_BY,CREATE_AT,SUBMIT_AT,LAST_UPDATED_BY,LAST_UPDATED_AT,STATE,SUBMIT_TOTAL,VERIFY_TOTAL,ACTUAL_TOTAL,ORDER_NOTE,CURRENT_APPROVER,CURRENT_EXECUTOR,DEPT_VERIFIER) values ('100064','CG-100064','270','其它',null,null,to_date('10-MAY-13','DD-MON-RR'),null,null,'5',300,300,null,null,null,'采购执行','155');
Insert into OA.PURCHASE_ORDERS (ORDER_ID,ORDER_READABLE_ID,SUBMITTER_ID,ITEM_CATEGORY_ID,CREATE_BY,CREATE_AT,SUBMIT_AT,LAST_UPDATED_BY,LAST_UPDATED_AT,STATE,SUBMIT_TOTAL,VERIFY_TOTAL,ACTUAL_TOTAL,ORDER_NOTE,CURRENT_APPROVER,CURRENT_EXECUTOR,DEPT_VERIFIER) values ('100065','CG-100065','304','办公用品',null,null,to_date('15-MAY-13','DD-MON-RR'),null,null,'5',11500,11500,null,null,null,'采购执行','155');
Insert into OA.PURCHASE_ORDERS (ORDER_ID,ORDER_READABLE_ID,SUBMITTER_ID,ITEM_CATEGORY_ID,CREATE_BY,CREATE_AT,SUBMIT_AT,LAST_UPDATED_BY,LAST_UPDATED_AT,STATE,SUBMIT_TOTAL,VERIFY_TOTAL,ACTUAL_TOTAL,ORDER_NOTE,CURRENT_APPROVER,CURRENT_EXECUTOR,DEPT_VERIFIER) values ('100082','CG-100082','266','办公用品',null,null,to_date('27-MAY-13','DD-MON-RR'),null,null,'3',800,800,null,null,'采购终审',null,'155');
Insert into OA.PURCHASE_ORDERS (ORDER_ID,ORDER_READABLE_ID,SUBMITTER_ID,ITEM_CATEGORY_ID,CREATE_BY,CREATE_AT,SUBMIT_AT,LAST_UPDATED_BY,LAST_UPDATED_AT,STATE,SUBMIT_TOTAL,VERIFY_TOTAL,ACTUAL_TOTAL,ORDER_NOTE,CURRENT_APPROVER,CURRENT_EXECUTOR,DEPT_VERIFIER) values ('100021','CG-100021','279','办公用品',null,null,to_date('22-APR-13','DD-MON-RR'),null,null,'5',120,120,null,'存放学院光盘资料的档案盒，最好一盒可以存放30片以上的。',null,'采购执行','156');
Insert into OA.PURCHASE_ORDERS (ORDER_ID,ORDER_READABLE_ID,SUBMITTER_ID,ITEM_CATEGORY_ID,CREATE_BY,CREATE_AT,SUBMIT_AT,LAST_UPDATED_BY,LAST_UPDATED_AT,STATE,SUBMIT_TOTAL,VERIFY_TOTAL,ACTUAL_TOTAL,ORDER_NOTE,CURRENT_APPROVER,CURRENT_EXECUTOR,DEPT_VERIFIER) values ('100023','CG-100023','191',null,null,null,null,null,null,'7',null,null,null,null,null,null,null);
Insert into OA.PURCHASE_ORDERS (ORDER_ID,ORDER_READABLE_ID,SUBMITTER_ID,ITEM_CATEGORY_ID,CREATE_BY,CREATE_AT,SUBMIT_AT,LAST_UPDATED_BY,LAST_UPDATED_AT,STATE,SUBMIT_TOTAL,VERIFY_TOTAL,ACTUAL_TOTAL,ORDER_NOTE,CURRENT_APPROVER,CURRENT_EXECUTOR,DEPT_VERIFIER) values ('100041','CG-100041','279','办公用品',null,null,to_date('02-MAY-13','DD-MON-RR'),null,null,'5',1000,1000,null,null,null,'采购执行','156');
Insert into OA.PURCHASE_ORDERS (ORDER_ID,ORDER_READABLE_ID,SUBMITTER_ID,ITEM_CATEGORY_ID,CREATE_BY,CREATE_AT,SUBMIT_AT,LAST_UPDATED_BY,LAST_UPDATED_AT,STATE,SUBMIT_TOTAL,VERIFY_TOTAL,ACTUAL_TOTAL,ORDER_NOTE,CURRENT_APPROVER,CURRENT_EXECUTOR,DEPT_VERIFIER) values ('100062','CG-100062','266','办公用品',null,null,to_date('09-MAY-13','DD-MON-RR'),null,null,'5',300,300,null,null,null,'采购执行','155');
REM INSERTING into OA.PURCHASE_ORDER_HISTORYS
Insert into OA.PURCHASE_ORDER_HISTORYS (ORDER_HISTORY_ID,ORDER_ID,OPERATOR_ID,OPERATION_DETAIL,OPERATION_DATE) values ('1','100001','273','取消了该订单',to_date('18-APR-13','DD-MON-RR'));
Insert into OA.PURCHASE_ORDER_HISTORYS (ORDER_HISTORY_ID,ORDER_ID,OPERATOR_ID,OPERATION_DETAIL,OPERATION_DATE) values ('29','100022','155','审批了该订单',to_date('23-APR-13','DD-MON-RR'));
Insert into OA.PURCHASE_ORDER_HISTORYS (ORDER_HISTORY_ID,ORDER_ID,OPERATOR_ID,OPERATION_DETAIL,OPERATION_DATE) values ('42','100022','152','审批了该订单',to_date('24-APR-13','DD-MON-RR'));
Insert into OA.PURCHASE_ORDER_HISTORYS (ORDER_HISTORY_ID,ORDER_ID,OPERATOR_ID,OPERATION_DETAIL,OPERATION_DATE) values ('65','100042','156','完成了部门审核',to_date('03-MAY-13','DD-MON-RR'));
Insert into OA.PURCHASE_ORDER_HISTORYS (ORDER_HISTORY_ID,ORDER_ID,OPERATOR_ID,OPERATION_DETAIL,OPERATION_DATE) values ('81','100027','152','审批了该订单',to_date('08-MAY-13','DD-MON-RR'));
Insert into OA.PURCHASE_ORDER_HISTORYS (ORDER_HISTORY_ID,ORDER_ID,OPERATOR_ID,OPERATION_DETAIL,OPERATION_DATE) values ('83','100041','152','审批了该订单',to_date('08-MAY-13','DD-MON-RR'));
Insert into OA.PURCHASE_ORDER_HISTORYS (ORDER_HISTORY_ID,ORDER_ID,OPERATOR_ID,OPERATION_DETAIL,OPERATION_DATE) values ('100','100063','155','拒绝了该订单',to_date('11-MAY-13','DD-MON-RR'));
Insert into OA.PURCHASE_ORDER_HISTORYS (ORDER_HISTORY_ID,ORDER_ID,OPERATOR_ID,OPERATION_DETAIL,OPERATION_DATE) values ('105','100066','250','提交了该订单',to_date('16-MAY-13','DD-MON-RR'));
Insert into OA.PURCHASE_ORDER_HISTORYS (ORDER_HISTORY_ID,ORDER_ID,OPERATOR_ID,OPERATION_DETAIL,OPERATION_DATE) values ('107','100064','152','审批了该订单',to_date('16-MAY-13','DD-MON-RR'));
Insert into OA.PURCHASE_ORDER_HISTORYS (ORDER_HISTORY_ID,ORDER_ID,OPERATOR_ID,OPERATION_DETAIL,OPERATION_DATE) values ('126','100083','501','取消了该订单',to_date('28-MAY-13','DD-MON-RR'));
Insert into OA.PURCHASE_ORDER_HISTORYS (ORDER_HISTORY_ID,ORDER_ID,OPERATOR_ID,OPERATION_DETAIL,OPERATION_DATE) values ('22','100022','273','提交了该订单',to_date('22-APR-13','DD-MON-RR'));
Insert into OA.PURCHASE_ORDER_HISTORYS (ORDER_HISTORY_ID,ORDER_ID,OPERATOR_ID,OPERATION_DETAIL,OPERATION_DATE) values ('25','100024','266','提交了该订单',to_date('23-APR-13','DD-MON-RR'));
Insert into OA.PURCHASE_ORDER_HISTORYS (ORDER_HISTORY_ID,ORDER_ID,OPERATOR_ID,OPERATION_DETAIL,OPERATION_DATE) values ('27','100022','291','审核了该订单',to_date('23-APR-13','DD-MON-RR'));
Insert into OA.PURCHASE_ORDER_HISTORYS (ORDER_HISTORY_ID,ORDER_ID,OPERATOR_ID,OPERATION_DETAIL,OPERATION_DATE) values ('28','100024','291','审核了该订单',to_date('23-APR-13','DD-MON-RR'));
Insert into OA.PURCHASE_ORDER_HISTORYS (ORDER_HISTORY_ID,ORDER_ID,OPERATOR_ID,OPERATION_DETAIL,OPERATION_DATE) values ('48','100026','155','拒绝了该订单',to_date('25-APR-13','DD-MON-RR'));
Insert into OA.PURCHASE_ORDER_HISTORYS (ORDER_HISTORY_ID,ORDER_ID,OPERATOR_ID,OPERATION_DETAIL,OPERATION_DATE) values ('49','100025','268','取消了该订单',to_date('25-APR-13','DD-MON-RR'));
Insert into OA.PURCHASE_ORDER_HISTORYS (ORDER_HISTORY_ID,ORDER_ID,OPERATOR_ID,OPERATION_DETAIL,OPERATION_DATE) values ('50','100026','268','取消了该订单',to_date('25-APR-13','DD-MON-RR'));
Insert into OA.PURCHASE_ORDER_HISTORYS (ORDER_HISTORY_ID,ORDER_ID,OPERATOR_ID,OPERATION_DETAIL,OPERATION_DATE) values ('51','100027','273','提交了该订单',to_date('25-APR-13','DD-MON-RR'));
Insert into OA.PURCHASE_ORDER_HISTORYS (ORDER_HISTORY_ID,ORDER_ID,OPERATOR_ID,OPERATION_DETAIL,OPERATION_DATE) values ('52','100021','156','完成了部门审核',to_date('25-APR-13','DD-MON-RR'));
Insert into OA.PURCHASE_ORDER_HISTORYS (ORDER_HISTORY_ID,ORDER_ID,OPERATOR_ID,OPERATION_DETAIL,OPERATION_DATE) values ('53','100021','291','审核了该订单',to_date('25-APR-13','DD-MON-RR'));
Insert into OA.PURCHASE_ORDER_HISTORYS (ORDER_HISTORY_ID,ORDER_ID,OPERATOR_ID,OPERATION_DETAIL,OPERATION_DATE) values ('55','100021','155','审批了该订单',to_date('25-APR-13','DD-MON-RR'));
Insert into OA.PURCHASE_ORDER_HISTORYS (ORDER_HISTORY_ID,ORDER_ID,OPERATOR_ID,OPERATION_DETAIL,OPERATION_DATE) values ('88','100062','155','完成了部门审核',to_date('09-MAY-13','DD-MON-RR'));
Insert into OA.PURCHASE_ORDER_HISTORYS (ORDER_HISTORY_ID,ORDER_ID,OPERATOR_ID,OPERATION_DETAIL,OPERATION_DATE) values ('90','100061','266','提交了该订单',to_date('09-MAY-13','DD-MON-RR'));
Insert into OA.PURCHASE_ORDER_HISTORYS (ORDER_HISTORY_ID,ORDER_ID,OPERATOR_ID,OPERATION_DETAIL,OPERATION_DATE) values ('91','100061','266','取消了该订单',to_date('09-MAY-13','DD-MON-RR'));
Insert into OA.PURCHASE_ORDER_HISTORYS (ORDER_HISTORY_ID,ORDER_ID,OPERATOR_ID,OPERATION_DETAIL,OPERATION_DATE) values ('92','100063','266','提交了该订单',to_date('09-MAY-13','DD-MON-RR'));
Insert into OA.PURCHASE_ORDER_HISTORYS (ORDER_HISTORY_ID,ORDER_ID,OPERATOR_ID,OPERATION_DETAIL,OPERATION_DATE) values ('93','100062','291','审核了该订单',to_date('09-MAY-13','DD-MON-RR'));
Insert into OA.PURCHASE_ORDER_HISTORYS (ORDER_HISTORY_ID,ORDER_ID,OPERATOR_ID,OPERATION_DETAIL,OPERATION_DATE) values ('97','100062','152','审批了该订单',to_date('10-MAY-13','DD-MON-RR'));
Insert into OA.PURCHASE_ORDER_HISTORYS (ORDER_HISTORY_ID,ORDER_ID,OPERATOR_ID,OPERATION_DETAIL,OPERATION_DATE) values ('98','100064','291','审核了该订单',to_date('11-MAY-13','DD-MON-RR'));
Insert into OA.PURCHASE_ORDER_HISTORYS (ORDER_HISTORY_ID,ORDER_ID,OPERATOR_ID,OPERATION_DETAIL,OPERATION_DATE) values ('102','100065','155','完成了部门审核',to_date('16-MAY-13','DD-MON-RR'));
Insert into OA.PURCHASE_ORDER_HISTORYS (ORDER_HISTORY_ID,ORDER_ID,OPERATOR_ID,OPERATION_DETAIL,OPERATION_DATE) values ('104','100065','155','审批了该订单',to_date('16-MAY-13','DD-MON-RR'));
Insert into OA.PURCHASE_ORDER_HISTORYS (ORDER_HISTORY_ID,ORDER_ID,OPERATOR_ID,OPERATION_DETAIL,OPERATION_DATE) values ('121','100081','249','提交了该订单',to_date('22-MAY-13','DD-MON-RR'));
Insert into OA.PURCHASE_ORDER_HISTORYS (ORDER_HISTORY_ID,ORDER_ID,OPERATOR_ID,OPERATION_DETAIL,OPERATION_DATE) values ('23','100022','155','完成了部门审核',to_date('22-APR-13','DD-MON-RR'));
Insert into OA.PURCHASE_ORDER_HISTORYS (ORDER_HISTORY_ID,ORDER_ID,OPERATOR_ID,OPERATION_DETAIL,OPERATION_DATE) values ('26','100024','155','完成了部门审核',to_date('23-APR-13','DD-MON-RR'));
Insert into OA.PURCHASE_ORDER_HISTORYS (ORDER_HISTORY_ID,ORDER_ID,OPERATOR_ID,OPERATION_DETAIL,OPERATION_DATE) values ('54','100027','155','完成了部门审核',to_date('25-APR-13','DD-MON-RR'));
Insert into OA.PURCHASE_ORDER_HISTORYS (ORDER_HISTORY_ID,ORDER_ID,OPERATOR_ID,OPERATION_DETAIL,OPERATION_DATE) values ('64','100043','156','完成了部门审核',to_date('03-MAY-13','DD-MON-RR'));
Insert into OA.PURCHASE_ORDER_HISTORYS (ORDER_HISTORY_ID,ORDER_ID,OPERATOR_ID,OPERATION_DETAIL,OPERATION_DATE) values ('66','100041','156','完成了部门审核',to_date('03-MAY-13','DD-MON-RR'));
Insert into OA.PURCHASE_ORDER_HISTORYS (ORDER_HISTORY_ID,ORDER_ID,OPERATOR_ID,OPERATION_DETAIL,OPERATION_DATE) values ('67','100041','291','审核了该订单',to_date('03-MAY-13','DD-MON-RR'));
Insert into OA.PURCHASE_ORDER_HISTORYS (ORDER_HISTORY_ID,ORDER_ID,OPERATOR_ID,OPERATION_DETAIL,OPERATION_DATE) values ('68','100042','291','审核了该订单',to_date('03-MAY-13','DD-MON-RR'));
Insert into OA.PURCHASE_ORDER_HISTORYS (ORDER_HISTORY_ID,ORDER_ID,OPERATOR_ID,OPERATION_DETAIL,OPERATION_DATE) values ('69','100043','291','审核了该订单',to_date('03-MAY-13','DD-MON-RR'));
Insert into OA.PURCHASE_ORDER_HISTORYS (ORDER_HISTORY_ID,ORDER_ID,OPERATOR_ID,OPERATION_DETAIL,OPERATION_DATE) values ('70','100027','291','审核了该订单',to_date('03-MAY-13','DD-MON-RR'));
Insert into OA.PURCHASE_ORDER_HISTORYS (ORDER_HISTORY_ID,ORDER_ID,OPERATOR_ID,OPERATION_DETAIL,OPERATION_DATE) values ('71','100042','155','审批了该订单',to_date('03-MAY-13','DD-MON-RR'));
Insert into OA.PURCHASE_ORDER_HISTORYS (ORDER_HISTORY_ID,ORDER_ID,OPERATOR_ID,OPERATION_DETAIL,OPERATION_DATE) values ('72','100041','155','审批了该订单',to_date('03-MAY-13','DD-MON-RR'));
Insert into OA.PURCHASE_ORDER_HISTORYS (ORDER_HISTORY_ID,ORDER_ID,OPERATOR_ID,OPERATION_DETAIL,OPERATION_DATE) values ('73','100043','155','审批了该订单',to_date('03-MAY-13','DD-MON-RR'));
Insert into OA.PURCHASE_ORDER_HISTORYS (ORDER_HISTORY_ID,ORDER_ID,OPERATOR_ID,OPERATION_DETAIL,OPERATION_DATE) values ('74','100027','155','审批了该订单',to_date('03-MAY-13','DD-MON-RR'));
Insert into OA.PURCHASE_ORDER_HISTORYS (ORDER_HISTORY_ID,ORDER_ID,OPERATOR_ID,OPERATION_DETAIL,OPERATION_DATE) values ('89','100061','155','拒绝了该订单',to_date('09-MAY-13','DD-MON-RR'));
Insert into OA.PURCHASE_ORDER_HISTORYS (ORDER_HISTORY_ID,ORDER_ID,OPERATOR_ID,OPERATION_DETAIL,OPERATION_DATE) values ('96','100064','155','完成了部门审核',to_date('10-MAY-13','DD-MON-RR'));
Insert into OA.PURCHASE_ORDER_HISTORYS (ORDER_HISTORY_ID,ORDER_ID,OPERATOR_ID,OPERATION_DETAIL,OPERATION_DATE) values ('103','100065','291','审核了该订单',to_date('16-MAY-13','DD-MON-RR'));
Insert into OA.PURCHASE_ORDER_HISTORYS (ORDER_HISTORY_ID,ORDER_ID,OPERATOR_ID,OPERATION_DETAIL,OPERATION_DATE) values ('106','100065','152','审批了该订单',to_date('16-MAY-13','DD-MON-RR'));
Insert into OA.PURCHASE_ORDER_HISTORYS (ORDER_HISTORY_ID,ORDER_ID,OPERATOR_ID,OPERATION_DETAIL,OPERATION_DATE) values ('125','100082','155','审批了该订单',to_date('27-MAY-13','DD-MON-RR'));
Insert into OA.PURCHASE_ORDER_HISTORYS (ORDER_HISTORY_ID,ORDER_ID,OPERATOR_ID,OPERATION_DETAIL,OPERATION_DATE) values ('43','100025','268','提交了该订单',to_date('25-APR-13','DD-MON-RR'));
Insert into OA.PURCHASE_ORDER_HISTORYS (ORDER_HISTORY_ID,ORDER_ID,OPERATOR_ID,OPERATION_DETAIL,OPERATION_DATE) values ('44','100026','268','提交了该订单',to_date('25-APR-13','DD-MON-RR'));
Insert into OA.PURCHASE_ORDER_HISTORYS (ORDER_HISTORY_ID,ORDER_ID,OPERATOR_ID,OPERATION_DETAIL,OPERATION_DATE) values ('46','100026','155','完成了部门审核',to_date('25-APR-13','DD-MON-RR'));
Insert into OA.PURCHASE_ORDER_HISTORYS (ORDER_HISTORY_ID,ORDER_ID,OPERATOR_ID,OPERATION_DETAIL,OPERATION_DATE) values ('62','100042','282','提交了该订单',to_date('02-MAY-13','DD-MON-RR'));
Insert into OA.PURCHASE_ORDER_HISTORYS (ORDER_HISTORY_ID,ORDER_ID,OPERATOR_ID,OPERATION_DETAIL,OPERATION_DATE) values ('63','100043','282','提交了该订单',to_date('02-MAY-13','DD-MON-RR'));
Insert into OA.PURCHASE_ORDER_HISTORYS (ORDER_HISTORY_ID,ORDER_ID,OPERATOR_ID,OPERATION_DETAIL,OPERATION_DATE) values ('82','100043','152','审批了该订单',to_date('08-MAY-13','DD-MON-RR'));
Insert into OA.PURCHASE_ORDER_HISTORYS (ORDER_HISTORY_ID,ORDER_ID,OPERATOR_ID,OPERATION_DETAIL,OPERATION_DATE) values ('84','100042','152','审批了该订单',to_date('08-MAY-13','DD-MON-RR'));
Insert into OA.PURCHASE_ORDER_HISTORYS (ORDER_HISTORY_ID,ORDER_ID,OPERATOR_ID,OPERATION_DETAIL,OPERATION_DATE) values ('85','100021','152','审批了该订单',to_date('08-MAY-13','DD-MON-RR'));
Insert into OA.PURCHASE_ORDER_HISTORYS (ORDER_HISTORY_ID,ORDER_ID,OPERATOR_ID,OPERATION_DETAIL,OPERATION_DATE) values ('86','100061','266','提交了该订单',to_date('09-MAY-13','DD-MON-RR'));
Insert into OA.PURCHASE_ORDER_HISTORYS (ORDER_HISTORY_ID,ORDER_ID,OPERATOR_ID,OPERATION_DETAIL,OPERATION_DATE) values ('95','100064','270','提交了该订单',to_date('10-MAY-13','DD-MON-RR'));
Insert into OA.PURCHASE_ORDER_HISTORYS (ORDER_HISTORY_ID,ORDER_ID,OPERATOR_ID,OPERATION_DETAIL,OPERATION_DATE) values ('99','100064','155','审批了该订单',to_date('11-MAY-13','DD-MON-RR'));
Insert into OA.PURCHASE_ORDER_HISTORYS (ORDER_HISTORY_ID,ORDER_ID,OPERATOR_ID,OPERATION_DETAIL,OPERATION_DATE) values ('101','100065','304','提交了该订单',to_date('15-MAY-13','DD-MON-RR'));
Insert into OA.PURCHASE_ORDER_HISTORYS (ORDER_HISTORY_ID,ORDER_ID,OPERATOR_ID,OPERATION_DETAIL,OPERATION_DATE) values ('122','100082','266','提交了该订单',to_date('27-MAY-13','DD-MON-RR'));
Insert into OA.PURCHASE_ORDER_HISTORYS (ORDER_HISTORY_ID,ORDER_ID,OPERATOR_ID,OPERATION_DETAIL,OPERATION_DATE) values ('21','100021','279','提交了该订单',to_date('22-APR-13','DD-MON-RR'));
Insert into OA.PURCHASE_ORDER_HISTORYS (ORDER_HISTORY_ID,ORDER_ID,OPERATOR_ID,OPERATION_DETAIL,OPERATION_DATE) values ('24','100023','191','取消了该订单',to_date('23-APR-13','DD-MON-RR'));
Insert into OA.PURCHASE_ORDER_HISTORYS (ORDER_HISTORY_ID,ORDER_ID,OPERATOR_ID,OPERATION_DETAIL,OPERATION_DATE) values ('30','100024','155','审批了该订单',to_date('23-APR-13','DD-MON-RR'));
Insert into OA.PURCHASE_ORDER_HISTORYS (ORDER_HISTORY_ID,ORDER_ID,OPERATOR_ID,OPERATION_DETAIL,OPERATION_DATE) values ('41','100024','152','审批了该订单',to_date('24-APR-13','DD-MON-RR'));
Insert into OA.PURCHASE_ORDER_HISTORYS (ORDER_HISTORY_ID,ORDER_ID,OPERATOR_ID,OPERATION_DETAIL,OPERATION_DATE) values ('45','100025','155','完成了部门审核',to_date('25-APR-13','DD-MON-RR'));
Insert into OA.PURCHASE_ORDER_HISTORYS (ORDER_HISTORY_ID,ORDER_ID,OPERATOR_ID,OPERATION_DETAIL,OPERATION_DATE) values ('47','100026','291','审核了该订单',to_date('25-APR-13','DD-MON-RR'));
Insert into OA.PURCHASE_ORDER_HISTORYS (ORDER_HISTORY_ID,ORDER_ID,OPERATOR_ID,OPERATION_DETAIL,OPERATION_DATE) values ('61','100041','279','提交了该订单',to_date('02-MAY-13','DD-MON-RR'));
Insert into OA.PURCHASE_ORDER_HISTORYS (ORDER_HISTORY_ID,ORDER_ID,OPERATOR_ID,OPERATION_DETAIL,OPERATION_DATE) values ('87','100062','266','提交了该订单',to_date('09-MAY-13','DD-MON-RR'));
Insert into OA.PURCHASE_ORDER_HISTORYS (ORDER_HISTORY_ID,ORDER_ID,OPERATOR_ID,OPERATION_DETAIL,OPERATION_DATE) values ('94','100062','155','审批了该订单',to_date('09-MAY-13','DD-MON-RR'));
Insert into OA.PURCHASE_ORDER_HISTORYS (ORDER_HISTORY_ID,ORDER_ID,OPERATOR_ID,OPERATION_DETAIL,OPERATION_DATE) values ('123','100082','155','完成了部门审核',to_date('27-MAY-13','DD-MON-RR'));
Insert into OA.PURCHASE_ORDER_HISTORYS (ORDER_HISTORY_ID,ORDER_ID,OPERATOR_ID,OPERATION_DETAIL,OPERATION_DATE) values ('124','100082','291','审核了该订单',to_date('27-MAY-13','DD-MON-RR'));
REM INSERTING into OA.PURCHASE_ORDER_LINES
Insert into OA.PURCHASE_ORDER_LINES (ORDER_LINE_ID,ORDER_ID,ITEM_ID,ITEM_DESCRIPTION,SUBMIT_QUANTITY,SUBMIT_UNIT,SUBMIT_PRICE,SUBMIT_TOTAL,EXPECTED_DATE,SUBMIT_NOTE,STATE,PURCHASE_QUANTITY,ACTUAL_PRICE,ACTUAL_TOTAL,VERIFY_NOTE,RECEIVE_QUANTITY,CANCELLED) values ('62','100066','其它','VGA信号线一头公一头母',1,'自忠路教育学院',30,30,to_date('20-MAY-13','DD-MON-RR'),'自忠路1号楼302教室培训使用','1',null,null,null,null,null,'N');
Insert into OA.PURCHASE_ORDER_LINES (ORDER_LINE_ID,ORDER_ID,ITEM_ID,ITEM_DESCRIPTION,SUBMIT_QUANTITY,SUBMIT_UNIT,SUBMIT_PRICE,SUBMIT_TOTAL,EXPECTED_DATE,SUBMIT_NOTE,STATE,PURCHASE_QUANTITY,ACTUAL_PRICE,ACTUAL_TOTAL,VERIFY_NOTE,RECEIVE_QUANTITY,CANCELLED) values ('2','100022','其它','鼎易P06数影仪',1,'台',1500,1500,to_date('30-APR-13','DD-MON-RR'),'未来教育实验室设备','1',1,null,null,null,null,'N');
Insert into OA.PURCHASE_ORDER_LINES (ORDER_LINE_ID,ORDER_ID,ITEM_ID,ITEM_DESCRIPTION,SUBMIT_QUANTITY,SUBMIT_UNIT,SUBMIT_PRICE,SUBMIT_TOTAL,EXPECTED_DATE,SUBMIT_NOTE,STATE,PURCHASE_QUANTITY,ACTUAL_PRICE,ACTUAL_TOTAL,VERIFY_NOTE,RECEIVE_QUANTITY,CANCELLED) values ('3','100022','其它','DHP-1000A(无线投影网关）',1,'台',4800,4800,to_date('30-APR-13','DD-MON-RR'),'未来教育实验室设备','1',1,null,null,null,null,'N');
Insert into OA.PURCHASE_ORDER_LINES (ORDER_LINE_ID,ORDER_ID,ITEM_ID,ITEM_DESCRIPTION,SUBMIT_QUANTITY,SUBMIT_UNIT,SUBMIT_PRICE,SUBMIT_TOTAL,EXPECTED_DATE,SUBMIT_NOTE,STATE,PURCHASE_QUANTITY,ACTUAL_PRICE,ACTUAL_TOTAL,VERIFY_NOTE,RECEIVE_QUANTITY,CANCELLED) values ('4','100024','其它','摄像机电池',2,'个',1200,2400,to_date('08-MAY-13','DD-MON-RR'),'萌芽杯大量录课备用电池','1',1,null,null,null,null,'N');
Insert into OA.PURCHASE_ORDER_LINES (ORDER_LINE_ID,ORDER_ID,ITEM_ID,ITEM_DESCRIPTION,SUBMIT_QUANTITY,SUBMIT_UNIT,SUBMIT_PRICE,SUBMIT_TOTAL,EXPECTED_DATE,SUBMIT_NOTE,STATE,PURCHASE_QUANTITY,ACTUAL_PRICE,ACTUAL_TOTAL,VERIFY_NOTE,RECEIVE_QUANTITY,CANCELLED) values ('7','100027','其它','联想IdeaPad Y500N-ISE(T)',1,'台',9000,9000,to_date('03-MAY-13','DD-MON-RR'),'德育实训用','1',1,null,null,null,null,'N');
Insert into OA.PURCHASE_ORDER_LINES (ORDER_LINE_ID,ORDER_ID,ITEM_ID,ITEM_DESCRIPTION,SUBMIT_QUANTITY,SUBMIT_UNIT,SUBMIT_PRICE,SUBMIT_TOTAL,EXPECTED_DATE,SUBMIT_NOTE,STATE,PURCHASE_QUANTITY,ACTUAL_PRICE,ACTUAL_TOTAL,VERIFY_NOTE,RECEIVE_QUANTITY,CANCELLED) values ('43','100061','其它','dvd光盘（怡敏信）',500,'盘',800,null,to_date('14-MAY-13','DD-MON-RR'),'萌芽杯、新疆教师录课等','1',null,null,null,null,null,'N');
Insert into OA.PURCHASE_ORDER_LINES (ORDER_LINE_ID,ORDER_ID,ITEM_ID,ITEM_DESCRIPTION,SUBMIT_QUANTITY,SUBMIT_UNIT,SUBMIT_PRICE,SUBMIT_TOTAL,EXPECTED_DATE,SUBMIT_NOTE,STATE,PURCHASE_QUANTITY,ACTUAL_PRICE,ACTUAL_TOTAL,VERIFY_NOTE,RECEIVE_QUANTITY,CANCELLED) values ('44','100063','其它','dvd(怡敏信)',500,'盘',800,400000,to_date('14-MAY-13','DD-MON-RR'),null,'1',null,null,null,null,null,'N');
Insert into OA.PURCHASE_ORDER_LINES (ORDER_LINE_ID,ORDER_ID,ITEM_ID,ITEM_DESCRIPTION,SUBMIT_QUANTITY,SUBMIT_UNIT,SUBMIT_PRICE,SUBMIT_TOTAL,EXPECTED_DATE,SUBMIT_NOTE,STATE,PURCHASE_QUANTITY,ACTUAL_PRICE,ACTUAL_TOTAL,VERIFY_NOTE,RECEIVE_QUANTITY,CANCELLED) values ('81','100081','其它','带降噪功能的耳麦',1,'师训部',300,300,to_date('07-JUN-13','DD-MON-RR'),'动圈式','1',null,null,null,null,null,'N');
Insert into OA.PURCHASE_ORDER_LINES (ORDER_LINE_ID,ORDER_ID,ITEM_ID,ITEM_DESCRIPTION,SUBMIT_QUANTITY,SUBMIT_UNIT,SUBMIT_PRICE,SUBMIT_TOTAL,EXPECTED_DATE,SUBMIT_NOTE,STATE,PURCHASE_QUANTITY,ACTUAL_PRICE,ACTUAL_TOTAL,VERIFY_NOTE,RECEIVE_QUANTITY,CANCELLED) values ('82','100081','其它','1.4版19芯hdmi线',1,'师训部',100,100,to_date('07-JUN-13','DD-MON-RR'),'1.5~2米长','1',null,null,null,null,null,'N');
Insert into OA.PURCHASE_ORDER_LINES (ORDER_LINE_ID,ORDER_ID,ITEM_ID,ITEM_DESCRIPTION,SUBMIT_QUANTITY,SUBMIT_UNIT,SUBMIT_PRICE,SUBMIT_TOTAL,EXPECTED_DATE,SUBMIT_NOTE,STATE,PURCHASE_QUANTITY,ACTUAL_PRICE,ACTUAL_TOTAL,VERIFY_NOTE,RECEIVE_QUANTITY,CANCELLED) values ('5','100025','水笔','英雄牌',2,'信息部',10,20,to_date('30-APR-13','DD-MON-RR'),null,'1',null,null,null,null,null,'N');
Insert into OA.PURCHASE_ORDER_LINES (ORDER_LINE_ID,ORDER_ID,ITEM_ID,ITEM_DESCRIPTION,SUBMIT_QUANTITY,SUBMIT_UNIT,SUBMIT_PRICE,SUBMIT_TOTAL,EXPECTED_DATE,SUBMIT_NOTE,STATE,PURCHASE_QUANTITY,ACTUAL_PRICE,ACTUAL_TOTAL,VERIFY_NOTE,RECEIVE_QUANTITY,CANCELLED) values ('6','100026','水果','苹果',10,'信息部',1,10,to_date('30-APR-13','DD-MON-RR'),null,'1',10,null,null,null,null,'N');
Insert into OA.PURCHASE_ORDER_LINES (ORDER_LINE_ID,ORDER_ID,ITEM_ID,ITEM_DESCRIPTION,SUBMIT_QUANTITY,SUBMIT_UNIT,SUBMIT_PRICE,SUBMIT_TOTAL,EXPECTED_DATE,SUBMIT_NOTE,STATE,PURCHASE_QUANTITY,ACTUAL_PRICE,ACTUAL_TOTAL,VERIFY_NOTE,RECEIVE_QUANTITY,CANCELLED) values ('22','100042','其它','打洞机',1,'台',350,350,to_date('13-MAY-13','DD-MON-RR'),'制作档案用手动打洞机','1',1,null,null,null,null,'N');
Insert into OA.PURCHASE_ORDER_LINES (ORDER_LINE_ID,ORDER_ID,ITEM_ID,ITEM_DESCRIPTION,SUBMIT_QUANTITY,SUBMIT_UNIT,SUBMIT_PRICE,SUBMIT_TOTAL,EXPECTED_DATE,SUBMIT_NOTE,STATE,PURCHASE_QUANTITY,ACTUAL_PRICE,ACTUAL_TOTAL,VERIFY_NOTE,RECEIVE_QUANTITY,CANCELLED) values ('23','100043','其它','光盘档案簿',20,'本',30,600,to_date('13-MAY-13','DD-MON-RR'),'制作光盘档案用','1',20,null,null,null,null,'N');
Insert into OA.PURCHASE_ORDER_LINES (ORDER_LINE_ID,ORDER_ID,ITEM_ID,ITEM_DESCRIPTION,SUBMIT_QUANTITY,SUBMIT_UNIT,SUBMIT_PRICE,SUBMIT_TOTAL,EXPECTED_DATE,SUBMIT_NOTE,STATE,PURCHASE_QUANTITY,ACTUAL_PRICE,ACTUAL_TOTAL,VERIFY_NOTE,RECEIVE_QUANTITY,CANCELLED) values ('41','100061','其它','dvd光盘',500,'盘',null,0,to_date('16-MAY-13','DD-MON-RR'),'急需','1',null,null,null,null,null,'N');
Insert into OA.PURCHASE_ORDER_LINES (ORDER_LINE_ID,ORDER_ID,ITEM_ID,ITEM_DESCRIPTION,SUBMIT_QUANTITY,SUBMIT_UNIT,SUBMIT_PRICE,SUBMIT_TOTAL,EXPECTED_DATE,SUBMIT_NOTE,STATE,PURCHASE_QUANTITY,ACTUAL_PRICE,ACTUAL_TOTAL,VERIFY_NOTE,RECEIVE_QUANTITY,CANCELLED) values ('45','100064','其它','影棚课桌贴纸',1,'卷',300,300,to_date('15-MAY-13','DD-MON-RR'),null,'1',1,null,null,null,null,'N');
Insert into OA.PURCHASE_ORDER_LINES (ORDER_LINE_ID,ORDER_ID,ITEM_ID,ITEM_DESCRIPTION,SUBMIT_QUANTITY,SUBMIT_UNIT,SUBMIT_PRICE,SUBMIT_TOTAL,EXPECTED_DATE,SUBMIT_NOTE,STATE,PURCHASE_QUANTITY,ACTUAL_PRICE,ACTUAL_TOTAL,VERIFY_NOTE,RECEIVE_QUANTITY,CANCELLED) values ('61','100065','其它','电风扇',50,'台',230,11500,to_date('20-MAY-13','DD-MON-RR'),null,'1',50,null,null,null,null,'N');
Insert into OA.PURCHASE_ORDER_LINES (ORDER_LINE_ID,ORDER_ID,ITEM_ID,ITEM_DESCRIPTION,SUBMIT_QUANTITY,SUBMIT_UNIT,SUBMIT_PRICE,SUBMIT_TOTAL,EXPECTED_DATE,SUBMIT_NOTE,STATE,PURCHASE_QUANTITY,ACTUAL_PRICE,ACTUAL_TOTAL,VERIFY_NOTE,RECEIVE_QUANTITY,CANCELLED) values ('83','100082','其它','dvd',500,'盘',1.6,800,to_date('28-MAY-13','DD-MON-RR'),'急需','1',500,null,null,null,null,'N');
Insert into OA.PURCHASE_ORDER_LINES (ORDER_LINE_ID,ORDER_ID,ITEM_ID,ITEM_DESCRIPTION,SUBMIT_QUANTITY,SUBMIT_UNIT,SUBMIT_PRICE,SUBMIT_TOTAL,EXPECTED_DATE,SUBMIT_NOTE,STATE,PURCHASE_QUANTITY,ACTUAL_PRICE,ACTUAL_TOTAL,VERIFY_NOTE,RECEIVE_QUANTITY,CANCELLED) values ('1','100021','其它','放光盘的档案盒',2,'元',60,120,to_date('28-APR-13','DD-MON-RR'),null,'1',2,null,null,null,null,'N');
Insert into OA.PURCHASE_ORDER_LINES (ORDER_LINE_ID,ORDER_ID,ITEM_ID,ITEM_DESCRIPTION,SUBMIT_QUANTITY,SUBMIT_UNIT,SUBMIT_PRICE,SUBMIT_TOTAL,EXPECTED_DATE,SUBMIT_NOTE,STATE,PURCHASE_QUANTITY,ACTUAL_PRICE,ACTUAL_TOTAL,VERIFY_NOTE,RECEIVE_QUANTITY,CANCELLED) values ('21','100041','其它','扫描仪，最好是佳能',1,'元',1000,1000,to_date('27-MAY-13','DD-MON-RR'),'院办申请，原有的扫描仪已无法使用','1',1,null,null,null,null,'N');
Insert into OA.PURCHASE_ORDER_LINES (ORDER_LINE_ID,ORDER_ID,ITEM_ID,ITEM_DESCRIPTION,SUBMIT_QUANTITY,SUBMIT_UNIT,SUBMIT_PRICE,SUBMIT_TOTAL,EXPECTED_DATE,SUBMIT_NOTE,STATE,PURCHASE_QUANTITY,ACTUAL_PRICE,ACTUAL_TOTAL,VERIFY_NOTE,RECEIVE_QUANTITY,CANCELLED) values ('42','100062','其它','uv镜（佳能77多层镀膜）',1,'块',300,300,to_date('15-MAY-13','DD-MON-RR'),null,'1',1,null,null,null,null,'N');
REM INSERTING into OA.REPAIR_CALLS
REM INSERTING into OA.ROLES
Insert into OA.ROLES (ROLE_ID,ROLE_NAME,ROLE_DESC,CREATED_AT,CREATED_BY,LAST_UPDATED_AT,LAST_UPDATED_BY,EXPIRED) values ('1','系统管理员','系统管理员',null,null,null,null,'N');
Insert into OA.ROLES (ROLE_ID,ROLE_NAME,ROLE_DESC,CREATED_AT,CREATED_BY,LAST_UPDATED_AT,LAST_UPDATED_BY,EXPIRED) values ('2','会议室审核','会议室审核',null,null,null,null,'N');
Insert into OA.ROLES (ROLE_ID,ROLE_NAME,ROLE_DESC,CREATED_AT,CREATED_BY,LAST_UPDATED_AT,LAST_UPDATED_BY,EXPIRED) values ('3','车辆申请','车辆申请',null,null,null,null,'N');
Insert into OA.ROLES (ROLE_ID,ROLE_NAME,ROLE_DESC,CREATED_AT,CREATED_BY,LAST_UPDATED_AT,LAST_UPDATED_BY,EXPIRED) values ('4','车辆审核','车辆审核',null,null,null,null,'Y');
Insert into OA.ROLES (ROLE_ID,ROLE_NAME,ROLE_DESC,CREATED_AT,CREATED_BY,LAST_UPDATED_AT,LAST_UPDATED_BY,EXPIRED) values ('5','车辆调度','车辆调度',null,null,null,null,'N');
Insert into OA.ROLES (ROLE_ID,ROLE_NAME,ROLE_DESC,CREATED_AT,CREATED_BY,LAST_UPDATED_AT,LAST_UPDATED_BY,EXPIRED) values ('6','教室管理员','教室管理员',null,null,null,null,'N');
Insert into OA.ROLES (ROLE_ID,ROLE_NAME,ROLE_DESC,CREATED_AT,CREATED_BY,LAST_UPDATED_AT,LAST_UPDATED_BY,EXPIRED) values ('11','采购审核','采购审核',null,null,null,null,'N');
Insert into OA.ROLES (ROLE_ID,ROLE_NAME,ROLE_DESC,CREATED_AT,CREATED_BY,LAST_UPDATED_AT,LAST_UPDATED_BY,EXPIRED) values ('12','采购审批','采购审批',null,null,null,null,'N');
Insert into OA.ROLES (ROLE_ID,ROLE_NAME,ROLE_DESC,CREATED_AT,CREATED_BY,LAST_UPDATED_AT,LAST_UPDATED_BY,EXPIRED) values ('13','采购终审','采购终审',null,null,null,null,'N');
Insert into OA.ROLES (ROLE_ID,ROLE_NAME,ROLE_DESC,CREATED_AT,CREATED_BY,LAST_UPDATED_AT,LAST_UPDATED_BY,EXPIRED) values ('14','采购执行','采购执行',null,null,null,null,'N');
Insert into OA.ROLES (ROLE_ID,ROLE_NAME,ROLE_DESC,CREATED_AT,CREATED_BY,LAST_UPDATED_AT,LAST_UPDATED_BY,EXPIRED) values ('15','采购收货','采购收货',null,null,null,null,'N');
Insert into OA.ROLES (ROLE_ID,ROLE_NAME,ROLE_DESC,CREATED_AT,CREATED_BY,LAST_UPDATED_AT,LAST_UPDATED_BY,EXPIRED) values ('16','普通用户','普通用户',null,null,null,null,'N');
Insert into OA.ROLES (ROLE_ID,ROLE_NAME,ROLE_DESC,CREATED_AT,CREATED_BY,LAST_UPDATED_AT,LAST_UPDATED_BY,EXPIRED) values ('17','采购部门审核','采购部门审核',null,null,null,null,'N');
Insert into OA.ROLES (ROLE_ID,ROLE_NAME,ROLE_DESC,CREATED_AT,CREATED_BY,LAST_UPDATED_AT,LAST_UPDATED_BY,EXPIRED) values ('18','总务报修分派','总务报修分派',null,null,null,null,'N');
Insert into OA.ROLES (ROLE_ID,ROLE_NAME,ROLE_DESC,CREATED_AT,CREATED_BY,LAST_UPDATED_AT,LAST_UPDATED_BY,EXPIRED) values ('19','信息报修分派','信息报修分派',null,null,null,null,'N');
Insert into OA.ROLES (ROLE_ID,ROLE_NAME,ROLE_DESC,CREATED_AT,CREATED_BY,LAST_UPDATED_AT,LAST_UPDATED_BY,EXPIRED) values ('20','报修处理','报修处理',null,null,null,null,'N');
Insert into OA.ROLES (ROLE_ID,ROLE_NAME,ROLE_DESC,CREATED_AT,CREATED_BY,LAST_UPDATED_AT,LAST_UPDATED_BY,EXPIRED) values ('21','报修总务复核','报修总务复核',null,null,null,null,'N');
REM INSERTING into OA.ROLE_MENUS
Insert into OA.ROLE_MENUS (ROLE_ID,MENU_ID,CREATED_BY,CREATED_AT) values ('1','SYS_ANCMT_REQ',null,to_date('01-MAR-13','DD-MON-RR'));
Insert into OA.ROLE_MENUS (ROLE_ID,MENU_ID,CREATED_BY,CREATED_AT) values ('1','SYS_ANCMT_LIST',null,to_date('01-MAR-13','DD-MON-RR'));
Insert into OA.ROLE_MENUS (ROLE_ID,MENU_ID,CREATED_BY,CREATED_AT) values ('1','SYS_CAR_APPROVE',null,to_date('01-MAR-13','DD-MON-RR'));
Insert into OA.ROLE_MENUS (ROLE_ID,MENU_ID,CREATED_BY,CREATED_AT) values ('1','SYS_CAR_REQ',null,to_date('01-MAR-13','DD-MON-RR'));
Insert into OA.ROLE_MENUS (ROLE_ID,MENU_ID,CREATED_BY,CREATED_AT) values ('1','SYS_CAR_CAL',null,to_date('01-MAR-13','DD-MON-RR'));
Insert into OA.ROLE_MENUS (ROLE_ID,MENU_ID,CREATED_BY,CREATED_AT) values ('1','SYS_CAR_TRIP_PLAN',null,to_date('01-MAR-13','DD-MON-RR'));
Insert into OA.ROLE_MENUS (ROLE_ID,MENU_ID,CREATED_BY,CREATED_AT) values ('1','ADMIN_CLASSROOM',null,to_date('01-MAR-13','DD-MON-RR'));
Insert into OA.ROLE_MENUS (ROLE_ID,MENU_ID,CREATED_BY,CREATED_AT) values ('1','SYS_CLSRM_BATCH',null,to_date('01-MAR-13','DD-MON-RR'));
Insert into OA.ROLE_MENUS (ROLE_ID,MENU_ID,CREATED_BY,CREATED_AT) values ('1','SYS_CLSRM_CAL',null,to_date('01-MAR-13','DD-MON-RR'));
Insert into OA.ROLE_MENUS (ROLE_ID,MENU_ID,CREATED_BY,CREATED_AT) values ('1','ADMIN_CONFROOM',null,to_date('01-MAR-13','DD-MON-RR'));
Insert into OA.ROLE_MENUS (ROLE_ID,MENU_ID,CREATED_BY,CREATED_AT) values ('1','SYS_CONFRM_REQ',null,to_date('01-MAR-13','DD-MON-RR'));
Insert into OA.ROLE_MENUS (ROLE_ID,MENU_ID,CREATED_BY,CREATED_AT) values ('1','SYS_CONFRM_APPROVE',null,to_date('01-MAR-13','DD-MON-RR'));
Insert into OA.ROLE_MENUS (ROLE_ID,MENU_ID,CREATED_BY,CREATED_AT) values ('1','SYS_CONFRM_CAL',null,to_date('01-MAR-13','DD-MON-RR'));
Insert into OA.ROLE_MENUS (ROLE_ID,MENU_ID,CREATED_BY,CREATED_AT) values ('1','ADMIN_DEPT',null,to_date('01-MAR-13','DD-MON-RR'));
Insert into OA.ROLE_MENUS (ROLE_ID,MENU_ID,CREATED_BY,CREATED_AT) values ('1','ADMIN_EMP',null,to_date('01-MAR-13','DD-MON-RR'));
Insert into OA.ROLE_MENUS (ROLE_ID,MENU_ID,CREATED_BY,CREATED_AT) values ('1','SYS_HD_MY_REQ',null,to_date('01-MAR-13','DD-MON-RR'));
Insert into OA.ROLE_MENUS (ROLE_ID,MENU_ID,CREATED_BY,CREATED_AT) values ('1','SYS_HD_PROC',null,to_date('01-MAR-13','DD-MON-RR'));
Insert into OA.ROLE_MENUS (ROLE_ID,MENU_ID,CREATED_BY,CREATED_AT) values ('1','ADMIN_HD_RESULT',null,to_date('01-MAR-13','DD-MON-RR'));
Insert into OA.ROLE_MENUS (ROLE_ID,MENU_ID,CREATED_BY,CREATED_AT) values ('1','SYS_MEAL_REQ',null,to_date('01-MAR-13','DD-MON-RR'));
Insert into OA.ROLE_MENUS (ROLE_ID,MENU_ID,CREATED_BY,CREATED_AT) values ('1','ADMIN_MENUS',null,to_date('01-MAR-13','DD-MON-RR'));
Insert into OA.ROLE_MENUS (ROLE_ID,MENU_ID,CREATED_BY,CREATED_AT) values ('1','SYS_PUR_RECEIVE',null,to_date('01-MAR-13','DD-MON-RR'));
Insert into OA.ROLE_MENUS (ROLE_ID,MENU_ID,CREATED_BY,CREATED_AT) values ('1','SYS_PUR_REVIEW',null,to_date('01-MAR-13','DD-MON-RR'));
Insert into OA.ROLE_MENUS (ROLE_ID,MENU_ID,CREATED_BY,CREATED_AT) values ('1','SYS_PUR_APPROVE',null,to_date('01-MAR-13','DD-MON-RR'));
Insert into OA.ROLE_MENUS (ROLE_ID,MENU_ID,CREATED_BY,CREATED_AT) values ('1','SYS_PUR_MY_PR',null,to_date('01-MAR-13','DD-MON-RR'));
Insert into OA.ROLE_MENUS (ROLE_ID,MENU_ID,CREATED_BY,CREATED_AT) values ('1','SYS_PUR_DEPT_REVIEW',null,to_date('01-MAR-13','DD-MON-RR'));
Insert into OA.ROLE_MENUS (ROLE_ID,MENU_ID,CREATED_BY,CREATED_AT) values ('1','SYS_PUR_QUERY',null,to_date('01-MAR-13','DD-MON-RR'));
Insert into OA.ROLE_MENUS (ROLE_ID,MENU_ID,CREATED_BY,CREATED_AT) values ('1','ADMIN_ROLE',null,to_date('01-MAR-13','DD-MON-RR'));
Insert into OA.ROLE_MENUS (ROLE_ID,MENU_ID,CREATED_BY,CREATED_AT) values ('1','ADMIN_VEHICLE',null,to_date('01-MAR-13','DD-MON-RR'));
Insert into OA.ROLE_MENUS (ROLE_ID,MENU_ID,CREATED_BY,CREATED_AT) values ('1','SYS_PUR_BUY',null,to_date('01-MAR-13','DD-MON-RR'));
Insert into OA.ROLE_MENUS (ROLE_ID,MENU_ID,CREATED_BY,CREATED_AT) values ('1','SYS_HD_ASSIGN',null,to_date('01-MAR-13','DD-MON-RR'));
Insert into OA.ROLE_MENUS (ROLE_ID,MENU_ID,CREATED_BY,CREATED_AT) values ('1','ADMIN_SMS',null,to_date('01-MAR-13','DD-MON-RR'));
Insert into OA.ROLE_MENUS (ROLE_ID,MENU_ID,CREATED_BY,CREATED_AT) values ('1','ADMIN_HD_REASONS',null,to_date('01-MAR-13','DD-MON-RR'));
Insert into OA.ROLE_MENUS (ROLE_ID,MENU_ID,CREATED_BY,CREATED_AT) values ('1','ADMIN_PO_CATEGORY',null,to_date('01-MAR-13','DD-MON-RR'));
Insert into OA.ROLE_MENUS (ROLE_ID,MENU_ID,CREATED_BY,CREATED_AT) values ('1','ADMIN_PO_LIMIT',null,to_date('01-MAR-13','DD-MON-RR'));
Insert into OA.ROLE_MENUS (ROLE_ID,MENU_ID,CREATED_BY,CREATED_AT) values ('2','SYS_CONFRM_CAL',null,to_date('18-FEB-13','DD-MON-RR'));
Insert into OA.ROLE_MENUS (ROLE_ID,MENU_ID,CREATED_BY,CREATED_AT) values ('2','SYS_CONFRM_APPROVE',null,to_date('18-FEB-13','DD-MON-RR'));
Insert into OA.ROLE_MENUS (ROLE_ID,MENU_ID,CREATED_BY,CREATED_AT) values ('2','SYS_CONFRM_REQ',null,to_date('18-FEB-13','DD-MON-RR'));
Insert into OA.ROLE_MENUS (ROLE_ID,MENU_ID,CREATED_BY,CREATED_AT) values ('3','SYS_CAR_REQ',null,to_date('18-FEB-13','DD-MON-RR'));
Insert into OA.ROLE_MENUS (ROLE_ID,MENU_ID,CREATED_BY,CREATED_AT) values ('3','SYS_CAR_CAL',null,to_date('18-FEB-13','DD-MON-RR'));
Insert into OA.ROLE_MENUS (ROLE_ID,MENU_ID,CREATED_BY,CREATED_AT) values ('4','SYS_CAR_APPROVE',null,to_date('18-FEB-13','DD-MON-RR'));
Insert into OA.ROLE_MENUS (ROLE_ID,MENU_ID,CREATED_BY,CREATED_AT) values ('4','SYS_CAR_CAL',null,to_date('18-FEB-13','DD-MON-RR'));
Insert into OA.ROLE_MENUS (ROLE_ID,MENU_ID,CREATED_BY,CREATED_AT) values ('5','SYS_CAR_TRIP_PLAN',null,to_date('18-FEB-13','DD-MON-RR'));
Insert into OA.ROLE_MENUS (ROLE_ID,MENU_ID,CREATED_BY,CREATED_AT) values ('5','SYS_CAR_CAL',null,to_date('18-FEB-13','DD-MON-RR'));
Insert into OA.ROLE_MENUS (ROLE_ID,MENU_ID,CREATED_BY,CREATED_AT) values ('6','SYS_CLSRM_CAL',null,to_date('18-FEB-13','DD-MON-RR'));
Insert into OA.ROLE_MENUS (ROLE_ID,MENU_ID,CREATED_BY,CREATED_AT) values ('6','SYS_CLSRM_BATCH',null,to_date('18-FEB-13','DD-MON-RR'));
Insert into OA.ROLE_MENUS (ROLE_ID,MENU_ID,CREATED_BY,CREATED_AT) values ('11','SYS_PUR_REVIEW',null,to_date('01-FEB-13','DD-MON-RR'));
Insert into OA.ROLE_MENUS (ROLE_ID,MENU_ID,CREATED_BY,CREATED_AT) values ('11','SYS_PUR_QUERY',null,to_date('01-MAR-13','DD-MON-RR'));
Insert into OA.ROLE_MENUS (ROLE_ID,MENU_ID,CREATED_BY,CREATED_AT) values ('12','SYS_PUR_APPROVE',null,to_date('01-FEB-13','DD-MON-RR'));
Insert into OA.ROLE_MENUS (ROLE_ID,MENU_ID,CREATED_BY,CREATED_AT) values ('12','SYS_PUR_QUERY',null,to_date('01-MAR-13','DD-MON-RR'));
Insert into OA.ROLE_MENUS (ROLE_ID,MENU_ID,CREATED_BY,CREATED_AT) values ('13','SYS_PUR_APPROVE',null,to_date('01-FEB-13','DD-MON-RR'));
Insert into OA.ROLE_MENUS (ROLE_ID,MENU_ID,CREATED_BY,CREATED_AT) values ('13','SYS_PUR_QUERY',null,to_date('01-MAR-13','DD-MON-RR'));
Insert into OA.ROLE_MENUS (ROLE_ID,MENU_ID,CREATED_BY,CREATED_AT) values ('13','SYS_PUR_LIMIT',null,to_date('01-MAR-13','DD-MON-RR'));
Insert into OA.ROLE_MENUS (ROLE_ID,MENU_ID,CREATED_BY,CREATED_AT) values ('14','SYS_PUR_BUY',null,to_date('01-FEB-13','DD-MON-RR'));
Insert into OA.ROLE_MENUS (ROLE_ID,MENU_ID,CREATED_BY,CREATED_AT) values ('15','SYS_PUR_RECEIVE',null,to_date('01-FEB-13','DD-MON-RR'));
Insert into OA.ROLE_MENUS (ROLE_ID,MENU_ID,CREATED_BY,CREATED_AT) values ('16','SYS_CLSRM_CAL',null,null);
Insert into OA.ROLE_MENUS (ROLE_ID,MENU_ID,CREATED_BY,CREATED_AT) values ('16','SYS_CONFRM_CAL',null,null);
Insert into OA.ROLE_MENUS (ROLE_ID,MENU_ID,CREATED_BY,CREATED_AT) values ('16','SYS_CONFRM_REQ',null,null);
Insert into OA.ROLE_MENUS (ROLE_ID,MENU_ID,CREATED_BY,CREATED_AT) values ('16','SYS_CAR_CAL',null,null);
Insert into OA.ROLE_MENUS (ROLE_ID,MENU_ID,CREATED_BY,CREATED_AT) values ('16','SYS_PUR_MY_PR',null,null);
Insert into OA.ROLE_MENUS (ROLE_ID,MENU_ID,CREATED_BY,CREATED_AT) values ('16','SYS_HD_MY_REQ',null,null);
Insert into OA.ROLE_MENUS (ROLE_ID,MENU_ID,CREATED_BY,CREATED_AT) values ('17','SYS_PUR_DEPT_REVIEW',null,null);
Insert into OA.ROLE_MENUS (ROLE_ID,MENU_ID,CREATED_BY,CREATED_AT) values ('18','SYS_HD_ASSIGN',null,null);
Insert into OA.ROLE_MENUS (ROLE_ID,MENU_ID,CREATED_BY,CREATED_AT) values ('19','SYS_HD_ASSIGN',null,null);
Insert into OA.ROLE_MENUS (ROLE_ID,MENU_ID,CREATED_BY,CREATED_AT) values ('20','SYS_HD_PROC',null,null);
Insert into OA.ROLE_MENUS (ROLE_ID,MENU_ID,CREATED_BY,CREATED_AT) values ('21','SYS_HD_REVIEW',null,null);
Insert into OA.ROLE_MENUS (ROLE_ID,MENU_ID,CREATED_BY,CREATED_AT) values ('18','SYS_HD_QUERY',null,null);
Insert into OA.ROLE_MENUS (ROLE_ID,MENU_ID,CREATED_BY,CREATED_AT) values ('19','SYS_HD_QUERY',null,null);
Insert into OA.ROLE_MENUS (ROLE_ID,MENU_ID,CREATED_BY,CREATED_AT) values ('20','SYS_HD_QUERY',null,null);
Insert into OA.ROLE_MENUS (ROLE_ID,MENU_ID,CREATED_BY,CREATED_AT) values ('21','SYS_HD_QUERY',null,null);
REM INSERTING into OA.ROLE_USERS
Insert into OA.ROLE_USERS (ROLE_ID,USER_ID,CREATED_AT,CREATED_BY) values ('16','267',null,null);
Insert into OA.ROLE_USERS (ROLE_ID,USER_ID,CREATED_AT,CREATED_BY) values ('20','267',null,null);
Insert into OA.ROLE_USERS (ROLE_ID,USER_ID,CREATED_AT,CREATED_BY) values ('19','267',null,null);
Insert into OA.ROLE_USERS (ROLE_ID,USER_ID,CREATED_AT,CREATED_BY) values ('1','501',null,null);
Insert into OA.ROLE_USERS (ROLE_ID,USER_ID,CREATED_AT,CREATED_BY) values ('3','266',null,null);
Insert into OA.ROLE_USERS (ROLE_ID,USER_ID,CREATED_AT,CREATED_BY) values ('16','266',null,null);
Insert into OA.ROLE_USERS (ROLE_ID,USER_ID,CREATED_AT,CREATED_BY) values ('20','266',null,null);
Insert into OA.ROLE_USERS (ROLE_ID,USER_ID,CREATED_AT,CREATED_BY) values ('19','266',null,null);
Insert into OA.ROLE_USERS (ROLE_ID,USER_ID,CREATED_AT,CREATED_BY) values ('16','250',null,null);
Insert into OA.ROLE_USERS (ROLE_ID,USER_ID,CREATED_AT,CREATED_BY) values ('20','250',null,null);
Insert into OA.ROLE_USERS (ROLE_ID,USER_ID,CREATED_AT,CREATED_BY) values ('1','273',null,null);
Insert into OA.ROLE_USERS (ROLE_ID,USER_ID,CREATED_AT,CREATED_BY) values ('2','282',null,null);
Insert into OA.ROLE_USERS (ROLE_ID,USER_ID,CREATED_AT,CREATED_BY) values ('3','151',null,null);
Insert into OA.ROLE_USERS (ROLE_ID,USER_ID,CREATED_AT,CREATED_BY) values ('3','152',null,null);
Insert into OA.ROLE_USERS (ROLE_ID,USER_ID,CREATED_AT,CREATED_BY) values ('3','153',null,null);
Insert into OA.ROLE_USERS (ROLE_ID,USER_ID,CREATED_AT,CREATED_BY) values ('3','154',null,null);
Insert into OA.ROLE_USERS (ROLE_ID,USER_ID,CREATED_AT,CREATED_BY) values ('3','155',null,null);
Insert into OA.ROLE_USERS (ROLE_ID,USER_ID,CREATED_AT,CREATED_BY) values ('3','156',null,null);
Insert into OA.ROLE_USERS (ROLE_ID,USER_ID,CREATED_AT,CREATED_BY) values ('3','157',null,null);
Insert into OA.ROLE_USERS (ROLE_ID,USER_ID,CREATED_AT,CREATED_BY) values ('3','253',null,null);
Insert into OA.ROLE_USERS (ROLE_ID,USER_ID,CREATED_AT,CREATED_BY) values ('3','279',null,null);
Insert into OA.ROLE_USERS (ROLE_ID,USER_ID,CREATED_AT,CREATED_BY) values ('3','280',null,null);
Insert into OA.ROLE_USERS (ROLE_ID,USER_ID,CREATED_AT,CREATED_BY) values ('3','158',null,null);
Insert into OA.ROLE_USERS (ROLE_ID,USER_ID,CREATED_AT,CREATED_BY) values ('3','159',null,null);
Insert into OA.ROLE_USERS (ROLE_ID,USER_ID,CREATED_AT,CREATED_BY) values ('3','218',null,null);
Insert into OA.ROLE_USERS (ROLE_ID,USER_ID,CREATED_AT,CREATED_BY) values ('3','235',null,null);
Insert into OA.ROLE_USERS (ROLE_ID,USER_ID,CREATED_AT,CREATED_BY) values ('3','251',null,null);
Insert into OA.ROLE_USERS (ROLE_ID,USER_ID,CREATED_AT,CREATED_BY) values ('3','261',null,null);
Insert into OA.ROLE_USERS (ROLE_ID,USER_ID,CREATED_AT,CREATED_BY) values ('3','287',null,null);
Insert into OA.ROLE_USERS (ROLE_ID,USER_ID,CREATED_AT,CREATED_BY) values ('3','308',null,null);
Insert into OA.ROLE_USERS (ROLE_ID,USER_ID,CREATED_AT,CREATED_BY) values ('3','312',null,null);
Insert into OA.ROLE_USERS (ROLE_ID,USER_ID,CREATED_AT,CREATED_BY) values ('4','279',null,null);
Insert into OA.ROLE_USERS (ROLE_ID,USER_ID,CREATED_AT,CREATED_BY) values ('5','291',null,null);
Insert into OA.ROLE_USERS (ROLE_ID,USER_ID,CREATED_AT,CREATED_BY) values ('6','249',null,null);
Insert into OA.ROLE_USERS (ROLE_ID,USER_ID,CREATED_AT,CREATED_BY) values ('6','200',null,null);
Insert into OA.ROLE_USERS (ROLE_ID,USER_ID,CREATED_AT,CREATED_BY) values ('11','291',null,null);
Insert into OA.ROLE_USERS (ROLE_ID,USER_ID,CREATED_AT,CREATED_BY) values ('12','155',null,null);
Insert into OA.ROLE_USERS (ROLE_ID,USER_ID,CREATED_AT,CREATED_BY) values ('13','152',null,null);
Insert into OA.ROLE_USERS (ROLE_ID,USER_ID,CREATED_AT,CREATED_BY) values ('14','302',null,null);
Insert into OA.ROLE_USERS (ROLE_ID,USER_ID,CREATED_AT,CREATED_BY) values ('14','300',null,null);
Insert into OA.ROLE_USERS (ROLE_ID,USER_ID,CREATED_AT,CREATED_BY) values ('15','304',null,null);
Insert into OA.ROLE_USERS (ROLE_ID,USER_ID,CREATED_AT,CREATED_BY) values ('15','305',null,null);
Insert into OA.ROLE_USERS (ROLE_ID,USER_ID,CREATED_AT,CREATED_BY) values ('17','151',null,null);
Insert into OA.ROLE_USERS (ROLE_ID,USER_ID,CREATED_AT,CREATED_BY) values ('17','152',null,null);
Insert into OA.ROLE_USERS (ROLE_ID,USER_ID,CREATED_AT,CREATED_BY) values ('17','154',null,null);
Insert into OA.ROLE_USERS (ROLE_ID,USER_ID,CREATED_AT,CREATED_BY) values ('17','157',null,null);
Insert into OA.ROLE_USERS (ROLE_ID,USER_ID,CREATED_AT,CREATED_BY) values ('17','153',null,null);
Insert into OA.ROLE_USERS (ROLE_ID,USER_ID,CREATED_AT,CREATED_BY) values ('17','155',null,null);
Insert into OA.ROLE_USERS (ROLE_ID,USER_ID,CREATED_AT,CREATED_BY) values ('17','156',null,null);
Insert into OA.ROLE_USERS (ROLE_ID,USER_ID,CREATED_AT,CREATED_BY) values ('16','151',null,null);
Insert into OA.ROLE_USERS (ROLE_ID,USER_ID,CREATED_AT,CREATED_BY) values ('16','152',null,null);
Insert into OA.ROLE_USERS (ROLE_ID,USER_ID,CREATED_AT,CREATED_BY) values ('16','153',null,null);
Insert into OA.ROLE_USERS (ROLE_ID,USER_ID,CREATED_AT,CREATED_BY) values ('16','154',null,null);
Insert into OA.ROLE_USERS (ROLE_ID,USER_ID,CREATED_AT,CREATED_BY) values ('16','155',null,null);
Insert into OA.ROLE_USERS (ROLE_ID,USER_ID,CREATED_AT,CREATED_BY) values ('16','156',null,null);
Insert into OA.ROLE_USERS (ROLE_ID,USER_ID,CREATED_AT,CREATED_BY) values ('16','157',null,null);
Insert into OA.ROLE_USERS (ROLE_ID,USER_ID,CREATED_AT,CREATED_BY) values ('16','158',null,null);
Insert into OA.ROLE_USERS (ROLE_ID,USER_ID,CREATED_AT,CREATED_BY) values ('16','159',null,null);
Insert into OA.ROLE_USERS (ROLE_ID,USER_ID,CREATED_AT,CREATED_BY) values ('16','160',null,null);
Insert into OA.ROLE_USERS (ROLE_ID,USER_ID,CREATED_AT,CREATED_BY) values ('16','161',null,null);
Insert into OA.ROLE_USERS (ROLE_ID,USER_ID,CREATED_AT,CREATED_BY) values ('16','162',null,null);
Insert into OA.ROLE_USERS (ROLE_ID,USER_ID,CREATED_AT,CREATED_BY) values ('16','163',null,null);
Insert into OA.ROLE_USERS (ROLE_ID,USER_ID,CREATED_AT,CREATED_BY) values ('16','164',null,null);
Insert into OA.ROLE_USERS (ROLE_ID,USER_ID,CREATED_AT,CREATED_BY) values ('16','165',null,null);
Insert into OA.ROLE_USERS (ROLE_ID,USER_ID,CREATED_AT,CREATED_BY) values ('16','166',null,null);
Insert into OA.ROLE_USERS (ROLE_ID,USER_ID,CREATED_AT,CREATED_BY) values ('16','167',null,null);
Insert into OA.ROLE_USERS (ROLE_ID,USER_ID,CREATED_AT,CREATED_BY) values ('16','168',null,null);
Insert into OA.ROLE_USERS (ROLE_ID,USER_ID,CREATED_AT,CREATED_BY) values ('16','169',null,null);
Insert into OA.ROLE_USERS (ROLE_ID,USER_ID,CREATED_AT,CREATED_BY) values ('16','170',null,null);
Insert into OA.ROLE_USERS (ROLE_ID,USER_ID,CREATED_AT,CREATED_BY) values ('16','171',null,null);
Insert into OA.ROLE_USERS (ROLE_ID,USER_ID,CREATED_AT,CREATED_BY) values ('16','172',null,null);
Insert into OA.ROLE_USERS (ROLE_ID,USER_ID,CREATED_AT,CREATED_BY) values ('16','173',null,null);
Insert into OA.ROLE_USERS (ROLE_ID,USER_ID,CREATED_AT,CREATED_BY) values ('16','174',null,null);
Insert into OA.ROLE_USERS (ROLE_ID,USER_ID,CREATED_AT,CREATED_BY) values ('16','175',null,null);
Insert into OA.ROLE_USERS (ROLE_ID,USER_ID,CREATED_AT,CREATED_BY) values ('16','176',null,null);
Insert into OA.ROLE_USERS (ROLE_ID,USER_ID,CREATED_AT,CREATED_BY) values ('16','177',null,null);
Insert into OA.ROLE_USERS (ROLE_ID,USER_ID,CREATED_AT,CREATED_BY) values ('16','178',null,null);
Insert into OA.ROLE_USERS (ROLE_ID,USER_ID,CREATED_AT,CREATED_BY) values ('16','179',null,null);
Insert into OA.ROLE_USERS (ROLE_ID,USER_ID,CREATED_AT,CREATED_BY) values ('16','180',null,null);
Insert into OA.ROLE_USERS (ROLE_ID,USER_ID,CREATED_AT,CREATED_BY) values ('16','181',null,null);
Insert into OA.ROLE_USERS (ROLE_ID,USER_ID,CREATED_AT,CREATED_BY) values ('16','182',null,null);
Insert into OA.ROLE_USERS (ROLE_ID,USER_ID,CREATED_AT,CREATED_BY) values ('16','183',null,null);
Insert into OA.ROLE_USERS (ROLE_ID,USER_ID,CREATED_AT,CREATED_BY) values ('16','184',null,null);
Insert into OA.ROLE_USERS (ROLE_ID,USER_ID,CREATED_AT,CREATED_BY) values ('16','185',null,null);
Insert into OA.ROLE_USERS (ROLE_ID,USER_ID,CREATED_AT,CREATED_BY) values ('16','186',null,null);
Insert into OA.ROLE_USERS (ROLE_ID,USER_ID,CREATED_AT,CREATED_BY) values ('16','187',null,null);
Insert into OA.ROLE_USERS (ROLE_ID,USER_ID,CREATED_AT,CREATED_BY) values ('16','188',null,null);
Insert into OA.ROLE_USERS (ROLE_ID,USER_ID,CREATED_AT,CREATED_BY) values ('16','189',null,null);
Insert into OA.ROLE_USERS (ROLE_ID,USER_ID,CREATED_AT,CREATED_BY) values ('16','190',null,null);
Insert into OA.ROLE_USERS (ROLE_ID,USER_ID,CREATED_AT,CREATED_BY) values ('16','191',null,null);
Insert into OA.ROLE_USERS (ROLE_ID,USER_ID,CREATED_AT,CREATED_BY) values ('16','192',null,null);
Insert into OA.ROLE_USERS (ROLE_ID,USER_ID,CREATED_AT,CREATED_BY) values ('16','193',null,null);
Insert into OA.ROLE_USERS (ROLE_ID,USER_ID,CREATED_AT,CREATED_BY) values ('16','194',null,null);
Insert into OA.ROLE_USERS (ROLE_ID,USER_ID,CREATED_AT,CREATED_BY) values ('16','195',null,null);
Insert into OA.ROLE_USERS (ROLE_ID,USER_ID,CREATED_AT,CREATED_BY) values ('16','196',null,null);
Insert into OA.ROLE_USERS (ROLE_ID,USER_ID,CREATED_AT,CREATED_BY) values ('16','197',null,null);
Insert into OA.ROLE_USERS (ROLE_ID,USER_ID,CREATED_AT,CREATED_BY) values ('16','198',null,null);
Insert into OA.ROLE_USERS (ROLE_ID,USER_ID,CREATED_AT,CREATED_BY) values ('16','199',null,null);
Insert into OA.ROLE_USERS (ROLE_ID,USER_ID,CREATED_AT,CREATED_BY) values ('16','200',null,null);
Insert into OA.ROLE_USERS (ROLE_ID,USER_ID,CREATED_AT,CREATED_BY) values ('16','201',null,null);
Insert into OA.ROLE_USERS (ROLE_ID,USER_ID,CREATED_AT,CREATED_BY) values ('16','202',null,null);
Insert into OA.ROLE_USERS (ROLE_ID,USER_ID,CREATED_AT,CREATED_BY) values ('16','203',null,null);
Insert into OA.ROLE_USERS (ROLE_ID,USER_ID,CREATED_AT,CREATED_BY) values ('16','204',null,null);
Insert into OA.ROLE_USERS (ROLE_ID,USER_ID,CREATED_AT,CREATED_BY) values ('16','205',null,null);
Insert into OA.ROLE_USERS (ROLE_ID,USER_ID,CREATED_AT,CREATED_BY) values ('16','206',null,null);
Insert into OA.ROLE_USERS (ROLE_ID,USER_ID,CREATED_AT,CREATED_BY) values ('16','207',null,null);
Insert into OA.ROLE_USERS (ROLE_ID,USER_ID,CREATED_AT,CREATED_BY) values ('16','208',null,null);
Insert into OA.ROLE_USERS (ROLE_ID,USER_ID,CREATED_AT,CREATED_BY) values ('16','209',null,null);
Insert into OA.ROLE_USERS (ROLE_ID,USER_ID,CREATED_AT,CREATED_BY) values ('16','210',null,null);
Insert into OA.ROLE_USERS (ROLE_ID,USER_ID,CREATED_AT,CREATED_BY) values ('16','211',null,null);
Insert into OA.ROLE_USERS (ROLE_ID,USER_ID,CREATED_AT,CREATED_BY) values ('16','212',null,null);
Insert into OA.ROLE_USERS (ROLE_ID,USER_ID,CREATED_AT,CREATED_BY) values ('16','213',null,null);
Insert into OA.ROLE_USERS (ROLE_ID,USER_ID,CREATED_AT,CREATED_BY) values ('16','214',null,null);
Insert into OA.ROLE_USERS (ROLE_ID,USER_ID,CREATED_AT,CREATED_BY) values ('16','215',null,null);
Insert into OA.ROLE_USERS (ROLE_ID,USER_ID,CREATED_AT,CREATED_BY) values ('16','216',null,null);
Insert into OA.ROLE_USERS (ROLE_ID,USER_ID,CREATED_AT,CREATED_BY) values ('16','217',null,null);
Insert into OA.ROLE_USERS (ROLE_ID,USER_ID,CREATED_AT,CREATED_BY) values ('16','218',null,null);
Insert into OA.ROLE_USERS (ROLE_ID,USER_ID,CREATED_AT,CREATED_BY) values ('16','219',null,null);
Insert into OA.ROLE_USERS (ROLE_ID,USER_ID,CREATED_AT,CREATED_BY) values ('16','220',null,null);
Insert into OA.ROLE_USERS (ROLE_ID,USER_ID,CREATED_AT,CREATED_BY) values ('16','221',null,null);
Insert into OA.ROLE_USERS (ROLE_ID,USER_ID,CREATED_AT,CREATED_BY) values ('16','222',null,null);
Insert into OA.ROLE_USERS (ROLE_ID,USER_ID,CREATED_AT,CREATED_BY) values ('16','223',null,null);
Insert into OA.ROLE_USERS (ROLE_ID,USER_ID,CREATED_AT,CREATED_BY) values ('16','224',null,null);
Insert into OA.ROLE_USERS (ROLE_ID,USER_ID,CREATED_AT,CREATED_BY) values ('16','225',null,null);
Insert into OA.ROLE_USERS (ROLE_ID,USER_ID,CREATED_AT,CREATED_BY) values ('16','226',null,null);
Insert into OA.ROLE_USERS (ROLE_ID,USER_ID,CREATED_AT,CREATED_BY) values ('16','227',null,null);
Insert into OA.ROLE_USERS (ROLE_ID,USER_ID,CREATED_AT,CREATED_BY) values ('16','228',null,null);
Insert into OA.ROLE_USERS (ROLE_ID,USER_ID,CREATED_AT,CREATED_BY) values ('16','229',null,null);
Insert into OA.ROLE_USERS (ROLE_ID,USER_ID,CREATED_AT,CREATED_BY) values ('16','230',null,null);
Insert into OA.ROLE_USERS (ROLE_ID,USER_ID,CREATED_AT,CREATED_BY) values ('16','231',null,null);
Insert into OA.ROLE_USERS (ROLE_ID,USER_ID,CREATED_AT,CREATED_BY) values ('16','232',null,null);
Insert into OA.ROLE_USERS (ROLE_ID,USER_ID,CREATED_AT,CREATED_BY) values ('16','233',null,null);
Insert into OA.ROLE_USERS (ROLE_ID,USER_ID,CREATED_AT,CREATED_BY) values ('16','234',null,null);
Insert into OA.ROLE_USERS (ROLE_ID,USER_ID,CREATED_AT,CREATED_BY) values ('16','235',null,null);
Insert into OA.ROLE_USERS (ROLE_ID,USER_ID,CREATED_AT,CREATED_BY) values ('16','236',null,null);
Insert into OA.ROLE_USERS (ROLE_ID,USER_ID,CREATED_AT,CREATED_BY) values ('16','237',null,null);
Insert into OA.ROLE_USERS (ROLE_ID,USER_ID,CREATED_AT,CREATED_BY) values ('16','238',null,null);
Insert into OA.ROLE_USERS (ROLE_ID,USER_ID,CREATED_AT,CREATED_BY) values ('16','239',null,null);
Insert into OA.ROLE_USERS (ROLE_ID,USER_ID,CREATED_AT,CREATED_BY) values ('16','240',null,null);
Insert into OA.ROLE_USERS (ROLE_ID,USER_ID,CREATED_AT,CREATED_BY) values ('16','241',null,null);
Insert into OA.ROLE_USERS (ROLE_ID,USER_ID,CREATED_AT,CREATED_BY) values ('16','242',null,null);
Insert into OA.ROLE_USERS (ROLE_ID,USER_ID,CREATED_AT,CREATED_BY) values ('16','243',null,null);
Insert into OA.ROLE_USERS (ROLE_ID,USER_ID,CREATED_AT,CREATED_BY) values ('16','244',null,null);
Insert into OA.ROLE_USERS (ROLE_ID,USER_ID,CREATED_AT,CREATED_BY) values ('16','245',null,null);
Insert into OA.ROLE_USERS (ROLE_ID,USER_ID,CREATED_AT,CREATED_BY) values ('16','246',null,null);
Insert into OA.ROLE_USERS (ROLE_ID,USER_ID,CREATED_AT,CREATED_BY) values ('16','247',null,null);
Insert into OA.ROLE_USERS (ROLE_ID,USER_ID,CREATED_AT,CREATED_BY) values ('16','248',null,null);
Insert into OA.ROLE_USERS (ROLE_ID,USER_ID,CREATED_AT,CREATED_BY) values ('16','249',null,null);
Insert into OA.ROLE_USERS (ROLE_ID,USER_ID,CREATED_AT,CREATED_BY) values ('16','251',null,null);
Insert into OA.ROLE_USERS (ROLE_ID,USER_ID,CREATED_AT,CREATED_BY) values ('16','252',null,null);
Insert into OA.ROLE_USERS (ROLE_ID,USER_ID,CREATED_AT,CREATED_BY) values ('16','253',null,null);
Insert into OA.ROLE_USERS (ROLE_ID,USER_ID,CREATED_AT,CREATED_BY) values ('16','254',null,null);
Insert into OA.ROLE_USERS (ROLE_ID,USER_ID,CREATED_AT,CREATED_BY) values ('16','255',null,null);
Insert into OA.ROLE_USERS (ROLE_ID,USER_ID,CREATED_AT,CREATED_BY) values ('16','256',null,null);
Insert into OA.ROLE_USERS (ROLE_ID,USER_ID,CREATED_AT,CREATED_BY) values ('16','257',null,null);
Insert into OA.ROLE_USERS (ROLE_ID,USER_ID,CREATED_AT,CREATED_BY) values ('16','258',null,null);
Insert into OA.ROLE_USERS (ROLE_ID,USER_ID,CREATED_AT,CREATED_BY) values ('16','259',null,null);
Insert into OA.ROLE_USERS (ROLE_ID,USER_ID,CREATED_AT,CREATED_BY) values ('16','260',null,null);
Insert into OA.ROLE_USERS (ROLE_ID,USER_ID,CREATED_AT,CREATED_BY) values ('16','261',null,null);
Insert into OA.ROLE_USERS (ROLE_ID,USER_ID,CREATED_AT,CREATED_BY) values ('16','262',null,null);
Insert into OA.ROLE_USERS (ROLE_ID,USER_ID,CREATED_AT,CREATED_BY) values ('16','263',null,null);
Insert into OA.ROLE_USERS (ROLE_ID,USER_ID,CREATED_AT,CREATED_BY) values ('16','264',null,null);
Insert into OA.ROLE_USERS (ROLE_ID,USER_ID,CREATED_AT,CREATED_BY) values ('16','265',null,null);
Insert into OA.ROLE_USERS (ROLE_ID,USER_ID,CREATED_AT,CREATED_BY) values ('16','268',null,null);
Insert into OA.ROLE_USERS (ROLE_ID,USER_ID,CREATED_AT,CREATED_BY) values ('16','269',null,null);
Insert into OA.ROLE_USERS (ROLE_ID,USER_ID,CREATED_AT,CREATED_BY) values ('16','270',null,null);
Insert into OA.ROLE_USERS (ROLE_ID,USER_ID,CREATED_AT,CREATED_BY) values ('16','271',null,null);
Insert into OA.ROLE_USERS (ROLE_ID,USER_ID,CREATED_AT,CREATED_BY) values ('16','272',null,null);
Insert into OA.ROLE_USERS (ROLE_ID,USER_ID,CREATED_AT,CREATED_BY) values ('16','273',null,null);
Insert into OA.ROLE_USERS (ROLE_ID,USER_ID,CREATED_AT,CREATED_BY) values ('16','274',null,null);
Insert into OA.ROLE_USERS (ROLE_ID,USER_ID,CREATED_AT,CREATED_BY) values ('16','275',null,null);
Insert into OA.ROLE_USERS (ROLE_ID,USER_ID,CREATED_AT,CREATED_BY) values ('16','276',null,null);
Insert into OA.ROLE_USERS (ROLE_ID,USER_ID,CREATED_AT,CREATED_BY) values ('16','277',null,null);
Insert into OA.ROLE_USERS (ROLE_ID,USER_ID,CREATED_AT,CREATED_BY) values ('16','278',null,null);
Insert into OA.ROLE_USERS (ROLE_ID,USER_ID,CREATED_AT,CREATED_BY) values ('16','279',null,null);
Insert into OA.ROLE_USERS (ROLE_ID,USER_ID,CREATED_AT,CREATED_BY) values ('16','280',null,null);
Insert into OA.ROLE_USERS (ROLE_ID,USER_ID,CREATED_AT,CREATED_BY) values ('16','281',null,null);
Insert into OA.ROLE_USERS (ROLE_ID,USER_ID,CREATED_AT,CREATED_BY) values ('16','282',null,null);
Insert into OA.ROLE_USERS (ROLE_ID,USER_ID,CREATED_AT,CREATED_BY) values ('16','283',null,null);
Insert into OA.ROLE_USERS (ROLE_ID,USER_ID,CREATED_AT,CREATED_BY) values ('16','284',null,null);
Insert into OA.ROLE_USERS (ROLE_ID,USER_ID,CREATED_AT,CREATED_BY) values ('16','285',null,null);
Insert into OA.ROLE_USERS (ROLE_ID,USER_ID,CREATED_AT,CREATED_BY) values ('16','286',null,null);
Insert into OA.ROLE_USERS (ROLE_ID,USER_ID,CREATED_AT,CREATED_BY) values ('16','287',null,null);
Insert into OA.ROLE_USERS (ROLE_ID,USER_ID,CREATED_AT,CREATED_BY) values ('16','288',null,null);
Insert into OA.ROLE_USERS (ROLE_ID,USER_ID,CREATED_AT,CREATED_BY) values ('16','289',null,null);
Insert into OA.ROLE_USERS (ROLE_ID,USER_ID,CREATED_AT,CREATED_BY) values ('16','290',null,null);
Insert into OA.ROLE_USERS (ROLE_ID,USER_ID,CREATED_AT,CREATED_BY) values ('16','291',null,null);
Insert into OA.ROLE_USERS (ROLE_ID,USER_ID,CREATED_AT,CREATED_BY) values ('16','292',null,null);
Insert into OA.ROLE_USERS (ROLE_ID,USER_ID,CREATED_AT,CREATED_BY) values ('16','293',null,null);
Insert into OA.ROLE_USERS (ROLE_ID,USER_ID,CREATED_AT,CREATED_BY) values ('16','294',null,null);
Insert into OA.ROLE_USERS (ROLE_ID,USER_ID,CREATED_AT,CREATED_BY) values ('16','295',null,null);
Insert into OA.ROLE_USERS (ROLE_ID,USER_ID,CREATED_AT,CREATED_BY) values ('16','296',null,null);
Insert into OA.ROLE_USERS (ROLE_ID,USER_ID,CREATED_AT,CREATED_BY) values ('16','297',null,null);
Insert into OA.ROLE_USERS (ROLE_ID,USER_ID,CREATED_AT,CREATED_BY) values ('16','298',null,null);
Insert into OA.ROLE_USERS (ROLE_ID,USER_ID,CREATED_AT,CREATED_BY) values ('16','299',null,null);
Insert into OA.ROLE_USERS (ROLE_ID,USER_ID,CREATED_AT,CREATED_BY) values ('16','300',null,null);
Insert into OA.ROLE_USERS (ROLE_ID,USER_ID,CREATED_AT,CREATED_BY) values ('16','301',null,null);
Insert into OA.ROLE_USERS (ROLE_ID,USER_ID,CREATED_AT,CREATED_BY) values ('16','302',null,null);
Insert into OA.ROLE_USERS (ROLE_ID,USER_ID,CREATED_AT,CREATED_BY) values ('16','303',null,null);
Insert into OA.ROLE_USERS (ROLE_ID,USER_ID,CREATED_AT,CREATED_BY) values ('16','304',null,null);
Insert into OA.ROLE_USERS (ROLE_ID,USER_ID,CREATED_AT,CREATED_BY) values ('16','305',null,null);
Insert into OA.ROLE_USERS (ROLE_ID,USER_ID,CREATED_AT,CREATED_BY) values ('16','306',null,null);
Insert into OA.ROLE_USERS (ROLE_ID,USER_ID,CREATED_AT,CREATED_BY) values ('16','307',null,null);
Insert into OA.ROLE_USERS (ROLE_ID,USER_ID,CREATED_AT,CREATED_BY) values ('16','308',null,null);
Insert into OA.ROLE_USERS (ROLE_ID,USER_ID,CREATED_AT,CREATED_BY) values ('16','309',null,null);
Insert into OA.ROLE_USERS (ROLE_ID,USER_ID,CREATED_AT,CREATED_BY) values ('16','310',null,null);
Insert into OA.ROLE_USERS (ROLE_ID,USER_ID,CREATED_AT,CREATED_BY) values ('16','311',null,null);
Insert into OA.ROLE_USERS (ROLE_ID,USER_ID,CREATED_AT,CREATED_BY) values ('16','312',null,null);
Insert into OA.ROLE_USERS (ROLE_ID,USER_ID,CREATED_AT,CREATED_BY) values ('16','313',null,null);
Insert into OA.ROLE_USERS (ROLE_ID,USER_ID,CREATED_AT,CREATED_BY) values ('16','314',null,null);
Insert into OA.ROLE_USERS (ROLE_ID,USER_ID,CREATED_AT,CREATED_BY) values ('16','315',null,null);
Insert into OA.ROLE_USERS (ROLE_ID,USER_ID,CREATED_AT,CREATED_BY) values ('18','291',null,null);
Insert into OA.ROLE_USERS (ROLE_ID,USER_ID,CREATED_AT,CREATED_BY) values ('20','268',null,null);
Insert into OA.ROLE_USERS (ROLE_ID,USER_ID,CREATED_AT,CREATED_BY) values ('20','269',null,null);
Insert into OA.ROLE_USERS (ROLE_ID,USER_ID,CREATED_AT,CREATED_BY) values ('20','270',null,null);
Insert into OA.ROLE_USERS (ROLE_ID,USER_ID,CREATED_AT,CREATED_BY) values ('20','271',null,null);
Insert into OA.ROLE_USERS (ROLE_ID,USER_ID,CREATED_AT,CREATED_BY) values ('20','272',null,null);
Insert into OA.ROLE_USERS (ROLE_ID,USER_ID,CREATED_AT,CREATED_BY) values ('20','273',null,null);
Insert into OA.ROLE_USERS (ROLE_ID,USER_ID,CREATED_AT,CREATED_BY) values ('20','274',null,null);
Insert into OA.ROLE_USERS (ROLE_ID,USER_ID,CREATED_AT,CREATED_BY) values ('20','275',null,null);
Insert into OA.ROLE_USERS (ROLE_ID,USER_ID,CREATED_AT,CREATED_BY) values ('20','276',null,null);
Insert into OA.ROLE_USERS (ROLE_ID,USER_ID,CREATED_AT,CREATED_BY) values ('20','277',null,null);
Insert into OA.ROLE_USERS (ROLE_ID,USER_ID,CREATED_AT,CREATED_BY) values ('20','278',null,null);
Insert into OA.ROLE_USERS (ROLE_ID,USER_ID,CREATED_AT,CREATED_BY) values ('20','291',null,null);
Insert into OA.ROLE_USERS (ROLE_ID,USER_ID,CREATED_AT,CREATED_BY) values ('20','292',null,null);
Insert into OA.ROLE_USERS (ROLE_ID,USER_ID,CREATED_AT,CREATED_BY) values ('20','293',null,null);
Insert into OA.ROLE_USERS (ROLE_ID,USER_ID,CREATED_AT,CREATED_BY) values ('20','294',null,null);
Insert into OA.ROLE_USERS (ROLE_ID,USER_ID,CREATED_AT,CREATED_BY) values ('20','295',null,null);
Insert into OA.ROLE_USERS (ROLE_ID,USER_ID,CREATED_AT,CREATED_BY) values ('20','296',null,null);
Insert into OA.ROLE_USERS (ROLE_ID,USER_ID,CREATED_AT,CREATED_BY) values ('20','297',null,null);
Insert into OA.ROLE_USERS (ROLE_ID,USER_ID,CREATED_AT,CREATED_BY) values ('20','298',null,null);
Insert into OA.ROLE_USERS (ROLE_ID,USER_ID,CREATED_AT,CREATED_BY) values ('20','299',null,null);
Insert into OA.ROLE_USERS (ROLE_ID,USER_ID,CREATED_AT,CREATED_BY) values ('20','300',null,null);
Insert into OA.ROLE_USERS (ROLE_ID,USER_ID,CREATED_AT,CREATED_BY) values ('20','301',null,null);
Insert into OA.ROLE_USERS (ROLE_ID,USER_ID,CREATED_AT,CREATED_BY) values ('20','302',null,null);
Insert into OA.ROLE_USERS (ROLE_ID,USER_ID,CREATED_AT,CREATED_BY) values ('20','303',null,null);
Insert into OA.ROLE_USERS (ROLE_ID,USER_ID,CREATED_AT,CREATED_BY) values ('20','304',null,null);
Insert into OA.ROLE_USERS (ROLE_ID,USER_ID,CREATED_AT,CREATED_BY) values ('20','305',null,null);
Insert into OA.ROLE_USERS (ROLE_ID,USER_ID,CREATED_AT,CREATED_BY) values ('20','306',null,null);
Insert into OA.ROLE_USERS (ROLE_ID,USER_ID,CREATED_AT,CREATED_BY) values ('20','307',null,null);
Insert into OA.ROLE_USERS (ROLE_ID,USER_ID,CREATED_AT,CREATED_BY) values ('21','291',null,null);
Insert into OA.ROLE_USERS (ROLE_ID,USER_ID,CREATED_AT,CREATED_BY) values ('5','316',null,null);
Insert into OA.ROLE_USERS (ROLE_ID,USER_ID,CREATED_AT,CREATED_BY) values ('3','316',null,null);
REM INSERTING into OA.TASKS
Insert into OA.TASKS (ID,TITLE,ASSIGNED_DATE,STATE,CONTEXT_OBJECT_TYPE,CONTEXT_OBJECT_ID,ASSIGNEE_ROLE_ID,ASSIGNEE_USER_ID,COMPLETION_DATE,EXECUTOR_ID,EXECUTOR_DISPLAY_NAME,CONTEXT_TITLE) values ('176','有新的用车申请等待您的审核',to_date('22-APR-13','DD-MON-RR'),'COMPLETED','VEHICLE','123','4',null,null,null,null,'考察院舍设计');
Insert into OA.TASKS (ID,TITLE,ASSIGNED_DATE,STATE,CONTEXT_OBJECT_TYPE,CONTEXT_OBJECT_ID,ASSIGNEE_ROLE_ID,ASSIGNEE_USER_ID,COMPLETION_DATE,EXECUTOR_ID,EXECUTOR_DISPLAY_NAME,CONTEXT_TITLE) values ('181','您的报修请求已处理，请评价',to_date('22-APR-13','DD-MON-RR'),'COMPLETED','HELPDESK','100002',null,'267',null,null,null,'BX-100002');
Insert into OA.TASKS (ID,TITLE,ASSIGNED_DATE,STATE,CONTEXT_OBJECT_TYPE,CONTEXT_OBJECT_ID,ASSIGNEE_ROLE_ID,ASSIGNEE_USER_ID,COMPLETION_DATE,EXECUTOR_ID,EXECUTOR_DISPLAY_NAME,CONTEXT_TITLE) values ('185','有新的报修请求等待分派，报修单号：BX-100007',to_date('22-APR-13','DD-MON-RR'),'COMPLETED','HELPDESK','100007','19',null,null,null,null,'BX-100007');
Insert into OA.TASKS (ID,TITLE,ASSIGNED_DATE,STATE,CONTEXT_OBJECT_TYPE,CONTEXT_OBJECT_ID,ASSIGNEE_ROLE_ID,ASSIGNEE_USER_ID,COMPLETION_DATE,EXECUTOR_ID,EXECUTOR_DISPLAY_NAME,CONTEXT_TITLE) values ('198','有新的报修请求等待处理，报修单号：BX-100011',to_date('22-APR-13','DD-MON-RR'),'PENDING','HELPDESK','100011',null,'269',null,null,null,'BX-100011');
Insert into OA.TASKS (ID,TITLE,ASSIGNED_DATE,STATE,CONTEXT_OBJECT_TYPE,CONTEXT_OBJECT_ID,ASSIGNEE_ROLE_ID,ASSIGNEE_USER_ID,COMPLETION_DATE,EXECUTOR_ID,EXECUTOR_DISPLAY_NAME,CONTEXT_TITLE) values ('206','您的报修请求已处理，请评价，报修单号：BX-100008',to_date('23-APR-13','DD-MON-RR'),'PENDING','HELPDESK','100008',null,'267',null,null,null,'BX-100008');
Insert into OA.TASKS (ID,TITLE,ASSIGNED_DATE,STATE,CONTEXT_OBJECT_TYPE,CONTEXT_OBJECT_ID,ASSIGNEE_ROLE_ID,ASSIGNEE_USER_ID,COMPLETION_DATE,EXECUTOR_ID,EXECUTOR_DISPLAY_NAME,CONTEXT_TITLE) values ('211','有新的采购订单等待审批，订单号：CG-100022，总金额：6300.00',to_date('23-APR-13','DD-MON-RR'),'COMPLETED','PO','100022','13',null,null,null,null,'CG-100022');
Insert into OA.TASKS (ID,TITLE,ASSIGNED_DATE,STATE,CONTEXT_OBJECT_TYPE,CONTEXT_OBJECT_ID,ASSIGNEE_ROLE_ID,ASSIGNEE_USER_ID,COMPLETION_DATE,EXECUTOR_ID,EXECUTOR_DISPLAY_NAME,CONTEXT_TITLE) values ('232','有新的报修请求等待分派，报修单号：BX-100024',to_date('26-APR-13','DD-MON-RR'),'COMPLETED','HELPDESK','100024','19',null,null,null,null,'BX-100024');
Insert into OA.TASKS (ID,TITLE,ASSIGNED_DATE,STATE,CONTEXT_OBJECT_TYPE,CONTEXT_OBJECT_ID,ASSIGNEE_ROLE_ID,ASSIGNEE_USER_ID,COMPLETION_DATE,EXECUTOR_ID,EXECUTOR_DISPLAY_NAME,CONTEXT_TITLE) values ('233','有新的报修请求等待处理，报修单号：BX-100024',to_date('26-APR-13','DD-MON-RR'),'COMPLETED','HELPDESK','100024',null,'250',null,null,null,'BX-100024');
Insert into OA.TASKS (ID,TITLE,ASSIGNED_DATE,STATE,CONTEXT_OBJECT_TYPE,CONTEXT_OBJECT_ID,ASSIGNEE_ROLE_ID,ASSIGNEE_USER_ID,COMPLETION_DATE,EXECUTOR_ID,EXECUTOR_DISPLAY_NAME,CONTEXT_TITLE) values ('235','有新的报修请求等待分派，报修单号：BX-100025',to_date('26-APR-13','DD-MON-RR'),'COMPLETED','HELPDESK','100025','18',null,null,null,null,'BX-100025');
Insert into OA.TASKS (ID,TITLE,ASSIGNED_DATE,STATE,CONTEXT_OBJECT_TYPE,CONTEXT_OBJECT_ID,ASSIGNEE_ROLE_ID,ASSIGNEE_USER_ID,COMPLETION_DATE,EXECUTOR_ID,EXECUTOR_DISPLAY_NAME,CONTEXT_TITLE) values ('237','您有新的报修请求等待复核，报修单号：BX-100025',to_date('27-APR-13','DD-MON-RR'),'COMPLETED','HELPDESK','100025','21',null,null,null,null,'BX-100025');
Insert into OA.TASKS (ID,TITLE,ASSIGNED_DATE,STATE,CONTEXT_OBJECT_TYPE,CONTEXT_OBJECT_ID,ASSIGNEE_ROLE_ID,ASSIGNEE_USER_ID,COMPLETION_DATE,EXECUTOR_ID,EXECUTOR_DISPLAY_NAME,CONTEXT_TITLE) values ('240','有新的报修请求等待分派，报修单号：BX-100026',to_date('27-APR-13','DD-MON-RR'),'COMPLETED','HELPDESK','100026','19',null,null,null,null,'BX-100026');
Insert into OA.TASKS (ID,TITLE,ASSIGNED_DATE,STATE,CONTEXT_OBJECT_TYPE,CONTEXT_OBJECT_ID,ASSIGNEE_ROLE_ID,ASSIGNEE_USER_ID,COMPLETION_DATE,EXECUTOR_ID,EXECUTOR_DISPLAY_NAME,CONTEXT_TITLE) values ('243','有新的报修请求等待分派，报修单号：BX-100027',to_date('27-APR-13','DD-MON-RR'),'COMPLETED','HELPDESK','100027','19',null,null,null,null,'BX-100027');
Insert into OA.TASKS (ID,TITLE,ASSIGNED_DATE,STATE,CONTEXT_OBJECT_TYPE,CONTEXT_OBJECT_ID,ASSIGNEE_ROLE_ID,ASSIGNEE_USER_ID,COMPLETION_DATE,EXECUTOR_ID,EXECUTOR_DISPLAY_NAME,CONTEXT_TITLE) values ('276','有新的会议室申请等待您的审核。',to_date('02-MAY-13','DD-MON-RR'),'COMPLETED','CONFRM','152','2',null,null,null,null,'学习所');
Insert into OA.TASKS (ID,TITLE,ASSIGNED_DATE,STATE,CONTEXT_OBJECT_TYPE,CONTEXT_OBJECT_ID,ASSIGNEE_ROLE_ID,ASSIGNEE_USER_ID,COMPLETION_DATE,EXECUTOR_ID,EXECUTOR_DISPLAY_NAME,CONTEXT_TITLE) values ('287','有新的采购订单等待审核，订单号：CG-100042，预算总金额：350.00',to_date('03-MAY-13','DD-MON-RR'),'COMPLETED','PO','100042','11',null,null,null,null,'CG-100042');
Insert into OA.TASKS (ID,TITLE,ASSIGNED_DATE,STATE,CONTEXT_OBJECT_TYPE,CONTEXT_OBJECT_ID,ASSIGNEE_ROLE_ID,ASSIGNEE_USER_ID,COMPLETION_DATE,EXECUTOR_ID,EXECUTOR_DISPLAY_NAME,CONTEXT_TITLE) values ('292','有新的会议室申请等待您的审核。',to_date('03-MAY-13','DD-MON-RR'),'COMPLETED','CONFRM','169','2',null,null,null,null,'教心基地活动');
Insert into OA.TASKS (ID,TITLE,ASSIGNED_DATE,STATE,CONTEXT_OBJECT_TYPE,CONTEXT_OBJECT_ID,ASSIGNEE_ROLE_ID,ASSIGNEE_USER_ID,COMPLETION_DATE,EXECUTOR_ID,EXECUTOR_DISPLAY_NAME,CONTEXT_TITLE) values ('296','您的报修请求已处理，请评价，报修单号：BX-100027',to_date('03-MAY-13','DD-MON-RR'),'COMPLETED','HELPDESK','100027',null,'282',null,null,null,'BX-100027');
Insert into OA.TASKS (ID,TITLE,ASSIGNED_DATE,STATE,CONTEXT_OBJECT_TYPE,CONTEXT_OBJECT_ID,ASSIGNEE_ROLE_ID,ASSIGNEE_USER_ID,COMPLETION_DATE,EXECUTOR_ID,EXECUTOR_DISPLAY_NAME,CONTEXT_TITLE) values ('345','有新的会议室申请等待您的审核。',to_date('13-MAY-13','DD-MON-RR'),'COMPLETED','CONFRM','222','2',null,null,null,null,'高中生命科学名师工作室活动');
Insert into OA.TASKS (ID,TITLE,ASSIGNED_DATE,STATE,CONTEXT_OBJECT_TYPE,CONTEXT_OBJECT_ID,ASSIGNEE_ROLE_ID,ASSIGNEE_USER_ID,COMPLETION_DATE,EXECUTOR_ID,EXECUTOR_DISPLAY_NAME,CONTEXT_TITLE) values ('348','有新的会议室申请等待您的审核。',to_date('13-MAY-13','DD-MON-RR'),'COMPLETED','CONFRM','225','2',null,null,null,null,'校本培训先进学校初评');
Insert into OA.TASKS (ID,TITLE,ASSIGNED_DATE,STATE,CONTEXT_OBJECT_TYPE,CONTEXT_OBJECT_ID,ASSIGNEE_ROLE_ID,ASSIGNEE_USER_ID,COMPLETION_DATE,EXECUTOR_ID,EXECUTOR_DISPLAY_NAME,CONTEXT_TITLE) values ('379','有新的采购订单等待部门审核，订单号：CG-100066，预算总金额：30.00',to_date('16-MAY-13','DD-MON-RR'),'PENDING','PO','100066',null,'153',null,null,null,'CG-100066');
Insert into OA.TASKS (ID,TITLE,ASSIGNED_DATE,STATE,CONTEXT_OBJECT_TYPE,CONTEXT_OBJECT_ID,ASSIGNEE_ROLE_ID,ASSIGNEE_USER_ID,COMPLETION_DATE,EXECUTOR_ID,EXECUTOR_DISPLAY_NAME,CONTEXT_TITLE) values ('381','有新的报修请求等待分派，报修单号：BX-100042',to_date('16-MAY-13','DD-MON-RR'),'COMPLETED','HELPDESK','100042','18',null,null,null,null,'BX-100042');
Insert into OA.TASKS (ID,TITLE,ASSIGNED_DATE,STATE,CONTEXT_OBJECT_TYPE,CONTEXT_OBJECT_ID,ASSIGNEE_ROLE_ID,ASSIGNEE_USER_ID,COMPLETION_DATE,EXECUTOR_ID,EXECUTOR_DISPLAY_NAME,CONTEXT_TITLE) values ('383','有新的用车申请等待您的调度！ ',to_date('17-MAY-13','DD-MON-RR'),'COMPLETED','VEHICLE','194','5',null,null,null,null,'学院教育公平研讨课堂教学全程录制');
Insert into OA.TASKS (ID,TITLE,ASSIGNED_DATE,STATE,CONTEXT_OBJECT_TYPE,CONTEXT_OBJECT_ID,ASSIGNEE_ROLE_ID,ASSIGNEE_USER_ID,COMPLETION_DATE,EXECUTOR_ID,EXECUTOR_DISPLAY_NAME,CONTEXT_TITLE) values ('409','有新的会议室申请等待您的审核。',to_date('23-MAY-13','DD-MON-RR'),'COMPLETED','CONFRM','258','2',null,null,null,null,'中华经典诵读融入教学工作研讨');
Insert into OA.TASKS (ID,TITLE,ASSIGNED_DATE,STATE,CONTEXT_OBJECT_TYPE,CONTEXT_OBJECT_ID,ASSIGNEE_ROLE_ID,ASSIGNEE_USER_ID,COMPLETION_DATE,EXECUTOR_ID,EXECUTOR_DISPLAY_NAME,CONTEXT_TITLE) values ('416','有新的会议室申请等待您的审核。',to_date('27-MAY-13','DD-MON-RR'),'COMPLETED','CONFRM','265','2',null,null,null,null,'黄浦崇明干训研讨会');
Insert into OA.TASKS (ID,TITLE,ASSIGNED_DATE,STATE,CONTEXT_OBJECT_TYPE,CONTEXT_OBJECT_ID,ASSIGNEE_ROLE_ID,ASSIGNEE_USER_ID,COMPLETION_DATE,EXECUTOR_ID,EXECUTOR_DISPLAY_NAME,CONTEXT_TITLE) values ('424','有新的会议室申请等待您的审核。',to_date('28-MAY-13','DD-MON-RR'),'COMPLETED','CONFRM','269','2',null,null,null,null,'黄浦教育研究研讨会');
Insert into OA.TASKS (ID,TITLE,ASSIGNED_DATE,STATE,CONTEXT_OBJECT_TYPE,CONTEXT_OBJECT_ID,ASSIGNEE_ROLE_ID,ASSIGNEE_USER_ID,COMPLETION_DATE,EXECUTOR_ID,EXECUTOR_DISPLAY_NAME,CONTEXT_TITLE) values ('425','有新的会议室申请等待您的审核。',to_date('28-MAY-13','DD-MON-RR'),'COMPLETED','CONFRM','270','2',null,null,null,null,'区小学语文骨干教师活动');
Insert into OA.TASKS (ID,TITLE,ASSIGNED_DATE,STATE,CONTEXT_OBJECT_TYPE,CONTEXT_OBJECT_ID,ASSIGNEE_ROLE_ID,ASSIGNEE_USER_ID,COMPLETION_DATE,EXECUTOR_ID,EXECUTOR_DISPLAY_NAME,CONTEXT_TITLE) values ('426','有新的用车申请等待您的调度！ ',to_date('28-MAY-13','DD-MON-RR'),'COMPLETED','VEHICLE','209','5',null,null,null,null,'教师专业发展部访问交流');
Insert into OA.TASKS (ID,TITLE,ASSIGNED_DATE,STATE,CONTEXT_OBJECT_TYPE,CONTEXT_OBJECT_ID,ASSIGNEE_ROLE_ID,ASSIGNEE_USER_ID,COMPLETION_DATE,EXECUTOR_ID,EXECUTOR_DISPLAY_NAME,CONTEXT_TITLE) values ('431','有新的会议室申请等待您的审核。',to_date('29-MAY-13','DD-MON-RR'),'COMPLETED','CONFRM','245','2',null,null,null,null,'高中地理教材意见使用征集活动');
Insert into OA.TASKS (ID,TITLE,ASSIGNED_DATE,STATE,CONTEXT_OBJECT_TYPE,CONTEXT_OBJECT_ID,ASSIGNEE_ROLE_ID,ASSIGNEE_USER_ID,COMPLETION_DATE,EXECUTOR_ID,EXECUTOR_DISPLAY_NAME,CONTEXT_TITLE) values ('177','有新的报修请求等待分派，报修单号：BX-100002',to_date('22-APR-13','DD-MON-RR'),'COMPLETED','HELPDESK','100002','19',null,null,null,null,'BX-100002');
Insert into OA.TASKS (ID,TITLE,ASSIGNED_DATE,STATE,CONTEXT_OBJECT_TYPE,CONTEXT_OBJECT_ID,ASSIGNEE_ROLE_ID,ASSIGNEE_USER_ID,COMPLETION_DATE,EXECUTOR_ID,EXECUTOR_DISPLAY_NAME,CONTEXT_TITLE) values ('178','有新的采购订单等待部门审核，订单号：CG-100022，预算总金额：6300.00',to_date('22-APR-13','DD-MON-RR'),'COMPLETED','PO','100022',null,'155',null,null,null,'CG-100022');
Insert into OA.TASKS (ID,TITLE,ASSIGNED_DATE,STATE,CONTEXT_OBJECT_TYPE,CONTEXT_OBJECT_ID,ASSIGNEE_ROLE_ID,ASSIGNEE_USER_ID,COMPLETION_DATE,EXECUTOR_ID,EXECUTOR_DISPLAY_NAME,CONTEXT_TITLE) values ('180','有新的报修请求等待处理，报修单号：BX-100002',to_date('22-APR-13','DD-MON-RR'),'COMPLETED','HELPDESK','100002',null,'273',null,null,null,'BX-100002');
Insert into OA.TASKS (ID,TITLE,ASSIGNED_DATE,STATE,CONTEXT_OBJECT_TYPE,CONTEXT_OBJECT_ID,ASSIGNEE_ROLE_ID,ASSIGNEE_USER_ID,COMPLETION_DATE,EXECUTOR_ID,EXECUTOR_DISPLAY_NAME,CONTEXT_TITLE) values ('186','有新的报修请求等待处理，报修单号：BX-100007',to_date('22-APR-13','DD-MON-RR'),'COMPLETED','HELPDESK','100007',null,'250',null,null,null,'BX-100007');
Insert into OA.TASKS (ID,TITLE,ASSIGNED_DATE,STATE,CONTEXT_OBJECT_TYPE,CONTEXT_OBJECT_ID,ASSIGNEE_ROLE_ID,ASSIGNEE_USER_ID,COMPLETION_DATE,EXECUTOR_ID,EXECUTOR_DISPLAY_NAME,CONTEXT_TITLE) values ('201','有新的会议室申请等待您的审核。',to_date('23-APR-13','DD-MON-RR'),'COMPLETED','CONFRM','105','2',null,null,null,null,'课题讨论');
Insert into OA.TASKS (ID,TITLE,ASSIGNED_DATE,STATE,CONTEXT_OBJECT_TYPE,CONTEXT_OBJECT_ID,ASSIGNEE_ROLE_ID,ASSIGNEE_USER_ID,COMPLETION_DATE,EXECUTOR_ID,EXECUTOR_DISPLAY_NAME,CONTEXT_TITLE) values ('204','有新的采购订单等待部门审核，订单号：CG-100024，预算总金额：2400.00',to_date('23-APR-13','DD-MON-RR'),'COMPLETED','PO','100024',null,'155',null,null,null,'CG-100024');
Insert into OA.TASKS (ID,TITLE,ASSIGNED_DATE,STATE,CONTEXT_OBJECT_TYPE,CONTEXT_OBJECT_ID,ASSIGNEE_ROLE_ID,ASSIGNEE_USER_ID,COMPLETION_DATE,EXECUTOR_ID,EXECUTOR_DISPLAY_NAME,CONTEXT_TITLE) values ('207','有新的采购订单等待审批，订单号：CG-100022，审核总金额：6300.0',to_date('23-APR-13','DD-MON-RR'),'COMPLETED','PO','100022','12',null,null,null,null,'CG-100022');
Insert into OA.TASKS (ID,TITLE,ASSIGNED_DATE,STATE,CONTEXT_OBJECT_TYPE,CONTEXT_OBJECT_ID,ASSIGNEE_ROLE_ID,ASSIGNEE_USER_ID,COMPLETION_DATE,EXECUTOR_ID,EXECUTOR_DISPLAY_NAME,CONTEXT_TITLE) values ('208','有新的采购订单等待审批，订单号：CG-100024，审核总金额：1200.0',to_date('23-APR-13','DD-MON-RR'),'COMPLETED','PO','100024','12',null,null,null,null,'CG-100024');
Insert into OA.TASKS (ID,TITLE,ASSIGNED_DATE,STATE,CONTEXT_OBJECT_TYPE,CONTEXT_OBJECT_ID,ASSIGNEE_ROLE_ID,ASSIGNEE_USER_ID,COMPLETION_DATE,EXECUTOR_ID,EXECUTOR_DISPLAY_NAME,CONTEXT_TITLE) values ('213','有新的用车申请等待您的审核',to_date('23-APR-13','DD-MON-RR'),'COMPLETED','VEHICLE','123','4',null,null,null,null,'考察院舍设计');
Insert into OA.TASKS (ID,TITLE,ASSIGNED_DATE,STATE,CONTEXT_OBJECT_TYPE,CONTEXT_OBJECT_ID,ASSIGNEE_ROLE_ID,ASSIGNEE_USER_ID,COMPLETION_DATE,EXECUTOR_ID,EXECUTOR_DISPLAY_NAME,CONTEXT_TITLE) values ('224','有新的采购订单等待部门审核，订单号：CG-100027，预算总金额：9000.00',to_date('25-APR-13','DD-MON-RR'),'COMPLETED','PO','100027',null,'155',null,null,null,'CG-100027');
Insert into OA.TASKS (ID,TITLE,ASSIGNED_DATE,STATE,CONTEXT_OBJECT_TYPE,CONTEXT_OBJECT_ID,ASSIGNEE_ROLE_ID,ASSIGNEE_USER_ID,COMPLETION_DATE,EXECUTOR_ID,EXECUTOR_DISPLAY_NAME,CONTEXT_TITLE) values ('225','有新的采购订单等待审核，订单号：CG-100021，预算总金额：120.00',to_date('25-APR-13','DD-MON-RR'),'COMPLETED','PO','100021','11',null,null,null,null,'CG-100021');
Insert into OA.TASKS (ID,TITLE,ASSIGNED_DATE,STATE,CONTEXT_OBJECT_TYPE,CONTEXT_OBJECT_ID,ASSIGNEE_ROLE_ID,ASSIGNEE_USER_ID,COMPLETION_DATE,EXECUTOR_ID,EXECUTOR_DISPLAY_NAME,CONTEXT_TITLE) values ('226','有新的采购订单等待审批，订单号：CG-100021，审核总金额：120.0',to_date('25-APR-13','DD-MON-RR'),'COMPLETED','PO','100021','12',null,null,null,null,'CG-100021');
Insert into OA.TASKS (ID,TITLE,ASSIGNED_DATE,STATE,CONTEXT_OBJECT_TYPE,CONTEXT_OBJECT_ID,ASSIGNEE_ROLE_ID,ASSIGNEE_USER_ID,COMPLETION_DATE,EXECUTOR_ID,EXECUTOR_DISPLAY_NAME,CONTEXT_TITLE) values ('228','有新的采购订单等待审批，订单号：CG-100021，总金额：120.00',to_date('25-APR-13','DD-MON-RR'),'COMPLETED','PO','100021','13',null,null,null,null,'CG-100021');
Insert into OA.TASKS (ID,TITLE,ASSIGNED_DATE,STATE,CONTEXT_OBJECT_TYPE,CONTEXT_OBJECT_ID,ASSIGNEE_ROLE_ID,ASSIGNEE_USER_ID,COMPLETION_DATE,EXECUTOR_ID,EXECUTOR_DISPLAY_NAME,CONTEXT_TITLE) values ('229','有新的报修请求等待分派，报修单号：BX-100022',to_date('26-APR-13','DD-MON-RR'),'COMPLETED','HELPDESK','100022','19',null,null,null,null,'BX-100022');
Insert into OA.TASKS (ID,TITLE,ASSIGNED_DATE,STATE,CONTEXT_OBJECT_TYPE,CONTEXT_OBJECT_ID,ASSIGNEE_ROLE_ID,ASSIGNEE_USER_ID,COMPLETION_DATE,EXECUTOR_ID,EXECUTOR_DISPLAY_NAME,CONTEXT_TITLE) values ('230','有新的报修请求等待分派，报修单号：BX-100023',to_date('26-APR-13','DD-MON-RR'),'COMPLETED','HELPDESK','100023','19',null,null,null,null,'BX-100023');
Insert into OA.TASKS (ID,TITLE,ASSIGNED_DATE,STATE,CONTEXT_OBJECT_TYPE,CONTEXT_OBJECT_ID,ASSIGNEE_ROLE_ID,ASSIGNEE_USER_ID,COMPLETION_DATE,EXECUTOR_ID,EXECUTOR_DISPLAY_NAME,CONTEXT_TITLE) values ('246','有新的报修请求等待分派，报修单号：BX-100028',to_date('28-APR-13','DD-MON-RR'),'COMPLETED','HELPDESK','100028','18',null,null,null,null,'BX-100028');
Insert into OA.TASKS (ID,TITLE,ASSIGNED_DATE,STATE,CONTEXT_OBJECT_TYPE,CONTEXT_OBJECT_ID,ASSIGNEE_ROLE_ID,ASSIGNEE_USER_ID,COMPLETION_DATE,EXECUTOR_ID,EXECUTOR_DISPLAY_NAME,CONTEXT_TITLE) values ('256','您的报修请求已处理，请评价',to_date('28-APR-13','DD-MON-RR'),'COMPLETED','HELPDESK','100029',null,'284',null,null,null,'BX-100029');
Insert into OA.TASKS (ID,TITLE,ASSIGNED_DATE,STATE,CONTEXT_OBJECT_TYPE,CONTEXT_OBJECT_ID,ASSIGNEE_ROLE_ID,ASSIGNEE_USER_ID,COMPLETION_DATE,EXECUTOR_ID,EXECUTOR_DISPLAY_NAME,CONTEXT_TITLE) values ('321','有新的会议室申请等待您的审核。',to_date('08-MAY-13','DD-MON-RR'),'COMPLETED','CONFRM','216','2',null,null,null,null,'综评项目会议');
Insert into OA.TASKS (ID,TITLE,ASSIGNED_DATE,STATE,CONTEXT_OBJECT_TYPE,CONTEXT_OBJECT_ID,ASSIGNEE_ROLE_ID,ASSIGNEE_USER_ID,COMPLETION_DATE,EXECUTOR_ID,EXECUTOR_DISPLAY_NAME,CONTEXT_TITLE) values ('322','有新的会议室申请等待您的审核。',to_date('08-MAY-13','DD-MON-RR'),'COMPLETED','CONFRM','217','2',null,null,null,null,'教心基地');
Insert into OA.TASKS (ID,TITLE,ASSIGNED_DATE,STATE,CONTEXT_OBJECT_TYPE,CONTEXT_OBJECT_ID,ASSIGNEE_ROLE_ID,ASSIGNEE_USER_ID,COMPLETION_DATE,EXECUTOR_ID,EXECUTOR_DISPLAY_NAME,CONTEXT_TITLE) values ('326','有新的采购订单等待审核，订单号：CG-100062，预算总金额：300.00',to_date('09-MAY-13','DD-MON-RR'),'COMPLETED','PO','100062','11',null,null,null,null,'CG-100062');
Insert into OA.TASKS (ID,TITLE,ASSIGNED_DATE,STATE,CONTEXT_OBJECT_TYPE,CONTEXT_OBJECT_ID,ASSIGNEE_ROLE_ID,ASSIGNEE_USER_ID,COMPLETION_DATE,EXECUTOR_ID,EXECUTOR_DISPLAY_NAME,CONTEXT_TITLE) values ('327','有新的采购订单等待部门审核，订单号：CG-100061，预算总金额：0.00',to_date('09-MAY-13','DD-MON-RR'),'COMPLETED','PO','100061',null,'155',null,null,null,'CG-100061');
Insert into OA.TASKS (ID,TITLE,ASSIGNED_DATE,STATE,CONTEXT_OBJECT_TYPE,CONTEXT_OBJECT_ID,ASSIGNEE_ROLE_ID,ASSIGNEE_USER_ID,COMPLETION_DATE,EXECUTOR_ID,EXECUTOR_DISPLAY_NAME,CONTEXT_TITLE) values ('329','有新的会议室申请等待您的审核。',to_date('09-MAY-13','DD-MON-RR'),'COMPLETED','CONFRM','219','2',null,null,null,null,'校级干部心理咨询师培训');
Insert into OA.TASKS (ID,TITLE,ASSIGNED_DATE,STATE,CONTEXT_OBJECT_TYPE,CONTEXT_OBJECT_ID,ASSIGNEE_ROLE_ID,ASSIGNEE_USER_ID,COMPLETION_DATE,EXECUTOR_ID,EXECUTOR_DISPLAY_NAME,CONTEXT_TITLE) values ('330','有新的会议室申请等待您的审核。',to_date('09-MAY-13','DD-MON-RR'),'COMPLETED','CONFRM','220','2',null,null,null,null,'校级干部心理咨询师培训');
Insert into OA.TASKS (ID,TITLE,ASSIGNED_DATE,STATE,CONTEXT_OBJECT_TYPE,CONTEXT_OBJECT_ID,ASSIGNEE_ROLE_ID,ASSIGNEE_USER_ID,COMPLETION_DATE,EXECUTOR_ID,EXECUTOR_DISPLAY_NAME,CONTEXT_TITLE) values ('331','有新的采购订单等待部门审核，订单号：CG-100063，预算总金额：400000.00',to_date('09-MAY-13','DD-MON-RR'),'COMPLETED','PO','100063',null,'155',null,null,null,'CG-100063');
Insert into OA.TASKS (ID,TITLE,ASSIGNED_DATE,STATE,CONTEXT_OBJECT_TYPE,CONTEXT_OBJECT_ID,ASSIGNEE_ROLE_ID,ASSIGNEE_USER_ID,COMPLETION_DATE,EXECUTOR_ID,EXECUTOR_DISPLAY_NAME,CONTEXT_TITLE) values ('332','有新的采购订单等待审批，订单号：CG-100062，审核总金额：300.0',to_date('09-MAY-13','DD-MON-RR'),'COMPLETED','PO','100062','12',null,null,null,null,'CG-100062');
Insert into OA.TASKS (ID,TITLE,ASSIGNED_DATE,STATE,CONTEXT_OBJECT_TYPE,CONTEXT_OBJECT_ID,ASSIGNEE_ROLE_ID,ASSIGNEE_USER_ID,COMPLETION_DATE,EXECUTOR_ID,EXECUTOR_DISPLAY_NAME,CONTEXT_TITLE) values ('335','有新的会议室申请等待您的审核。',to_date('10-MAY-13','DD-MON-RR'),'COMPLETED','CONFRM','221','2',null,null,null,null,'名师工作交流');
Insert into OA.TASKS (ID,TITLE,ASSIGNED_DATE,STATE,CONTEXT_OBJECT_TYPE,CONTEXT_OBJECT_ID,ASSIGNEE_ROLE_ID,ASSIGNEE_USER_ID,COMPLETION_DATE,EXECUTOR_ID,EXECUTOR_DISPLAY_NAME,CONTEXT_TITLE) values ('343','有新的采购订单等待审批，订单号：CG-100064，审核总金额：300.0',to_date('11-MAY-13','DD-MON-RR'),'COMPLETED','PO','100064','12',null,null,null,null,'CG-100064');
Insert into OA.TASKS (ID,TITLE,ASSIGNED_DATE,STATE,CONTEXT_OBJECT_TYPE,CONTEXT_OBJECT_ID,ASSIGNEE_ROLE_ID,ASSIGNEE_USER_ID,COMPLETION_DATE,EXECUTOR_ID,EXECUTOR_DISPLAY_NAME,CONTEXT_TITLE) values ('346','有新的会议室申请等待您的审核。',to_date('13-MAY-13','DD-MON-RR'),'COMPLETED','CONFRM','223','2',null,null,null,null,'质量保障会');
Insert into OA.TASKS (ID,TITLE,ASSIGNED_DATE,STATE,CONTEXT_OBJECT_TYPE,CONTEXT_OBJECT_ID,ASSIGNEE_ROLE_ID,ASSIGNEE_USER_ID,COMPLETION_DATE,EXECUTOR_ID,EXECUTOR_DISPLAY_NAME,CONTEXT_TITLE) values ('350','有新的会议室申请等待您的审核。',to_date('13-MAY-13','DD-MON-RR'),'COMPLETED','CONFRM','226','2',null,null,null,null,'校本培训优秀课程评审');
Insert into OA.TASKS (ID,TITLE,ASSIGNED_DATE,STATE,CONTEXT_OBJECT_TYPE,CONTEXT_OBJECT_ID,ASSIGNEE_ROLE_ID,ASSIGNEE_USER_ID,COMPLETION_DATE,EXECUTOR_ID,EXECUTOR_DISPLAY_NAME,CONTEXT_TITLE) values ('356','有新的会议室申请等待您的审核。',to_date('13-MAY-13','DD-MON-RR'),'COMPLETED','CONFRM','227','2',null,null,null,null,'区教学评选颁奖座谈会');
Insert into OA.TASKS (ID,TITLE,ASSIGNED_DATE,STATE,CONTEXT_OBJECT_TYPE,CONTEXT_OBJECT_ID,ASSIGNEE_ROLE_ID,ASSIGNEE_USER_ID,COMPLETION_DATE,EXECUTOR_ID,EXECUTOR_DISPLAY_NAME,CONTEXT_TITLE) values ('362','有新的会议室申请等待您的审核。',to_date('14-MAY-13','DD-MON-RR'),'COMPLETED','CONFRM','232','2',null,null,null,null,'沈祖芸报告');
Insert into OA.TASKS (ID,TITLE,ASSIGNED_DATE,STATE,CONTEXT_OBJECT_TYPE,CONTEXT_OBJECT_ID,ASSIGNEE_ROLE_ID,ASSIGNEE_USER_ID,COMPLETION_DATE,EXECUTOR_ID,EXECUTOR_DISPLAY_NAME,CONTEXT_TITLE) values ('363','有新的会议室申请等待您的审核。',to_date('15-MAY-13','DD-MON-RR'),'COMPLETED','CONFRM','233','2',null,null,null,null,'保健教师会议');
Insert into OA.TASKS (ID,TITLE,ASSIGNED_DATE,STATE,CONTEXT_OBJECT_TYPE,CONTEXT_OBJECT_ID,ASSIGNEE_ROLE_ID,ASSIGNEE_USER_ID,COMPLETION_DATE,EXECUTOR_ID,EXECUTOR_DISPLAY_NAME,CONTEXT_TITLE) values ('367','有新的会议室申请等待您的审核。',to_date('15-MAY-13','DD-MON-RR'),'COMPLETED','CONFRM','236','2',null,null,null,null,'小班教材修订项目组会议');
Insert into OA.TASKS (ID,TITLE,ASSIGNED_DATE,STATE,CONTEXT_OBJECT_TYPE,CONTEXT_OBJECT_ID,ASSIGNEE_ROLE_ID,ASSIGNEE_USER_ID,COMPLETION_DATE,EXECUTOR_ID,EXECUTOR_DISPLAY_NAME,CONTEXT_TITLE) values ('369','有新的采购订单等待审核，订单号：CG-100065，预算总金额：11500.00',to_date('16-MAY-13','DD-MON-RR'),'COMPLETED','PO','100065','11',null,null,null,null,'CG-100065');
Insert into OA.TASKS (ID,TITLE,ASSIGNED_DATE,STATE,CONTEXT_OBJECT_TYPE,CONTEXT_OBJECT_ID,ASSIGNEE_ROLE_ID,ASSIGNEE_USER_ID,COMPLETION_DATE,EXECUTOR_ID,EXECUTOR_DISPLAY_NAME,CONTEXT_TITLE) values ('371','有新的会议室申请等待您的审核。',to_date('16-MAY-13','DD-MON-RR'),'COMPLETED','CONFRM','237','2',null,null,null,null,'总务主任培训');
Insert into OA.TASKS (ID,TITLE,ASSIGNED_DATE,STATE,CONTEXT_OBJECT_TYPE,CONTEXT_OBJECT_ID,ASSIGNEE_ROLE_ID,ASSIGNEE_USER_ID,COMPLETION_DATE,EXECUTOR_ID,EXECUTOR_DISPLAY_NAME,CONTEXT_TITLE) values ('372','有新的会议室申请等待您的审核。',to_date('16-MAY-13','DD-MON-RR'),'COMPLETED','CONFRM','238','2',null,null,null,null,'探究实验教学');
Insert into OA.TASKS (ID,TITLE,ASSIGNED_DATE,STATE,CONTEXT_OBJECT_TYPE,CONTEXT_OBJECT_ID,ASSIGNEE_ROLE_ID,ASSIGNEE_USER_ID,COMPLETION_DATE,EXECUTOR_ID,EXECUTOR_DISPLAY_NAME,CONTEXT_TITLE) values ('376','有新的采购订单等待审批，订单号：CG-100065，总金额：11500.00',to_date('16-MAY-13','DD-MON-RR'),'COMPLETED','PO','100065','13',null,null,null,null,'CG-100065');
Insert into OA.TASKS (ID,TITLE,ASSIGNED_DATE,STATE,CONTEXT_OBJECT_TYPE,CONTEXT_OBJECT_ID,ASSIGNEE_ROLE_ID,ASSIGNEE_USER_ID,COMPLETION_DATE,EXECUTOR_ID,EXECUTOR_DISPLAY_NAME,CONTEXT_TITLE) values ('377','有新的会议室申请等待您的审核。',to_date('16-MAY-13','DD-MON-RR'),'COMPLETED','CONFRM','242','2',null,null,null,null,'科研室教育公平课题讨论');
Insert into OA.TASKS (ID,TITLE,ASSIGNED_DATE,STATE,CONTEXT_OBJECT_TYPE,CONTEXT_OBJECT_ID,ASSIGNEE_ROLE_ID,ASSIGNEE_USER_ID,COMPLETION_DATE,EXECUTOR_ID,EXECUTOR_DISPLAY_NAME,CONTEXT_TITLE) values ('378','有新的报修请求等待分派，报修单号：BX-100041',to_date('16-MAY-13','DD-MON-RR'),'COMPLETED','HELPDESK','100041','18',null,null,null,null,'BX-100041');
Insert into OA.TASKS (ID,TITLE,ASSIGNED_DATE,STATE,CONTEXT_OBJECT_TYPE,CONTEXT_OBJECT_ID,ASSIGNEE_ROLE_ID,ASSIGNEE_USER_ID,COMPLETION_DATE,EXECUTOR_ID,EXECUTOR_DISPLAY_NAME,CONTEXT_TITLE) values ('380','有新的用车申请等待您的调度！ ',to_date('16-MAY-13','DD-MON-RR'),'COMPLETED','VEHICLE','190','5',null,null,null,null,'教研活动');
Insert into OA.TASKS (ID,TITLE,ASSIGNED_DATE,STATE,CONTEXT_OBJECT_TYPE,CONTEXT_OBJECT_ID,ASSIGNEE_ROLE_ID,ASSIGNEE_USER_ID,COMPLETION_DATE,EXECUTOR_ID,EXECUTOR_DISPLAY_NAME,CONTEXT_TITLE) values ('395','有新的会议室申请等待您的审核。',to_date('20-MAY-13','DD-MON-RR'),'COMPLETED','CONFRM','246','2',null,null,null,null,'中考备考工作');
Insert into OA.TASKS (ID,TITLE,ASSIGNED_DATE,STATE,CONTEXT_OBJECT_TYPE,CONTEXT_OBJECT_ID,ASSIGNEE_ROLE_ID,ASSIGNEE_USER_ID,COMPLETION_DATE,EXECUTOR_ID,EXECUTOR_DISPLAY_NAME,CONTEXT_TITLE) values ('396','有新的会议室申请等待您的审核。',to_date('20-MAY-13','DD-MON-RR'),'COMPLETED','CONFRM','247','2',null,null,null,null,'市中小学德育研究课题中期检查总结会');
Insert into OA.TASKS (ID,TITLE,ASSIGNED_DATE,STATE,CONTEXT_OBJECT_TYPE,CONTEXT_OBJECT_ID,ASSIGNEE_ROLE_ID,ASSIGNEE_USER_ID,COMPLETION_DATE,EXECUTOR_ID,EXECUTOR_DISPLAY_NAME,CONTEXT_TITLE) values ('403','有新的会议室申请等待您的审核。',to_date('22-MAY-13','DD-MON-RR'),'COMPLETED','CONFRM','253','2',null,null,null,null,'基础教育改革经验分享');
Insert into OA.TASKS (ID,TITLE,ASSIGNED_DATE,STATE,CONTEXT_OBJECT_TYPE,CONTEXT_OBJECT_ID,ASSIGNEE_ROLE_ID,ASSIGNEE_USER_ID,COMPLETION_DATE,EXECUTOR_ID,EXECUTOR_DISPLAY_NAME,CONTEXT_TITLE) values ('404','有新的采购订单等待部门审核，订单号：CG-100081，预算总金额：400.00',to_date('22-MAY-13','DD-MON-RR'),'PENDING','PO','100081',null,'153',null,null,null,'CG-100081');
Insert into OA.TASKS (ID,TITLE,ASSIGNED_DATE,STATE,CONTEXT_OBJECT_TYPE,CONTEXT_OBJECT_ID,ASSIGNEE_ROLE_ID,ASSIGNEE_USER_ID,COMPLETION_DATE,EXECUTOR_ID,EXECUTOR_DISPLAY_NAME,CONTEXT_TITLE) values ('407','有新的会议室申请等待您的审核。',to_date('23-MAY-13','DD-MON-RR'),'COMPLETED','CONFRM','256','2',null,null,null,null,'校本培训先进学校，优秀课程复评');
Insert into OA.TASKS (ID,TITLE,ASSIGNED_DATE,STATE,CONTEXT_OBJECT_TYPE,CONTEXT_OBJECT_ID,ASSIGNEE_ROLE_ID,ASSIGNEE_USER_ID,COMPLETION_DATE,EXECUTOR_ID,EXECUTOR_DISPLAY_NAME,CONTEXT_TITLE) values ('408','有新的会议室申请等待您的审核。',to_date('23-MAY-13','DD-MON-RR'),'COMPLETED','CONFRM','257','2',null,null,null,null,'校本培训先进学校、优秀课程复评');
Insert into OA.TASKS (ID,TITLE,ASSIGNED_DATE,STATE,CONTEXT_OBJECT_TYPE,CONTEXT_OBJECT_ID,ASSIGNEE_ROLE_ID,ASSIGNEE_USER_ID,COMPLETION_DATE,EXECUTOR_ID,EXECUTOR_DISPLAY_NAME,CONTEXT_TITLE) values ('414','有新的会议室申请等待您的审核。',to_date('27-MAY-13','DD-MON-RR'),'COMPLETED','CONFRM','264','2',null,null,null,null,'支部活动');
Insert into OA.TASKS (ID,TITLE,ASSIGNED_DATE,STATE,CONTEXT_OBJECT_TYPE,CONTEXT_OBJECT_ID,ASSIGNEE_ROLE_ID,ASSIGNEE_USER_ID,COMPLETION_DATE,EXECUTOR_ID,EXECUTOR_DISPLAY_NAME,CONTEXT_TITLE) values ('429','有新的会议室申请等待您的审核。',to_date('28-MAY-13','DD-MON-RR'),'COMPLETED','CONFRM','272','2',null,null,null,null,'楹联艺术鉴赏');
Insert into OA.TASKS (ID,TITLE,ASSIGNED_DATE,STATE,CONTEXT_OBJECT_TYPE,CONTEXT_OBJECT_ID,ASSIGNEE_ROLE_ID,ASSIGNEE_USER_ID,COMPLETION_DATE,EXECUTOR_ID,EXECUTOR_DISPLAY_NAME,CONTEXT_TITLE) values ('179','有新的采购订单等待审核，订单号：CG-100022，预算总金额：6300.00',to_date('22-APR-13','DD-MON-RR'),'COMPLETED','PO','100022','11',null,null,null,null,'CG-100022');
Insert into OA.TASKS (ID,TITLE,ASSIGNED_DATE,STATE,CONTEXT_OBJECT_TYPE,CONTEXT_OBJECT_ID,ASSIGNEE_ROLE_ID,ASSIGNEE_USER_ID,COMPLETION_DATE,EXECUTOR_ID,EXECUTOR_DISPLAY_NAME,CONTEXT_TITLE) values ('187','有新的报修请求等待处理，报修单号：BX-100006',to_date('22-APR-13','DD-MON-RR'),'COMPLETED','HELPDESK','100006',null,'250',null,null,null,'BX-100006');
Insert into OA.TASKS (ID,TITLE,ASSIGNED_DATE,STATE,CONTEXT_OBJECT_TYPE,CONTEXT_OBJECT_ID,ASSIGNEE_ROLE_ID,ASSIGNEE_USER_ID,COMPLETION_DATE,EXECUTOR_ID,EXECUTOR_DISPLAY_NAME,CONTEXT_TITLE) values ('189','您的报修请求已处理，请评价',to_date('22-APR-13','DD-MON-RR'),'COMPLETED','HELPDESK','100006',null,'267',null,null,null,'BX-100006');
Insert into OA.TASKS (ID,TITLE,ASSIGNED_DATE,STATE,CONTEXT_OBJECT_TYPE,CONTEXT_OBJECT_ID,ASSIGNEE_ROLE_ID,ASSIGNEE_USER_ID,COMPLETION_DATE,EXECUTOR_ID,EXECUTOR_DISPLAY_NAME,CONTEXT_TITLE) values ('191','有新的报修请求等待处理，报修单号：BX-100008',to_date('22-APR-13','DD-MON-RR'),'COMPLETED','HELPDESK','100008',null,'278',null,null,null,'BX-100008');
Insert into OA.TASKS (ID,TITLE,ASSIGNED_DATE,STATE,CONTEXT_OBJECT_TYPE,CONTEXT_OBJECT_ID,ASSIGNEE_ROLE_ID,ASSIGNEE_USER_ID,COMPLETION_DATE,EXECUTOR_ID,EXECUTOR_DISPLAY_NAME,CONTEXT_TITLE) values ('193','有新的报修请求等待分派，报修单号：BX-100010',to_date('22-APR-13','DD-MON-RR'),'COMPLETED','HELPDESK','100010','19',null,null,null,null,'BX-100010');
Insert into OA.TASKS (ID,TITLE,ASSIGNED_DATE,STATE,CONTEXT_OBJECT_TYPE,CONTEXT_OBJECT_ID,ASSIGNEE_ROLE_ID,ASSIGNEE_USER_ID,COMPLETION_DATE,EXECUTOR_ID,EXECUTOR_DISPLAY_NAME,CONTEXT_TITLE) values ('194','有新的报修请求等待处理，报修单号：BX-100010',to_date('22-APR-13','DD-MON-RR'),'COMPLETED','HELPDESK','100010',null,'278',null,null,null,'BX-100010');
Insert into OA.TASKS (ID,TITLE,ASSIGNED_DATE,STATE,CONTEXT_OBJECT_TYPE,CONTEXT_OBJECT_ID,ASSIGNEE_ROLE_ID,ASSIGNEE_USER_ID,COMPLETION_DATE,EXECUTOR_ID,EXECUTOR_DISPLAY_NAME,CONTEXT_TITLE) values ('195','您的报修请求已处理，请评价',to_date('22-APR-13','DD-MON-RR'),'PENDING','HELPDESK','100010',null,'266',null,null,null,'BX-100010');
Insert into OA.TASKS (ID,TITLE,ASSIGNED_DATE,STATE,CONTEXT_OBJECT_TYPE,CONTEXT_OBJECT_ID,ASSIGNEE_ROLE_ID,ASSIGNEE_USER_ID,COMPLETION_DATE,EXECUTOR_ID,EXECUTOR_DISPLAY_NAME,CONTEXT_TITLE) values ('197','有新的报修请求等待分派，报修单号：BX-100011',to_date('22-APR-13','DD-MON-RR'),'COMPLETED','HELPDESK','100011','19',null,null,null,null,'BX-100011');
Insert into OA.TASKS (ID,TITLE,ASSIGNED_DATE,STATE,CONTEXT_OBJECT_TYPE,CONTEXT_OBJECT_ID,ASSIGNEE_ROLE_ID,ASSIGNEE_USER_ID,COMPLETION_DATE,EXECUTOR_ID,EXECUTOR_DISPLAY_NAME,CONTEXT_TITLE) values ('203','有新的报修请求等待分派，报修单号：BX-100012',to_date('23-APR-13','DD-MON-RR'),'COMPLETED','HELPDESK','100012','18',null,null,null,null,'BX-100012');
Insert into OA.TASKS (ID,TITLE,ASSIGNED_DATE,STATE,CONTEXT_OBJECT_TYPE,CONTEXT_OBJECT_ID,ASSIGNEE_ROLE_ID,ASSIGNEE_USER_ID,COMPLETION_DATE,EXECUTOR_ID,EXECUTOR_DISPLAY_NAME,CONTEXT_TITLE) values ('205','有新的采购订单等待审核，订单号：CG-100024，预算总金额：2400.00',to_date('23-APR-13','DD-MON-RR'),'COMPLETED','PO','100024','11',null,null,null,null,'CG-100024');
Insert into OA.TASKS (ID,TITLE,ASSIGNED_DATE,STATE,CONTEXT_OBJECT_TYPE,CONTEXT_OBJECT_ID,ASSIGNEE_ROLE_ID,ASSIGNEE_USER_ID,COMPLETION_DATE,EXECUTOR_ID,EXECUTOR_DISPLAY_NAME,CONTEXT_TITLE) values ('215','有新的用车申请已审核完成，等待您调度车辆。',to_date('24-APR-13','DD-MON-RR'),'COMPLETED','VEHICLE','123','5',null,null,null,null,'考察院舍设计');
Insert into OA.TASKS (ID,TITLE,ASSIGNED_DATE,STATE,CONTEXT_OBJECT_TYPE,CONTEXT_OBJECT_ID,ASSIGNEE_ROLE_ID,ASSIGNEE_USER_ID,COMPLETION_DATE,EXECUTOR_ID,EXECUTOR_DISPLAY_NAME,CONTEXT_TITLE) values ('217','有新的报修请求等待处理，报修单号：BX-100021',to_date('24-APR-13','DD-MON-RR'),'COMPLETED','HELPDESK','100021',null,'291',null,null,null,'BX-100021');
Insert into OA.TASKS (ID,TITLE,ASSIGNED_DATE,STATE,CONTEXT_OBJECT_TYPE,CONTEXT_OBJECT_ID,ASSIGNEE_ROLE_ID,ASSIGNEE_USER_ID,COMPLETION_DATE,EXECUTOR_ID,EXECUTOR_DISPLAY_NAME,CONTEXT_TITLE) values ('227','有新的采购订单等待审核，订单号：CG-100027，预算总金额：9000.00',to_date('25-APR-13','DD-MON-RR'),'COMPLETED','PO','100027','11',null,null,null,null,'CG-100027');
Insert into OA.TASKS (ID,TITLE,ASSIGNED_DATE,STATE,CONTEXT_OBJECT_TYPE,CONTEXT_OBJECT_ID,ASSIGNEE_ROLE_ID,ASSIGNEE_USER_ID,COMPLETION_DATE,EXECUTOR_ID,EXECUTOR_DISPLAY_NAME,CONTEXT_TITLE) values ('231','有新的报修请求等待处理，报修单号：BX-100023',to_date('26-APR-13','DD-MON-RR'),'COMPLETED','HELPDESK','100023',null,'267',null,null,null,'BX-100023');
Insert into OA.TASKS (ID,TITLE,ASSIGNED_DATE,STATE,CONTEXT_OBJECT_TYPE,CONTEXT_OBJECT_ID,ASSIGNEE_ROLE_ID,ASSIGNEE_USER_ID,COMPLETION_DATE,EXECUTOR_ID,EXECUTOR_DISPLAY_NAME,CONTEXT_TITLE) values ('234','您的报修请求已处理，请评价',to_date('26-APR-13','DD-MON-RR'),'COMPLETED','HELPDESK','100024',null,'273',null,null,null,'BX-100024');
Insert into OA.TASKS (ID,TITLE,ASSIGNED_DATE,STATE,CONTEXT_OBJECT_TYPE,CONTEXT_OBJECT_ID,ASSIGNEE_ROLE_ID,ASSIGNEE_USER_ID,COMPLETION_DATE,EXECUTOR_ID,EXECUTOR_DISPLAY_NAME,CONTEXT_TITLE) values ('236','有新的报修请求等待处理，报修单号：BX-100025',to_date('27-APR-13','DD-MON-RR'),'COMPLETED','HELPDESK','100025',null,'293',null,null,null,'BX-100025');
Insert into OA.TASKS (ID,TITLE,ASSIGNED_DATE,STATE,CONTEXT_OBJECT_TYPE,CONTEXT_OBJECT_ID,ASSIGNEE_ROLE_ID,ASSIGNEE_USER_ID,COMPLETION_DATE,EXECUTOR_ID,EXECUTOR_DISPLAY_NAME,CONTEXT_TITLE) values ('239','您的报修请求已处理，请评价',to_date('27-APR-13','DD-MON-RR'),'COMPLETED','HELPDESK','100023',null,'249',null,null,null,'BX-100023');
Insert into OA.TASKS (ID,TITLE,ASSIGNED_DATE,STATE,CONTEXT_OBJECT_TYPE,CONTEXT_OBJECT_ID,ASSIGNEE_ROLE_ID,ASSIGNEE_USER_ID,COMPLETION_DATE,EXECUTOR_ID,EXECUTOR_DISPLAY_NAME,CONTEXT_TITLE) values ('245','您有新的报修请求等待复核，报修单号：BX-100027',to_date('27-APR-13','DD-MON-RR'),'COMPLETED','HELPDESK','100027','21',null,null,null,null,'BX-100027');
Insert into OA.TASKS (ID,TITLE,ASSIGNED_DATE,STATE,CONTEXT_OBJECT_TYPE,CONTEXT_OBJECT_ID,ASSIGNEE_ROLE_ID,ASSIGNEE_USER_ID,COMPLETION_DATE,EXECUTOR_ID,EXECUTOR_DISPLAY_NAME,CONTEXT_TITLE) values ('247','有新的报修请求等待处理，报修单号：BX-100028',to_date('28-APR-13','DD-MON-RR'),'COMPLETED','HELPDESK','100028',null,'305',null,null,null,'BX-100028');
Insert into OA.TASKS (ID,TITLE,ASSIGNED_DATE,STATE,CONTEXT_OBJECT_TYPE,CONTEXT_OBJECT_ID,ASSIGNEE_ROLE_ID,ASSIGNEE_USER_ID,COMPLETION_DATE,EXECUTOR_ID,EXECUTOR_DISPLAY_NAME,CONTEXT_TITLE) values ('254','有新的报修请求等待分派，报修单号：BX-100029',to_date('28-APR-13','DD-MON-RR'),'COMPLETED','HELPDESK','100029','19',null,null,null,null,'BX-100029');
Insert into OA.TASKS (ID,TITLE,ASSIGNED_DATE,STATE,CONTEXT_OBJECT_TYPE,CONTEXT_OBJECT_ID,ASSIGNEE_ROLE_ID,ASSIGNEE_USER_ID,COMPLETION_DATE,EXECUTOR_ID,EXECUTOR_DISPLAY_NAME,CONTEXT_TITLE) values ('279','有新的会议室申请等待您的审核。',to_date('02-MAY-13','DD-MON-RR'),'COMPLETED','CONFRM','156','2',null,null,null,null,'总务主任培训');
Insert into OA.TASKS (ID,TITLE,ASSIGNED_DATE,STATE,CONTEXT_OBJECT_TYPE,CONTEXT_OBJECT_ID,ASSIGNEE_ROLE_ID,ASSIGNEE_USER_ID,COMPLETION_DATE,EXECUTOR_ID,EXECUTOR_DISPLAY_NAME,CONTEXT_TITLE) values ('280','有新的会议室申请等待您的审核。',to_date('02-MAY-13','DD-MON-RR'),'COMPLETED','CONFRM','157','2',null,null,null,null,'书记培训');
Insert into OA.TASKS (ID,TITLE,ASSIGNED_DATE,STATE,CONTEXT_OBJECT_TYPE,CONTEXT_OBJECT_ID,ASSIGNEE_ROLE_ID,ASSIGNEE_USER_ID,COMPLETION_DATE,EXECUTOR_ID,EXECUTOR_DISPLAY_NAME,CONTEXT_TITLE) values ('283','有新的会议室申请等待您的审核。',to_date('02-MAY-13','DD-MON-RR'),'COMPLETED','CONFRM','159','2',null,null,null,null,'人事会议');
Insert into OA.TASKS (ID,TITLE,ASSIGNED_DATE,STATE,CONTEXT_OBJECT_TYPE,CONTEXT_OBJECT_ID,ASSIGNEE_ROLE_ID,ASSIGNEE_USER_ID,COMPLETION_DATE,EXECUTOR_ID,EXECUTOR_DISPLAY_NAME,CONTEXT_TITLE) values ('286','有新的采购订单等待审核，订单号：CG-100043，预算总金额：600.00',to_date('03-MAY-13','DD-MON-RR'),'COMPLETED','PO','100043','11',null,null,null,null,'CG-100043');
Insert into OA.TASKS (ID,TITLE,ASSIGNED_DATE,STATE,CONTEXT_OBJECT_TYPE,CONTEXT_OBJECT_ID,ASSIGNEE_ROLE_ID,ASSIGNEE_USER_ID,COMPLETION_DATE,EXECUTOR_ID,EXECUTOR_DISPLAY_NAME,CONTEXT_TITLE) values ('288','有新的采购订单等待审核，订单号：CG-100041，预算总金额：1000.00',to_date('03-MAY-13','DD-MON-RR'),'COMPLETED','PO','100041','11',null,null,null,null,'CG-100041');
Insert into OA.TASKS (ID,TITLE,ASSIGNED_DATE,STATE,CONTEXT_OBJECT_TYPE,CONTEXT_OBJECT_ID,ASSIGNEE_ROLE_ID,ASSIGNEE_USER_ID,COMPLETION_DATE,EXECUTOR_ID,EXECUTOR_DISPLAY_NAME,CONTEXT_TITLE) values ('289','有新的会议室申请等待您的审核。',to_date('03-MAY-13','DD-MON-RR'),'COMPLETED','CONFRM','165','2',null,null,null,null,'科学培训');
Insert into OA.TASKS (ID,TITLE,ASSIGNED_DATE,STATE,CONTEXT_OBJECT_TYPE,CONTEXT_OBJECT_ID,ASSIGNEE_ROLE_ID,ASSIGNEE_USER_ID,COMPLETION_DATE,EXECUTOR_ID,EXECUTOR_DISPLAY_NAME,CONTEXT_TITLE) values ('290','有新的会议室申请等待您的审核。',to_date('03-MAY-13','DD-MON-RR'),'COMPLETED','CONFRM','167','2',null,null,null,null,'高一教研');
Insert into OA.TASKS (ID,TITLE,ASSIGNED_DATE,STATE,CONTEXT_OBJECT_TYPE,CONTEXT_OBJECT_ID,ASSIGNEE_ROLE_ID,ASSIGNEE_USER_ID,COMPLETION_DATE,EXECUTOR_ID,EXECUTOR_DISPLAY_NAME,CONTEXT_TITLE) values ('291','有新的会议室申请等待您的审核。',to_date('03-MAY-13','DD-MON-RR'),'COMPLETED','CONFRM','168','2',null,null,null,null,'高二教师');
Insert into OA.TASKS (ID,TITLE,ASSIGNED_DATE,STATE,CONTEXT_OBJECT_TYPE,CONTEXT_OBJECT_ID,ASSIGNEE_ROLE_ID,ASSIGNEE_USER_ID,COMPLETION_DATE,EXECUTOR_ID,EXECUTOR_DISPLAY_NAME,CONTEXT_TITLE) values ('293','有新的采购订单等待审批，订单号：CG-100041，审核总金额：1000.0',to_date('03-MAY-13','DD-MON-RR'),'COMPLETED','PO','100041','12',null,null,null,null,'CG-100041');
Insert into OA.TASKS (ID,TITLE,ASSIGNED_DATE,STATE,CONTEXT_OBJECT_TYPE,CONTEXT_OBJECT_ID,ASSIGNEE_ROLE_ID,ASSIGNEE_USER_ID,COMPLETION_DATE,EXECUTOR_ID,EXECUTOR_DISPLAY_NAME,CONTEXT_TITLE) values ('294','有新的采购订单等待审批，订单号：CG-100042，审核总金额：350.0',to_date('03-MAY-13','DD-MON-RR'),'COMPLETED','PO','100042','12',null,null,null,null,'CG-100042');
Insert into OA.TASKS (ID,TITLE,ASSIGNED_DATE,STATE,CONTEXT_OBJECT_TYPE,CONTEXT_OBJECT_ID,ASSIGNEE_ROLE_ID,ASSIGNEE_USER_ID,COMPLETION_DATE,EXECUTOR_ID,EXECUTOR_DISPLAY_NAME,CONTEXT_TITLE) values ('295','有新的采购订单等待审批，订单号：CG-100043，审核总金额：600.0',to_date('03-MAY-13','DD-MON-RR'),'COMPLETED','PO','100043','12',null,null,null,null,'CG-100043');
Insert into OA.TASKS (ID,TITLE,ASSIGNED_DATE,STATE,CONTEXT_OBJECT_TYPE,CONTEXT_OBJECT_ID,ASSIGNEE_ROLE_ID,ASSIGNEE_USER_ID,COMPLETION_DATE,EXECUTOR_ID,EXECUTOR_DISPLAY_NAME,CONTEXT_TITLE) values ('298','有新的采购订单等待审批，订单号：CG-100027，审核总金额：9000.0',to_date('03-MAY-13','DD-MON-RR'),'COMPLETED','PO','100027','12',null,null,null,null,'CG-100027');
Insert into OA.TASKS (ID,TITLE,ASSIGNED_DATE,STATE,CONTEXT_OBJECT_TYPE,CONTEXT_OBJECT_ID,ASSIGNEE_ROLE_ID,ASSIGNEE_USER_ID,COMPLETION_DATE,EXECUTOR_ID,EXECUTOR_DISPLAY_NAME,CONTEXT_TITLE) values ('299','有新的采购订单等待审批，订单号：CG-100042，总金额：350.00',to_date('03-MAY-13','DD-MON-RR'),'COMPLETED','PO','100042','13',null,null,null,null,'CG-100042');
Insert into OA.TASKS (ID,TITLE,ASSIGNED_DATE,STATE,CONTEXT_OBJECT_TYPE,CONTEXT_OBJECT_ID,ASSIGNEE_ROLE_ID,ASSIGNEE_USER_ID,COMPLETION_DATE,EXECUTOR_ID,EXECUTOR_DISPLAY_NAME,CONTEXT_TITLE) values ('300','有新的采购订单等待审批，订单号：CG-100041，总金额：1000.00',to_date('03-MAY-13','DD-MON-RR'),'COMPLETED','PO','100041','13',null,null,null,null,'CG-100041');
Insert into OA.TASKS (ID,TITLE,ASSIGNED_DATE,STATE,CONTEXT_OBJECT_TYPE,CONTEXT_OBJECT_ID,ASSIGNEE_ROLE_ID,ASSIGNEE_USER_ID,COMPLETION_DATE,EXECUTOR_ID,EXECUTOR_DISPLAY_NAME,CONTEXT_TITLE) values ('301','有新的采购订单等待审批，订单号：CG-100043，总金额：600.00',to_date('03-MAY-13','DD-MON-RR'),'COMPLETED','PO','100043','13',null,null,null,null,'CG-100043');
Insert into OA.TASKS (ID,TITLE,ASSIGNED_DATE,STATE,CONTEXT_OBJECT_TYPE,CONTEXT_OBJECT_ID,ASSIGNEE_ROLE_ID,ASSIGNEE_USER_ID,COMPLETION_DATE,EXECUTOR_ID,EXECUTOR_DISPLAY_NAME,CONTEXT_TITLE) values ('302','有新的采购订单等待审批，订单号：CG-100027，总金额：9000.00',to_date('03-MAY-13','DD-MON-RR'),'COMPLETED','PO','100027','13',null,null,null,null,'CG-100027');
Insert into OA.TASKS (ID,TITLE,ASSIGNED_DATE,STATE,CONTEXT_OBJECT_TYPE,CONTEXT_OBJECT_ID,ASSIGNEE_ROLE_ID,ASSIGNEE_USER_ID,COMPLETION_DATE,EXECUTOR_ID,EXECUTOR_DISPLAY_NAME,CONTEXT_TITLE) values ('314','有新的会议室申请等待您的审核。',to_date('06-MAY-13','DD-MON-RR'),'COMPLETED','CONFRM','185','2',null,null,null,null,'教育公平');
Insert into OA.TASKS (ID,TITLE,ASSIGNED_DATE,STATE,CONTEXT_OBJECT_TYPE,CONTEXT_OBJECT_ID,ASSIGNEE_ROLE_ID,ASSIGNEE_USER_ID,COMPLETION_DATE,EXECUTOR_ID,EXECUTOR_DISPLAY_NAME,CONTEXT_TITLE) values ('315','有新的会议室申请等待您的审核。',to_date('06-MAY-13','DD-MON-RR'),'CANCELED','CONFRM','186','2',null,null,null,null,'教育公平');
Insert into OA.TASKS (ID,TITLE,ASSIGNED_DATE,STATE,CONTEXT_OBJECT_TYPE,CONTEXT_OBJECT_ID,ASSIGNEE_ROLE_ID,ASSIGNEE_USER_ID,COMPLETION_DATE,EXECUTOR_ID,EXECUTOR_DISPLAY_NAME,CONTEXT_TITLE) values ('320','有新的会议室申请等待您的审核。',to_date('08-MAY-13','DD-MON-RR'),'COMPLETED','CONFRM','215','2',null,null,null,null,'实验员培训');
Insert into OA.TASKS (ID,TITLE,ASSIGNED_DATE,STATE,CONTEXT_OBJECT_TYPE,CONTEXT_OBJECT_ID,ASSIGNEE_ROLE_ID,ASSIGNEE_USER_ID,COMPLETION_DATE,EXECUTOR_ID,EXECUTOR_DISPLAY_NAME,CONTEXT_TITLE) values ('325','有新的会议室申请等待您的审核。',to_date('09-MAY-13','DD-MON-RR'),'COMPLETED','CONFRM','218','2',null,null,null,null,'中考备考工作');
Insert into OA.TASKS (ID,TITLE,ASSIGNED_DATE,STATE,CONTEXT_OBJECT_TYPE,CONTEXT_OBJECT_ID,ASSIGNEE_ROLE_ID,ASSIGNEE_USER_ID,COMPLETION_DATE,EXECUTOR_ID,EXECUTOR_DISPLAY_NAME,CONTEXT_TITLE) values ('337','有新的采购订单等待审核，订单号：CG-100064，预算总金额：300.00',to_date('10-MAY-13','DD-MON-RR'),'COMPLETED','PO','100064','11',null,null,null,null,'CG-100064');
Insert into OA.TASKS (ID,TITLE,ASSIGNED_DATE,STATE,CONTEXT_OBJECT_TYPE,CONTEXT_OBJECT_ID,ASSIGNEE_ROLE_ID,ASSIGNEE_USER_ID,COMPLETION_DATE,EXECUTOR_ID,EXECUTOR_DISPLAY_NAME,CONTEXT_TITLE) values ('347','有新的会议室申请等待您的审核。',to_date('13-MAY-13','DD-MON-RR'),'COMPLETED','CONFRM','224','2',null,null,null,null,'改稿会议');
Insert into OA.TASKS (ID,TITLE,ASSIGNED_DATE,STATE,CONTEXT_OBJECT_TYPE,CONTEXT_OBJECT_ID,ASSIGNEE_ROLE_ID,ASSIGNEE_USER_ID,COMPLETION_DATE,EXECUTOR_ID,EXECUTOR_DISPLAY_NAME,CONTEXT_TITLE) values ('351','有新的用车申请等待您的调度！ ',to_date('13-MAY-13','DD-MON-RR'),'COMPLETED','VEHICLE','175','5',null,null,null,null,'萌芽杯');
Insert into OA.TASKS (ID,TITLE,ASSIGNED_DATE,STATE,CONTEXT_OBJECT_TYPE,CONTEXT_OBJECT_ID,ASSIGNEE_ROLE_ID,ASSIGNEE_USER_ID,COMPLETION_DATE,EXECUTOR_ID,EXECUTOR_DISPLAY_NAME,CONTEXT_TITLE) values ('352','有新的用车申请等待您的调度！ ',to_date('13-MAY-13','DD-MON-RR'),'COMPLETED','VEHICLE','176','5',null,null,null,null,'萌芽杯');
Insert into OA.TASKS (ID,TITLE,ASSIGNED_DATE,STATE,CONTEXT_OBJECT_TYPE,CONTEXT_OBJECT_ID,ASSIGNEE_ROLE_ID,ASSIGNEE_USER_ID,COMPLETION_DATE,EXECUTOR_ID,EXECUTOR_DISPLAY_NAME,CONTEXT_TITLE) values ('353','有新的用车申请等待您的调度！ ',to_date('13-MAY-13','DD-MON-RR'),'COMPLETED','VEHICLE','177','5',null,null,null,null,'萌芽杯');
Insert into OA.TASKS (ID,TITLE,ASSIGNED_DATE,STATE,CONTEXT_OBJECT_TYPE,CONTEXT_OBJECT_ID,ASSIGNEE_ROLE_ID,ASSIGNEE_USER_ID,COMPLETION_DATE,EXECUTOR_ID,EXECUTOR_DISPLAY_NAME,CONTEXT_TITLE) values ('354','有新的用车申请等待您的调度！ ',to_date('13-MAY-13','DD-MON-RR'),'COMPLETED','VEHICLE','178','5',null,null,null,null,'萌芽杯');
Insert into OA.TASKS (ID,TITLE,ASSIGNED_DATE,STATE,CONTEXT_OBJECT_TYPE,CONTEXT_OBJECT_ID,ASSIGNEE_ROLE_ID,ASSIGNEE_USER_ID,COMPLETION_DATE,EXECUTOR_ID,EXECUTOR_DISPLAY_NAME,CONTEXT_TITLE) values ('355','有新的用车申请等待您的调度！ ',to_date('13-MAY-13','DD-MON-RR'),'COMPLETED','VEHICLE','179','5',null,null,null,null,'萌芽杯');
Insert into OA.TASKS (ID,TITLE,ASSIGNED_DATE,STATE,CONTEXT_OBJECT_TYPE,CONTEXT_OBJECT_ID,ASSIGNEE_ROLE_ID,ASSIGNEE_USER_ID,COMPLETION_DATE,EXECUTOR_ID,EXECUTOR_DISPLAY_NAME,CONTEXT_TITLE) values ('364','有新的会议室申请等待您的审核。',to_date('15-MAY-13','DD-MON-RR'),'COMPLETED','CONFRM','234','2',null,null,null,null,'师训课程审定会议');
Insert into OA.TASKS (ID,TITLE,ASSIGNED_DATE,STATE,CONTEXT_OBJECT_TYPE,CONTEXT_OBJECT_ID,ASSIGNEE_ROLE_ID,ASSIGNEE_USER_ID,COMPLETION_DATE,EXECUTOR_ID,EXECUTOR_DISPLAY_NAME,CONTEXT_TITLE) values ('365','有新的会议室申请等待您的审核。',to_date('15-MAY-13','DD-MON-RR'),'COMPLETED','CONFRM','235','2',null,null,null,null,'师训课程审定会议');
Insert into OA.TASKS (ID,TITLE,ASSIGNED_DATE,STATE,CONTEXT_OBJECT_TYPE,CONTEXT_OBJECT_ID,ASSIGNEE_ROLE_ID,ASSIGNEE_USER_ID,COMPLETION_DATE,EXECUTOR_ID,EXECUTOR_DISPLAY_NAME,CONTEXT_TITLE) values ('366','有新的会议室申请等待您的审核。',to_date('15-MAY-13','DD-MON-RR'),'COMPLETED','CONFRM','160','2',null,null,null,null,'j教材编制研究');
Insert into OA.TASKS (ID,TITLE,ASSIGNED_DATE,STATE,CONTEXT_OBJECT_TYPE,CONTEXT_OBJECT_ID,ASSIGNEE_ROLE_ID,ASSIGNEE_USER_ID,COMPLETION_DATE,EXECUTOR_ID,EXECUTOR_DISPLAY_NAME,CONTEXT_TITLE) values ('370','有新的采购订单等待审批，订单号：CG-100065，审核总金额：11500.0',to_date('16-MAY-13','DD-MON-RR'),'COMPLETED','PO','100065','12',null,null,null,null,'CG-100065');
Insert into OA.TASKS (ID,TITLE,ASSIGNED_DATE,STATE,CONTEXT_OBJECT_TYPE,CONTEXT_OBJECT_ID,ASSIGNEE_ROLE_ID,ASSIGNEE_USER_ID,COMPLETION_DATE,EXECUTOR_ID,EXECUTOR_DISPLAY_NAME,CONTEXT_TITLE) values ('373','有新的会议室申请等待您的审核。',to_date('16-MAY-13','DD-MON-RR'),'COMPLETED','CONFRM','239','2',null,null,null,null,'人事干部培训');
Insert into OA.TASKS (ID,TITLE,ASSIGNED_DATE,STATE,CONTEXT_OBJECT_TYPE,CONTEXT_OBJECT_ID,ASSIGNEE_ROLE_ID,ASSIGNEE_USER_ID,COMPLETION_DATE,EXECUTOR_ID,EXECUTOR_DISPLAY_NAME,CONTEXT_TITLE) values ('374','有新的会议室申请等待您的审核。',to_date('16-MAY-13','DD-MON-RR'),'COMPLETED','CONFRM','240','2',null,null,null,null,'书记培训');
Insert into OA.TASKS (ID,TITLE,ASSIGNED_DATE,STATE,CONTEXT_OBJECT_TYPE,CONTEXT_OBJECT_ID,ASSIGNEE_ROLE_ID,ASSIGNEE_USER_ID,COMPLETION_DATE,EXECUTOR_ID,EXECUTOR_DISPLAY_NAME,CONTEXT_TITLE) values ('375','有新的会议室申请等待您的审核。',to_date('16-MAY-13','DD-MON-RR'),'COMPLETED','CONFRM','241','2',null,null,null,null,'校级干部心理咨询师培训');
Insert into OA.TASKS (ID,TITLE,ASSIGNED_DATE,STATE,CONTEXT_OBJECT_TYPE,CONTEXT_OBJECT_ID,ASSIGNEE_ROLE_ID,ASSIGNEE_USER_ID,COMPLETION_DATE,EXECUTOR_ID,EXECUTOR_DISPLAY_NAME,CONTEXT_TITLE) values ('397','有新的会议室申请等待您的审核。',to_date('21-MAY-13','DD-MON-RR'),'COMPLETED','CONFRM','248','2',null,null,null,null,'教育局新教师面试 ');
Insert into OA.TASKS (ID,TITLE,ASSIGNED_DATE,STATE,CONTEXT_OBJECT_TYPE,CONTEXT_OBJECT_ID,ASSIGNEE_ROLE_ID,ASSIGNEE_USER_ID,COMPLETION_DATE,EXECUTOR_ID,EXECUTOR_DISPLAY_NAME,CONTEXT_TITLE) values ('398','有新的会议室申请等待您的审核。',to_date('21-MAY-13','DD-MON-RR'),'COMPLETED','CONFRM','249','2',null,null,null,null,'教育局新教师面试');
Insert into OA.TASKS (ID,TITLE,ASSIGNED_DATE,STATE,CONTEXT_OBJECT_TYPE,CONTEXT_OBJECT_ID,ASSIGNEE_ROLE_ID,ASSIGNEE_USER_ID,COMPLETION_DATE,EXECUTOR_ID,EXECUTOR_DISPLAY_NAME,CONTEXT_TITLE) values ('399','有新的会议室申请等待您的审核。',to_date('21-MAY-13','DD-MON-RR'),'COMPLETED','CONFRM','250','2',null,null,null,null,'教育局新教师面试');
Insert into OA.TASKS (ID,TITLE,ASSIGNED_DATE,STATE,CONTEXT_OBJECT_TYPE,CONTEXT_OBJECT_ID,ASSIGNEE_ROLE_ID,ASSIGNEE_USER_ID,COMPLETION_DATE,EXECUTOR_ID,EXECUTOR_DISPLAY_NAME,CONTEXT_TITLE) values ('400','有新的会议室申请等待您的审核。',to_date('21-MAY-13','DD-MON-RR'),'COMPLETED','CONFRM','251','2',null,null,null,null,'教育局新教师面试');
Insert into OA.TASKS (ID,TITLE,ASSIGNED_DATE,STATE,CONTEXT_OBJECT_TYPE,CONTEXT_OBJECT_ID,ASSIGNEE_ROLE_ID,ASSIGNEE_USER_ID,COMPLETION_DATE,EXECUTOR_ID,EXECUTOR_DISPLAY_NAME,CONTEXT_TITLE) values ('405','有新的会议室申请等待您的审核。',to_date('22-MAY-13','DD-MON-RR'),'COMPLETED','CONFRM','254','2',null,null,null,null,'总务主任培训');
Insert into OA.TASKS (ID,TITLE,ASSIGNED_DATE,STATE,CONTEXT_OBJECT_TYPE,CONTEXT_OBJECT_ID,ASSIGNEE_ROLE_ID,ASSIGNEE_USER_ID,COMPLETION_DATE,EXECUTOR_ID,EXECUTOR_DISPLAY_NAME,CONTEXT_TITLE) values ('406','有新的会议室申请等待您的审核。',to_date('22-MAY-13','DD-MON-RR'),'COMPLETED','CONFRM','255','2',null,null,null,null,'校级干部心理咨询师培训');
Insert into OA.TASKS (ID,TITLE,ASSIGNED_DATE,STATE,CONTEXT_OBJECT_TYPE,CONTEXT_OBJECT_ID,ASSIGNEE_ROLE_ID,ASSIGNEE_USER_ID,COMPLETION_DATE,EXECUTOR_ID,EXECUTOR_DISPLAY_NAME,CONTEXT_TITLE) values ('410','有新的会议室申请等待您的审核。',to_date('23-MAY-13','DD-MON-RR'),'COMPLETED','CONFRM','260','2',null,null,null,null,'英语名师工作室会议');
Insert into OA.TASKS (ID,TITLE,ASSIGNED_DATE,STATE,CONTEXT_OBJECT_TYPE,CONTEXT_OBJECT_ID,ASSIGNEE_ROLE_ID,ASSIGNEE_USER_ID,COMPLETION_DATE,EXECUTOR_ID,EXECUTOR_DISPLAY_NAME,CONTEXT_TITLE) values ('175','有新的报修请求等待分派，报修单号：BX-100001',to_date('22-APR-13','DD-MON-RR'),'COMPLETED','HELPDESK','100001','18',null,null,null,null,'BX-100001');
Insert into OA.TASKS (ID,TITLE,ASSIGNED_DATE,STATE,CONTEXT_OBJECT_TYPE,CONTEXT_OBJECT_ID,ASSIGNEE_ROLE_ID,ASSIGNEE_USER_ID,COMPLETION_DATE,EXECUTOR_ID,EXECUTOR_DISPLAY_NAME,CONTEXT_TITLE) values ('184','有新的报修请求等待分派，报修单号：BX-100006',to_date('22-APR-13','DD-MON-RR'),'COMPLETED','HELPDESK','100006','19',null,null,null,null,'BX-100006');
Insert into OA.TASKS (ID,TITLE,ASSIGNED_DATE,STATE,CONTEXT_OBJECT_TYPE,CONTEXT_OBJECT_ID,ASSIGNEE_ROLE_ID,ASSIGNEE_USER_ID,COMPLETION_DATE,EXECUTOR_ID,EXECUTOR_DISPLAY_NAME,CONTEXT_TITLE) values ('188','您的报修请求已处理，请评价',to_date('22-APR-13','DD-MON-RR'),'COMPLETED','HELPDESK','100007',null,'273',null,null,null,'BX-100007');
Insert into OA.TASKS (ID,TITLE,ASSIGNED_DATE,STATE,CONTEXT_OBJECT_TYPE,CONTEXT_OBJECT_ID,ASSIGNEE_ROLE_ID,ASSIGNEE_USER_ID,COMPLETION_DATE,EXECUTOR_ID,EXECUTOR_DISPLAY_NAME,CONTEXT_TITLE) values ('190','有新的报修请求等待分派，报修单号：BX-100008',to_date('22-APR-13','DD-MON-RR'),'COMPLETED','HELPDESK','100008','19',null,null,null,null,'BX-100008');
Insert into OA.TASKS (ID,TITLE,ASSIGNED_DATE,STATE,CONTEXT_OBJECT_TYPE,CONTEXT_OBJECT_ID,ASSIGNEE_ROLE_ID,ASSIGNEE_USER_ID,COMPLETION_DATE,EXECUTOR_ID,EXECUTOR_DISPLAY_NAME,CONTEXT_TITLE) values ('192','有新的报修请求等待分派，报修单号：BX-100009',to_date('22-APR-13','DD-MON-RR'),'COMPLETED','HELPDESK','100009','19',null,null,null,null,'BX-100009');
Insert into OA.TASKS (ID,TITLE,ASSIGNED_DATE,STATE,CONTEXT_OBJECT_TYPE,CONTEXT_OBJECT_ID,ASSIGNEE_ROLE_ID,ASSIGNEE_USER_ID,COMPLETION_DATE,EXECUTOR_ID,EXECUTOR_DISPLAY_NAME,CONTEXT_TITLE) values ('196','您有新的报修请求等待复核，报修单号：BX-100008',to_date('22-APR-13','DD-MON-RR'),'COMPLETED','HELPDESK','100008','21',null,null,null,null,'BX-100008');
Insert into OA.TASKS (ID,TITLE,ASSIGNED_DATE,STATE,CONTEXT_OBJECT_TYPE,CONTEXT_OBJECT_ID,ASSIGNEE_ROLE_ID,ASSIGNEE_USER_ID,COMPLETION_DATE,EXECUTOR_ID,EXECUTOR_DISPLAY_NAME,CONTEXT_TITLE) values ('199','有新的会议室申请等待您的审核。',to_date('22-APR-13','DD-MON-RR'),'COMPLETED','CONFRM','104','2',null,null,null,null,'欢送朱震远');
Insert into OA.TASKS (ID,TITLE,ASSIGNED_DATE,STATE,CONTEXT_OBJECT_TYPE,CONTEXT_OBJECT_ID,ASSIGNEE_ROLE_ID,ASSIGNEE_USER_ID,COMPLETION_DATE,EXECUTOR_ID,EXECUTOR_DISPLAY_NAME,CONTEXT_TITLE) values ('200','有新的用车申请已审核完成，等待您调度车辆。',to_date('22-APR-13','DD-MON-RR'),'COMPLETED','VEHICLE','123','5',null,null,null,null,'考察院舍设计');
Insert into OA.TASKS (ID,TITLE,ASSIGNED_DATE,STATE,CONTEXT_OBJECT_TYPE,CONTEXT_OBJECT_ID,ASSIGNEE_ROLE_ID,ASSIGNEE_USER_ID,COMPLETION_DATE,EXECUTOR_ID,EXECUTOR_DISPLAY_NAME,CONTEXT_TITLE) values ('202','有新的报修请求等待处理，报修单号：BX-100001',to_date('23-APR-13','DD-MON-RR'),'PENDING','HELPDESK','100001',null,'297',null,null,null,'BX-100001');
Insert into OA.TASKS (ID,TITLE,ASSIGNED_DATE,STATE,CONTEXT_OBJECT_TYPE,CONTEXT_OBJECT_ID,ASSIGNEE_ROLE_ID,ASSIGNEE_USER_ID,COMPLETION_DATE,EXECUTOR_ID,EXECUTOR_DISPLAY_NAME,CONTEXT_TITLE) values ('214','有新的用车申请等待您的审核',to_date('24-APR-13','DD-MON-RR'),'COMPLETED','VEHICLE','126','4',null,null,null,null,'录制签约仪式');
Insert into OA.TASKS (ID,TITLE,ASSIGNED_DATE,STATE,CONTEXT_OBJECT_TYPE,CONTEXT_OBJECT_ID,ASSIGNEE_ROLE_ID,ASSIGNEE_USER_ID,COMPLETION_DATE,EXECUTOR_ID,EXECUTOR_DISPLAY_NAME,CONTEXT_TITLE) values ('216','有新的报修请求等待分派，报修单号：BX-100021',to_date('24-APR-13','DD-MON-RR'),'COMPLETED','HELPDESK','100021','18',null,null,null,null,'BX-100021');
Insert into OA.TASKS (ID,TITLE,ASSIGNED_DATE,STATE,CONTEXT_OBJECT_TYPE,CONTEXT_OBJECT_ID,ASSIGNEE_ROLE_ID,ASSIGNEE_USER_ID,COMPLETION_DATE,EXECUTOR_ID,EXECUTOR_DISPLAY_NAME,CONTEXT_TITLE) values ('218','您有新的报修请求等待复核，报修单号：BX-100021',to_date('25-APR-13','DD-MON-RR'),'COMPLETED','HELPDESK','100021','21',null,null,null,null,'BX-100021');
Insert into OA.TASKS (ID,TITLE,ASSIGNED_DATE,STATE,CONTEXT_OBJECT_TYPE,CONTEXT_OBJECT_ID,ASSIGNEE_ROLE_ID,ASSIGNEE_USER_ID,COMPLETION_DATE,EXECUTOR_ID,EXECUTOR_DISPLAY_NAME,CONTEXT_TITLE) values ('219','有新的采购订单等待部门审核，订单号：CG-100025，预算总金额：20.00',to_date('25-APR-13','DD-MON-RR'),'COMPLETED','PO','100025',null,'155',null,null,null,'CG-100025');
Insert into OA.TASKS (ID,TITLE,ASSIGNED_DATE,STATE,CONTEXT_OBJECT_TYPE,CONTEXT_OBJECT_ID,ASSIGNEE_ROLE_ID,ASSIGNEE_USER_ID,COMPLETION_DATE,EXECUTOR_ID,EXECUTOR_DISPLAY_NAME,CONTEXT_TITLE) values ('220','有新的采购订单等待部门审核，订单号：CG-100026，预算总金额：10.00',to_date('25-APR-13','DD-MON-RR'),'COMPLETED','PO','100026',null,'155',null,null,null,'CG-100026');
Insert into OA.TASKS (ID,TITLE,ASSIGNED_DATE,STATE,CONTEXT_OBJECT_TYPE,CONTEXT_OBJECT_ID,ASSIGNEE_ROLE_ID,ASSIGNEE_USER_ID,COMPLETION_DATE,EXECUTOR_ID,EXECUTOR_DISPLAY_NAME,CONTEXT_TITLE) values ('222','有新的采购订单等待审核，订单号：CG-100026，预算总金额：10.00',to_date('25-APR-13','DD-MON-RR'),'COMPLETED','PO','100026','11',null,null,null,null,'CG-100026');
Insert into OA.TASKS (ID,TITLE,ASSIGNED_DATE,STATE,CONTEXT_OBJECT_TYPE,CONTEXT_OBJECT_ID,ASSIGNEE_ROLE_ID,ASSIGNEE_USER_ID,COMPLETION_DATE,EXECUTOR_ID,EXECUTOR_DISPLAY_NAME,CONTEXT_TITLE) values ('238','您的报修请求已处理，请评价，报修单号：BX-100021',to_date('27-APR-13','DD-MON-RR'),'PENDING','HELPDESK','100021',null,'251',null,null,null,'BX-100021');
Insert into OA.TASKS (ID,TITLE,ASSIGNED_DATE,STATE,CONTEXT_OBJECT_TYPE,CONTEXT_OBJECT_ID,ASSIGNEE_ROLE_ID,ASSIGNEE_USER_ID,COMPLETION_DATE,EXECUTOR_ID,EXECUTOR_DISPLAY_NAME,CONTEXT_TITLE) values ('242','您的报修请求已处理，请评价',to_date('27-APR-13','DD-MON-RR'),'COMPLETED','HELPDESK','100026',null,'216',null,null,null,'BX-100026');
Insert into OA.TASKS (ID,TITLE,ASSIGNED_DATE,STATE,CONTEXT_OBJECT_TYPE,CONTEXT_OBJECT_ID,ASSIGNEE_ROLE_ID,ASSIGNEE_USER_ID,COMPLETION_DATE,EXECUTOR_ID,EXECUTOR_DISPLAY_NAME,CONTEXT_TITLE) values ('244','有新的报修请求等待处理，报修单号：BX-100027',to_date('27-APR-13','DD-MON-RR'),'COMPLETED','HELPDESK','100027',null,'250',null,null,null,'BX-100027');
Insert into OA.TASKS (ID,TITLE,ASSIGNED_DATE,STATE,CONTEXT_OBJECT_TYPE,CONTEXT_OBJECT_ID,ASSIGNEE_ROLE_ID,ASSIGNEE_USER_ID,COMPLETION_DATE,EXECUTOR_ID,EXECUTOR_DISPLAY_NAME,CONTEXT_TITLE) values ('248','有新的用车申请等待您的审核',to_date('28-APR-13','DD-MON-RR'),'CANCELED','VEHICLE','143','4',null,null,null,null,'摄像');
Insert into OA.TASKS (ID,TITLE,ASSIGNED_DATE,STATE,CONTEXT_OBJECT_TYPE,CONTEXT_OBJECT_ID,ASSIGNEE_ROLE_ID,ASSIGNEE_USER_ID,COMPLETION_DATE,EXECUTOR_ID,EXECUTOR_DISPLAY_NAME,CONTEXT_TITLE) values ('249','有新的用车申请等待您的审核',to_date('28-APR-13','DD-MON-RR'),'COMPLETED','VEHICLE','144','4',null,null,null,null,'摄像');
Insert into OA.TASKS (ID,TITLE,ASSIGNED_DATE,STATE,CONTEXT_OBJECT_TYPE,CONTEXT_OBJECT_ID,ASSIGNEE_ROLE_ID,ASSIGNEE_USER_ID,COMPLETION_DATE,EXECUTOR_ID,EXECUTOR_DISPLAY_NAME,CONTEXT_TITLE) values ('250','有新的用车申请等待您的审核',to_date('28-APR-13','DD-MON-RR'),'COMPLETED','VEHICLE','143','4',null,null,null,null,'摄像');
Insert into OA.TASKS (ID,TITLE,ASSIGNED_DATE,STATE,CONTEXT_OBJECT_TYPE,CONTEXT_OBJECT_ID,ASSIGNEE_ROLE_ID,ASSIGNEE_USER_ID,COMPLETION_DATE,EXECUTOR_ID,EXECUTOR_DISPLAY_NAME,CONTEXT_TITLE) values ('251','有新的用车申请等待您的审核',to_date('28-APR-13','DD-MON-RR'),'COMPLETED','VEHICLE','145','4',null,null,null,null,'摄像');
Insert into OA.TASKS (ID,TITLE,ASSIGNED_DATE,STATE,CONTEXT_OBJECT_TYPE,CONTEXT_OBJECT_ID,ASSIGNEE_ROLE_ID,ASSIGNEE_USER_ID,COMPLETION_DATE,EXECUTOR_ID,EXECUTOR_DISPLAY_NAME,CONTEXT_TITLE) values ('252','有新的用车申请等待您的审核',to_date('28-APR-13','DD-MON-RR'),'COMPLETED','VEHICLE','146','4',null,null,null,null,'拍摄');
Insert into OA.TASKS (ID,TITLE,ASSIGNED_DATE,STATE,CONTEXT_OBJECT_TYPE,CONTEXT_OBJECT_ID,ASSIGNEE_ROLE_ID,ASSIGNEE_USER_ID,COMPLETION_DATE,EXECUTOR_ID,EXECUTOR_DISPLAY_NAME,CONTEXT_TITLE) values ('255','有新的报修请求等待处理，报修单号：BX-100029',to_date('28-APR-13','DD-MON-RR'),'COMPLETED','HELPDESK','100029',null,'273',null,null,null,'BX-100029');
Insert into OA.TASKS (ID,TITLE,ASSIGNED_DATE,STATE,CONTEXT_OBJECT_TYPE,CONTEXT_OBJECT_ID,ASSIGNEE_ROLE_ID,ASSIGNEE_USER_ID,COMPLETION_DATE,EXECUTOR_ID,EXECUTOR_DISPLAY_NAME,CONTEXT_TITLE) values ('281','有新的采购订单等待部门审核，订单号：CG-100042，预算总金额：350.00',to_date('02-MAY-13','DD-MON-RR'),'COMPLETED','PO','100042',null,'156',null,null,null,'CG-100042');
Insert into OA.TASKS (ID,TITLE,ASSIGNED_DATE,STATE,CONTEXT_OBJECT_TYPE,CONTEXT_OBJECT_ID,ASSIGNEE_ROLE_ID,ASSIGNEE_USER_ID,COMPLETION_DATE,EXECUTOR_ID,EXECUTOR_DISPLAY_NAME,CONTEXT_TITLE) values ('282','有新的采购订单等待部门审核，订单号：CG-100043，预算总金额：600.00',to_date('02-MAY-13','DD-MON-RR'),'COMPLETED','PO','100043',null,'156',null,null,null,'CG-100043');
Insert into OA.TASKS (ID,TITLE,ASSIGNED_DATE,STATE,CONTEXT_OBJECT_TYPE,CONTEXT_OBJECT_ID,ASSIGNEE_ROLE_ID,ASSIGNEE_USER_ID,COMPLETION_DATE,EXECUTOR_ID,EXECUTOR_DISPLAY_NAME,CONTEXT_TITLE) values ('284','有新的会议室申请等待您的审核。',to_date('02-MAY-13','DD-MON-RR'),'CANCELED','CONFRM','160','2',null,null,null,null,'导航研究');
Insert into OA.TASKS (ID,TITLE,ASSIGNED_DATE,STATE,CONTEXT_OBJECT_TYPE,CONTEXT_OBJECT_ID,ASSIGNEE_ROLE_ID,ASSIGNEE_USER_ID,COMPLETION_DATE,EXECUTOR_ID,EXECUTOR_DISPLAY_NAME,CONTEXT_TITLE) values ('285','有新的会议室申请等待您的审核。',to_date('02-MAY-13','DD-MON-RR'),'COMPLETED','CONFRM','160','2',null,null,null,null,'导航研究');
Insert into OA.TASKS (ID,TITLE,ASSIGNED_DATE,STATE,CONTEXT_OBJECT_TYPE,CONTEXT_OBJECT_ID,ASSIGNEE_ROLE_ID,ASSIGNEE_USER_ID,COMPLETION_DATE,EXECUTOR_ID,EXECUTOR_DISPLAY_NAME,CONTEXT_TITLE) values ('318','有新的会议室申请等待您的审核。',to_date('06-MAY-13','DD-MON-RR'),'COMPLETED','CONFRM','189','2',null,null,null,null,'学习所会议');
Insert into OA.TASKS (ID,TITLE,ASSIGNED_DATE,STATE,CONTEXT_OBJECT_TYPE,CONTEXT_OBJECT_ID,ASSIGNEE_ROLE_ID,ASSIGNEE_USER_ID,COMPLETION_DATE,EXECUTOR_ID,EXECUTOR_DISPLAY_NAME,CONTEXT_TITLE) values ('319','有新的用车申请等待您的调度！ ',to_date('07-MAY-13','DD-MON-RR'),'COMPLETED','VEHICLE','164','5',null,null,null,null,'开会');
Insert into OA.TASKS (ID,TITLE,ASSIGNED_DATE,STATE,CONTEXT_OBJECT_TYPE,CONTEXT_OBJECT_ID,ASSIGNEE_ROLE_ID,ASSIGNEE_USER_ID,COMPLETION_DATE,EXECUTOR_ID,EXECUTOR_DISPLAY_NAME,CONTEXT_TITLE) values ('323','有新的采购订单等待部门审核，订单号：CG-100061，预算总金额：0.00',to_date('09-MAY-13','DD-MON-RR'),'COMPLETED','PO','100061',null,'155',null,null,null,'CG-100061');
Insert into OA.TASKS (ID,TITLE,ASSIGNED_DATE,STATE,CONTEXT_OBJECT_TYPE,CONTEXT_OBJECT_ID,ASSIGNEE_ROLE_ID,ASSIGNEE_USER_ID,COMPLETION_DATE,EXECUTOR_ID,EXECUTOR_DISPLAY_NAME,CONTEXT_TITLE) values ('334','您的报修请求已处理，请评价，报修单号：BX-100025',to_date('09-MAY-13','DD-MON-RR'),'PENDING','HELPDESK','100025',null,'213',null,null,null,'BX-100025');
Insert into OA.TASKS (ID,TITLE,ASSIGNED_DATE,STATE,CONTEXT_OBJECT_TYPE,CONTEXT_OBJECT_ID,ASSIGNEE_ROLE_ID,ASSIGNEE_USER_ID,COMPLETION_DATE,EXECUTOR_ID,EXECUTOR_DISPLAY_NAME,CONTEXT_TITLE) values ('336','有新的采购订单等待部门审核，订单号：CG-100064，预算总金额：300.00',to_date('10-MAY-13','DD-MON-RR'),'COMPLETED','PO','100064',null,'155',null,null,null,'CG-100064');
Insert into OA.TASKS (ID,TITLE,ASSIGNED_DATE,STATE,CONTEXT_OBJECT_TYPE,CONTEXT_OBJECT_ID,ASSIGNEE_ROLE_ID,ASSIGNEE_USER_ID,COMPLETION_DATE,EXECUTOR_ID,EXECUTOR_DISPLAY_NAME,CONTEXT_TITLE) values ('338','有新的用车申请等待您的调度！ ',to_date('10-MAY-13','DD-MON-RR'),'COMPLETED','VEHICLE','166','5',null,null,null,null,'萌芽杯');
Insert into OA.TASKS (ID,TITLE,ASSIGNED_DATE,STATE,CONTEXT_OBJECT_TYPE,CONTEXT_OBJECT_ID,ASSIGNEE_ROLE_ID,ASSIGNEE_USER_ID,COMPLETION_DATE,EXECUTOR_ID,EXECUTOR_DISPLAY_NAME,CONTEXT_TITLE) values ('339','有新的用车申请等待您的调度！ ',to_date('10-MAY-13','DD-MON-RR'),'COMPLETED','VEHICLE','167','5',null,null,null,null,'萌芽杯');
Insert into OA.TASKS (ID,TITLE,ASSIGNED_DATE,STATE,CONTEXT_OBJECT_TYPE,CONTEXT_OBJECT_ID,ASSIGNEE_ROLE_ID,ASSIGNEE_USER_ID,COMPLETION_DATE,EXECUTOR_ID,EXECUTOR_DISPLAY_NAME,CONTEXT_TITLE) values ('340','有新的用车申请等待您的调度！ ',to_date('10-MAY-13','DD-MON-RR'),'COMPLETED','VEHICLE','168','5',null,null,null,null,'萌芽杯');
Insert into OA.TASKS (ID,TITLE,ASSIGNED_DATE,STATE,CONTEXT_OBJECT_TYPE,CONTEXT_OBJECT_ID,ASSIGNEE_ROLE_ID,ASSIGNEE_USER_ID,COMPLETION_DATE,EXECUTOR_ID,EXECUTOR_DISPLAY_NAME,CONTEXT_TITLE) values ('341','有新的用车申请等待您的调度！ ',to_date('10-MAY-13','DD-MON-RR'),'COMPLETED','VEHICLE','169','5',null,null,null,null,'萌芽杯');
Insert into OA.TASKS (ID,TITLE,ASSIGNED_DATE,STATE,CONTEXT_OBJECT_TYPE,CONTEXT_OBJECT_ID,ASSIGNEE_ROLE_ID,ASSIGNEE_USER_ID,COMPLETION_DATE,EXECUTOR_ID,EXECUTOR_DISPLAY_NAME,CONTEXT_TITLE) values ('342','有新的用车申请等待您的调度！ ',to_date('10-MAY-13','DD-MON-RR'),'COMPLETED','VEHICLE','170','5',null,null,null,null,'萌芽杯');
Insert into OA.TASKS (ID,TITLE,ASSIGNED_DATE,STATE,CONTEXT_OBJECT_TYPE,CONTEXT_OBJECT_ID,ASSIGNEE_ROLE_ID,ASSIGNEE_USER_ID,COMPLETION_DATE,EXECUTOR_ID,EXECUTOR_DISPLAY_NAME,CONTEXT_TITLE) values ('344','有新的采购订单等待审批，订单号：CG-100064，总金额：300.00',to_date('11-MAY-13','DD-MON-RR'),'COMPLETED','PO','100064','13',null,null,null,null,'CG-100064');
Insert into OA.TASKS (ID,TITLE,ASSIGNED_DATE,STATE,CONTEXT_OBJECT_TYPE,CONTEXT_OBJECT_ID,ASSIGNEE_ROLE_ID,ASSIGNEE_USER_ID,COMPLETION_DATE,EXECUTOR_ID,EXECUTOR_DISPLAY_NAME,CONTEXT_TITLE) values ('358','有新的会议室申请等待您的审核。',to_date('14-MAY-13','DD-MON-RR'),'COMPLETED','CONFRM','229','2',null,null,null,null,'中心组学习和行政会议');
Insert into OA.TASKS (ID,TITLE,ASSIGNED_DATE,STATE,CONTEXT_OBJECT_TYPE,CONTEXT_OBJECT_ID,ASSIGNEE_ROLE_ID,ASSIGNEE_USER_ID,COMPLETION_DATE,EXECUTOR_ID,EXECUTOR_DISPLAY_NAME,CONTEXT_TITLE) values ('359','有新的用车申请等待您的调度！ ',to_date('14-MAY-13','DD-MON-RR'),'COMPLETED','VEHICLE','185','5',null,null,null,null,'参加市教研活动');
Insert into OA.TASKS (ID,TITLE,ASSIGNED_DATE,STATE,CONTEXT_OBJECT_TYPE,CONTEXT_OBJECT_ID,ASSIGNEE_ROLE_ID,ASSIGNEE_USER_ID,COMPLETION_DATE,EXECUTOR_ID,EXECUTOR_DISPLAY_NAME,CONTEXT_TITLE) values ('368','有新的采购订单等待部门审核，订单号：CG-100065，预算总金额：11500.00',to_date('15-MAY-13','DD-MON-RR'),'COMPLETED','PO','100065',null,'155',null,null,null,'CG-100065');
Insert into OA.TASKS (ID,TITLE,ASSIGNED_DATE,STATE,CONTEXT_OBJECT_TYPE,CONTEXT_OBJECT_ID,ASSIGNEE_ROLE_ID,ASSIGNEE_USER_ID,COMPLETION_DATE,EXECUTOR_ID,EXECUTOR_DISPLAY_NAME,CONTEXT_TITLE) values ('382','有新的会议室申请等待您的审核。',to_date('17-MAY-13','DD-MON-RR'),'COMPLETED','CONFRM','243','2',null,null,null,null,'部门业务学习');
Insert into OA.TASKS (ID,TITLE,ASSIGNED_DATE,STATE,CONTEXT_OBJECT_TYPE,CONTEXT_OBJECT_ID,ASSIGNEE_ROLE_ID,ASSIGNEE_USER_ID,COMPLETION_DATE,EXECUTOR_ID,EXECUTOR_DISPLAY_NAME,CONTEXT_TITLE) values ('394','有新的会议室申请等待您的审核。',to_date('20-MAY-13','DD-MON-RR'),'COMPLETED','CONFRM','244','2',null,null,null,null,'政治骨干教师活动 ');
Insert into OA.TASKS (ID,TITLE,ASSIGNED_DATE,STATE,CONTEXT_OBJECT_TYPE,CONTEXT_OBJECT_ID,ASSIGNEE_ROLE_ID,ASSIGNEE_USER_ID,COMPLETION_DATE,EXECUTOR_ID,EXECUTOR_DISPLAY_NAME,CONTEXT_TITLE) values ('402','有新的会议室申请等待您的审核。',to_date('21-MAY-13','DD-MON-RR'),'COMPLETED','CONFRM','160','2',null,null,null,null,'跨学科研修活动');
Insert into OA.TASKS (ID,TITLE,ASSIGNED_DATE,STATE,CONTEXT_OBJECT_TYPE,CONTEXT_OBJECT_ID,ASSIGNEE_ROLE_ID,ASSIGNEE_USER_ID,COMPLETION_DATE,EXECUTOR_ID,EXECUTOR_DISPLAY_NAME,CONTEXT_TITLE) values ('411','有新的会议室申请等待您的审核。',to_date('23-MAY-13','DD-MON-RR'),'COMPLETED','CONFRM','261','2',null,null,null,null,'办公平台工作会议');
Insert into OA.TASKS (ID,TITLE,ASSIGNED_DATE,STATE,CONTEXT_OBJECT_TYPE,CONTEXT_OBJECT_ID,ASSIGNEE_ROLE_ID,ASSIGNEE_USER_ID,COMPLETION_DATE,EXECUTOR_ID,EXECUTOR_DISPLAY_NAME,CONTEXT_TITLE) values ('412','有新的会议室申请等待您的审核。',to_date('24-MAY-13','DD-MON-RR'),'COMPLETED','CONFRM','263','2',null,null,null,null,'新疆高校毕业生实习园园长工作会议');
Insert into OA.TASKS (ID,TITLE,ASSIGNED_DATE,STATE,CONTEXT_OBJECT_TYPE,CONTEXT_OBJECT_ID,ASSIGNEE_ROLE_ID,ASSIGNEE_USER_ID,COMPLETION_DATE,EXECUTOR_ID,EXECUTOR_DISPLAY_NAME,CONTEXT_TITLE) values ('413','有新的用车申请等待您的调度！ ',to_date('24-MAY-13','DD-MON-RR'),'COMPLETED','VEHICLE','205','5',null,null,null,null,'教师培训');
Insert into OA.TASKS (ID,TITLE,ASSIGNED_DATE,STATE,CONTEXT_OBJECT_TYPE,CONTEXT_OBJECT_ID,ASSIGNEE_ROLE_ID,ASSIGNEE_USER_ID,COMPLETION_DATE,EXECUTOR_ID,EXECUTOR_DISPLAY_NAME,CONTEXT_TITLE) values ('415','有新的采购订单等待部门审核，订单号：CG-100082，预算总金额：800.00',to_date('27-MAY-13','DD-MON-RR'),'COMPLETED','PO','100082',null,'155',null,null,null,'CG-100082');
Insert into OA.TASKS (ID,TITLE,ASSIGNED_DATE,STATE,CONTEXT_OBJECT_TYPE,CONTEXT_OBJECT_ID,ASSIGNEE_ROLE_ID,ASSIGNEE_USER_ID,COMPLETION_DATE,EXECUTOR_ID,EXECUTOR_DISPLAY_NAME,CONTEXT_TITLE) values ('417','有新的会议室申请等待您的审核。',to_date('27-MAY-13','DD-MON-RR'),'COMPLETED','CONFRM','222','2',null,null,null,null,'高中生命科学名师工作室活动');
Insert into OA.TASKS (ID,TITLE,ASSIGNED_DATE,STATE,CONTEXT_OBJECT_TYPE,CONTEXT_OBJECT_ID,ASSIGNEE_ROLE_ID,ASSIGNEE_USER_ID,COMPLETION_DATE,EXECUTOR_ID,EXECUTOR_DISPLAY_NAME,CONTEXT_TITLE) values ('418','有新的会议室申请等待您的审核。',to_date('27-MAY-13','DD-MON-RR'),'COMPLETED','CONFRM','266','2',null,null,null,null,'教心工作室活动');
Insert into OA.TASKS (ID,TITLE,ASSIGNED_DATE,STATE,CONTEXT_OBJECT_TYPE,CONTEXT_OBJECT_ID,ASSIGNEE_ROLE_ID,ASSIGNEE_USER_ID,COMPLETION_DATE,EXECUTOR_ID,EXECUTOR_DISPLAY_NAME,CONTEXT_TITLE) values ('421','有新的采购订单等待审批，订单号：CG-100082，总金额：800.00',to_date('27-MAY-13','DD-MON-RR'),'PENDING','PO','100082','13',null,null,null,null,'CG-100082');
Insert into OA.TASKS (ID,TITLE,ASSIGNED_DATE,STATE,CONTEXT_OBJECT_TYPE,CONTEXT_OBJECT_ID,ASSIGNEE_ROLE_ID,ASSIGNEE_USER_ID,COMPLETION_DATE,EXECUTOR_ID,EXECUTOR_DISPLAY_NAME,CONTEXT_TITLE) values ('422','有新的会议室申请等待您的审核。',to_date('27-MAY-13','DD-MON-RR'),'COMPLETED','CONFRM','267','2',null,null,null,null,'工会组长会议');
Insert into OA.TASKS (ID,TITLE,ASSIGNED_DATE,STATE,CONTEXT_OBJECT_TYPE,CONTEXT_OBJECT_ID,ASSIGNEE_ROLE_ID,ASSIGNEE_USER_ID,COMPLETION_DATE,EXECUTOR_ID,EXECUTOR_DISPLAY_NAME,CONTEXT_TITLE) values ('427','有新的用车申请等待您的调度！ ',to_date('28-MAY-13','DD-MON-RR'),'COMPLETED','VEHICLE','210','5',null,null,null,null,'教心基地接送专家');
Insert into OA.TASKS (ID,TITLE,ASSIGNED_DATE,STATE,CONTEXT_OBJECT_TYPE,CONTEXT_OBJECT_ID,ASSIGNEE_ROLE_ID,ASSIGNEE_USER_ID,COMPLETION_DATE,EXECUTOR_ID,EXECUTOR_DISPLAY_NAME,CONTEXT_TITLE) values ('174','有新的采购订单等待部门审核，订单号：CG-100021，预算总金额：120.00',to_date('22-APR-13','DD-MON-RR'),'COMPLETED','PO','100021',null,'156',null,null,null,'CG-100021');
Insert into OA.TASKS (ID,TITLE,ASSIGNED_DATE,STATE,CONTEXT_OBJECT_TYPE,CONTEXT_OBJECT_ID,ASSIGNEE_ROLE_ID,ASSIGNEE_USER_ID,COMPLETION_DATE,EXECUTOR_ID,EXECUTOR_DISPLAY_NAME,CONTEXT_TITLE) values ('182','有新的报修请求等待分派，报修单号：BX-100003',to_date('22-APR-13','DD-MON-RR'),'COMPLETED','HELPDESK','100003','19',null,null,null,null,'BX-100003');
Insert into OA.TASKS (ID,TITLE,ASSIGNED_DATE,STATE,CONTEXT_OBJECT_TYPE,CONTEXT_OBJECT_ID,ASSIGNEE_ROLE_ID,ASSIGNEE_USER_ID,COMPLETION_DATE,EXECUTOR_ID,EXECUTOR_DISPLAY_NAME,CONTEXT_TITLE) values ('183','有新的报修请求等待分派，报修单号：BX-100004',to_date('22-APR-13','DD-MON-RR'),'COMPLETED','HELPDESK','100004','19',null,null,null,null,'BX-100004');
Insert into OA.TASKS (ID,TITLE,ASSIGNED_DATE,STATE,CONTEXT_OBJECT_TYPE,CONTEXT_OBJECT_ID,ASSIGNEE_ROLE_ID,ASSIGNEE_USER_ID,COMPLETION_DATE,EXECUTOR_ID,EXECUTOR_DISPLAY_NAME,CONTEXT_TITLE) values ('209','有新的报修请求等待处理，报修单号：BX-100012',to_date('23-APR-13','DD-MON-RR'),'COMPLETED','HELPDESK','100012',null,'291',null,null,null,'BX-100012');
Insert into OA.TASKS (ID,TITLE,ASSIGNED_DATE,STATE,CONTEXT_OBJECT_TYPE,CONTEXT_OBJECT_ID,ASSIGNEE_ROLE_ID,ASSIGNEE_USER_ID,COMPLETION_DATE,EXECUTOR_ID,EXECUTOR_DISPLAY_NAME,CONTEXT_TITLE) values ('210','您的报修请求已处理，请评价',to_date('23-APR-13','DD-MON-RR'),'PENDING','HELPDESK','100012',null,'245',null,null,null,'BX-100012');
Insert into OA.TASKS (ID,TITLE,ASSIGNED_DATE,STATE,CONTEXT_OBJECT_TYPE,CONTEXT_OBJECT_ID,ASSIGNEE_ROLE_ID,ASSIGNEE_USER_ID,COMPLETION_DATE,EXECUTOR_ID,EXECUTOR_DISPLAY_NAME,CONTEXT_TITLE) values ('212','有新的采购订单等待审批，订单号：CG-100024，总金额：1200.00',to_date('23-APR-13','DD-MON-RR'),'COMPLETED','PO','100024','13',null,null,null,null,'CG-100024');
Insert into OA.TASKS (ID,TITLE,ASSIGNED_DATE,STATE,CONTEXT_OBJECT_TYPE,CONTEXT_OBJECT_ID,ASSIGNEE_ROLE_ID,ASSIGNEE_USER_ID,COMPLETION_DATE,EXECUTOR_ID,EXECUTOR_DISPLAY_NAME,CONTEXT_TITLE) values ('221','有新的采购订单等待审核，订单号：CG-100025，预算总金额：20.00',to_date('25-APR-13','DD-MON-RR'),'COMPLETED','PO','100025','11',null,null,null,null,'CG-100025');
Insert into OA.TASKS (ID,TITLE,ASSIGNED_DATE,STATE,CONTEXT_OBJECT_TYPE,CONTEXT_OBJECT_ID,ASSIGNEE_ROLE_ID,ASSIGNEE_USER_ID,COMPLETION_DATE,EXECUTOR_ID,EXECUTOR_DISPLAY_NAME,CONTEXT_TITLE) values ('223','有新的采购订单等待审批，订单号：CG-100026，审核总金额：10.0',to_date('25-APR-13','DD-MON-RR'),'COMPLETED','PO','100026','12',null,null,null,null,'CG-100026');
Insert into OA.TASKS (ID,TITLE,ASSIGNED_DATE,STATE,CONTEXT_OBJECT_TYPE,CONTEXT_OBJECT_ID,ASSIGNEE_ROLE_ID,ASSIGNEE_USER_ID,COMPLETION_DATE,EXECUTOR_ID,EXECUTOR_DISPLAY_NAME,CONTEXT_TITLE) values ('241','有新的报修请求等待处理，报修单号：BX-100026',to_date('27-APR-13','DD-MON-RR'),'COMPLETED','HELPDESK','100026',null,'250',null,null,null,'BX-100026');
Insert into OA.TASKS (ID,TITLE,ASSIGNED_DATE,STATE,CONTEXT_OBJECT_TYPE,CONTEXT_OBJECT_ID,ASSIGNEE_ROLE_ID,ASSIGNEE_USER_ID,COMPLETION_DATE,EXECUTOR_ID,EXECUTOR_DISPLAY_NAME,CONTEXT_TITLE) values ('253','您的报修请求已处理，请评价',to_date('28-APR-13','DD-MON-RR'),'COMPLETED','HELPDESK','100028',null,'244',null,null,null,'BX-100028');
Insert into OA.TASKS (ID,TITLE,ASSIGNED_DATE,STATE,CONTEXT_OBJECT_TYPE,CONTEXT_OBJECT_ID,ASSIGNEE_ROLE_ID,ASSIGNEE_USER_ID,COMPLETION_DATE,EXECUTOR_ID,EXECUTOR_DISPLAY_NAME,CONTEXT_TITLE) values ('274','有新的会议室申请等待您的审核。',to_date('02-MAY-13','DD-MON-RR'),'CANCELED','CONFRM','146','2',null,null,null,null,'获奖教师培训');
Insert into OA.TASKS (ID,TITLE,ASSIGNED_DATE,STATE,CONTEXT_OBJECT_TYPE,CONTEXT_OBJECT_ID,ASSIGNEE_ROLE_ID,ASSIGNEE_USER_ID,COMPLETION_DATE,EXECUTOR_ID,EXECUTOR_DISPLAY_NAME,CONTEXT_TITLE) values ('275','有新的会议室申请等待您的审核。',to_date('02-MAY-13','DD-MON-RR'),'COMPLETED','CONFRM','147','2',null,null,null,null,'获奖教师培训');
Insert into OA.TASKS (ID,TITLE,ASSIGNED_DATE,STATE,CONTEXT_OBJECT_TYPE,CONTEXT_OBJECT_ID,ASSIGNEE_ROLE_ID,ASSIGNEE_USER_ID,COMPLETION_DATE,EXECUTOR_ID,EXECUTOR_DISPLAY_NAME,CONTEXT_TITLE) values ('277','有新的采购订单等待部门审核，订单号：CG-100041，预算总金额：1000.00',to_date('02-MAY-13','DD-MON-RR'),'COMPLETED','PO','100041',null,'156',null,null,null,'CG-100041');
Insert into OA.TASKS (ID,TITLE,ASSIGNED_DATE,STATE,CONTEXT_OBJECT_TYPE,CONTEXT_OBJECT_ID,ASSIGNEE_ROLE_ID,ASSIGNEE_USER_ID,COMPLETION_DATE,EXECUTOR_ID,EXECUTOR_DISPLAY_NAME,CONTEXT_TITLE) values ('278','有新的会议室申请等待您的审核。',to_date('02-MAY-13','DD-MON-RR'),'COMPLETED','CONFRM','155','2',null,null,null,null,'部门业务学习');
Insert into OA.TASKS (ID,TITLE,ASSIGNED_DATE,STATE,CONTEXT_OBJECT_TYPE,CONTEXT_OBJECT_ID,ASSIGNEE_ROLE_ID,ASSIGNEE_USER_ID,COMPLETION_DATE,EXECUTOR_ID,EXECUTOR_DISPLAY_NAME,CONTEXT_TITLE) values ('297','有新的会议室申请等待您的审核。',to_date('03-MAY-13','DD-MON-RR'),'COMPLETED','CONFRM','171','2',null,null,null,null,'青年沙龙活动');
Insert into OA.TASKS (ID,TITLE,ASSIGNED_DATE,STATE,CONTEXT_OBJECT_TYPE,CONTEXT_OBJECT_ID,ASSIGNEE_ROLE_ID,ASSIGNEE_USER_ID,COMPLETION_DATE,EXECUTOR_ID,EXECUTOR_DISPLAY_NAME,CONTEXT_TITLE) values ('316','有新的会议室申请等待您的审核。',to_date('06-MAY-13','DD-MON-RR'),'COMPLETED','CONFRM','187','2',null,null,null,null,'公平');
Insert into OA.TASKS (ID,TITLE,ASSIGNED_DATE,STATE,CONTEXT_OBJECT_TYPE,CONTEXT_OBJECT_ID,ASSIGNEE_ROLE_ID,ASSIGNEE_USER_ID,COMPLETION_DATE,EXECUTOR_ID,EXECUTOR_DISPLAY_NAME,CONTEXT_TITLE) values ('317','有新的会议室申请等待您的审核。',to_date('06-MAY-13','DD-MON-RR'),'COMPLETED','CONFRM','188','2',null,null,null,null,'小学公平');
Insert into OA.TASKS (ID,TITLE,ASSIGNED_DATE,STATE,CONTEXT_OBJECT_TYPE,CONTEXT_OBJECT_ID,ASSIGNEE_ROLE_ID,ASSIGNEE_USER_ID,COMPLETION_DATE,EXECUTOR_ID,EXECUTOR_DISPLAY_NAME,CONTEXT_TITLE) values ('324','有新的采购订单等待部门审核，订单号：CG-100062，预算总金额：300.00',to_date('09-MAY-13','DD-MON-RR'),'COMPLETED','PO','100062',null,'155',null,null,null,'CG-100062');
Insert into OA.TASKS (ID,TITLE,ASSIGNED_DATE,STATE,CONTEXT_OBJECT_TYPE,CONTEXT_OBJECT_ID,ASSIGNEE_ROLE_ID,ASSIGNEE_USER_ID,COMPLETION_DATE,EXECUTOR_ID,EXECUTOR_DISPLAY_NAME,CONTEXT_TITLE) values ('328','有新的用车申请等待您的调度！ ',to_date('09-MAY-13','DD-MON-RR'),'COMPLETED','VEHICLE','165','5',null,null,null,null,'开会');
Insert into OA.TASKS (ID,TITLE,ASSIGNED_DATE,STATE,CONTEXT_OBJECT_TYPE,CONTEXT_OBJECT_ID,ASSIGNEE_ROLE_ID,ASSIGNEE_USER_ID,COMPLETION_DATE,EXECUTOR_ID,EXECUTOR_DISPLAY_NAME,CONTEXT_TITLE) values ('333','有新的采购订单等待审批，订单号：CG-100062，总金额：300.00',to_date('09-MAY-13','DD-MON-RR'),'COMPLETED','PO','100062','13',null,null,null,null,'CG-100062');
Insert into OA.TASKS (ID,TITLE,ASSIGNED_DATE,STATE,CONTEXT_OBJECT_TYPE,CONTEXT_OBJECT_ID,ASSIGNEE_ROLE_ID,ASSIGNEE_USER_ID,COMPLETION_DATE,EXECUTOR_ID,EXECUTOR_DISPLAY_NAME,CONTEXT_TITLE) values ('349','有新的用车申请等待您的调度！ ',to_date('13-MAY-13','DD-MON-RR'),'COMPLETED','VEHICLE','174','5',null,null,null,null,'新疆幼儿教师教学录制');
Insert into OA.TASKS (ID,TITLE,ASSIGNED_DATE,STATE,CONTEXT_OBJECT_TYPE,CONTEXT_OBJECT_ID,ASSIGNEE_ROLE_ID,ASSIGNEE_USER_ID,COMPLETION_DATE,EXECUTOR_ID,EXECUTOR_DISPLAY_NAME,CONTEXT_TITLE) values ('357','有新的会议室申请等待您的审核。',to_date('13-MAY-13','DD-MON-RR'),'COMPLETED','CONFRM','228','2',null,null,null,null,'区教学颁奖会议');
Insert into OA.TASKS (ID,TITLE,ASSIGNED_DATE,STATE,CONTEXT_OBJECT_TYPE,CONTEXT_OBJECT_ID,ASSIGNEE_ROLE_ID,ASSIGNEE_USER_ID,COMPLETION_DATE,EXECUTOR_ID,EXECUTOR_DISPLAY_NAME,CONTEXT_TITLE) values ('360','有新的会议室申请等待您的审核。',to_date('14-MAY-13','DD-MON-RR'),'COMPLETED','CONFRM','231','2',null,null,null,null,'师训工作交流');
Insert into OA.TASKS (ID,TITLE,ASSIGNED_DATE,STATE,CONTEXT_OBJECT_TYPE,CONTEXT_OBJECT_ID,ASSIGNEE_ROLE_ID,ASSIGNEE_USER_ID,COMPLETION_DATE,EXECUTOR_ID,EXECUTOR_DISPLAY_NAME,CONTEXT_TITLE) values ('361','有新的用车申请等待您的调度！ ',to_date('14-MAY-13','DD-MON-RR'),'COMPLETED','VEHICLE','186','5',null,null,null,null,'赴云南');
Insert into OA.TASKS (ID,TITLE,ASSIGNED_DATE,STATE,CONTEXT_OBJECT_TYPE,CONTEXT_OBJECT_ID,ASSIGNEE_ROLE_ID,ASSIGNEE_USER_ID,COMPLETION_DATE,EXECUTOR_ID,EXECUTOR_DISPLAY_NAME,CONTEXT_TITLE) values ('401','有新的会议室申请等待您的审核。',to_date('21-MAY-13','DD-MON-RR'),'COMPLETED','CONFRM','252','2',null,null,null,null,'名师工作室活动');
Insert into OA.TASKS (ID,TITLE,ASSIGNED_DATE,STATE,CONTEXT_OBJECT_TYPE,CONTEXT_OBJECT_ID,ASSIGNEE_ROLE_ID,ASSIGNEE_USER_ID,COMPLETION_DATE,EXECUTOR_ID,EXECUTOR_DISPLAY_NAME,CONTEXT_TITLE) values ('419','有新的采购订单等待审核，订单号：CG-100082，预算总金额：800.00',to_date('27-MAY-13','DD-MON-RR'),'COMPLETED','PO','100082','11',null,null,null,null,'CG-100082');
Insert into OA.TASKS (ID,TITLE,ASSIGNED_DATE,STATE,CONTEXT_OBJECT_TYPE,CONTEXT_OBJECT_ID,ASSIGNEE_ROLE_ID,ASSIGNEE_USER_ID,COMPLETION_DATE,EXECUTOR_ID,EXECUTOR_DISPLAY_NAME,CONTEXT_TITLE) values ('420','有新的采购订单等待审批，订单号：CG-100082，审核总金额：800.0',to_date('27-MAY-13','DD-MON-RR'),'COMPLETED','PO','100082','12',null,null,null,null,'CG-100082');
Insert into OA.TASKS (ID,TITLE,ASSIGNED_DATE,STATE,CONTEXT_OBJECT_TYPE,CONTEXT_OBJECT_ID,ASSIGNEE_ROLE_ID,ASSIGNEE_USER_ID,COMPLETION_DATE,EXECUTOR_ID,EXECUTOR_DISPLAY_NAME,CONTEXT_TITLE) values ('423','有新的会议室申请等待您的审核。',to_date('28-MAY-13','DD-MON-RR'),'COMPLETED','CONFRM','268','2',null,null,null,null,'七年级科学模拟考试质量分析');
Insert into OA.TASKS (ID,TITLE,ASSIGNED_DATE,STATE,CONTEXT_OBJECT_TYPE,CONTEXT_OBJECT_ID,ASSIGNEE_ROLE_ID,ASSIGNEE_USER_ID,COMPLETION_DATE,EXECUTOR_ID,EXECUTOR_DISPLAY_NAME,CONTEXT_TITLE) values ('428','有新的会议室申请等待您的审核。',to_date('28-MAY-13','DD-MON-RR'),'COMPLETED','CONFRM','271','2',null,null,null,null,'综合课题组子课题会议');
Insert into OA.TASKS (ID,TITLE,ASSIGNED_DATE,STATE,CONTEXT_OBJECT_TYPE,CONTEXT_OBJECT_ID,ASSIGNEE_ROLE_ID,ASSIGNEE_USER_ID,COMPLETION_DATE,EXECUTOR_ID,EXECUTOR_DISPLAY_NAME,CONTEXT_TITLE) values ('430','有新的用车申请等待您的调度！ ',to_date('29-MAY-13','DD-MON-RR'),'COMPLETED','VEHICLE','212','5',null,null,null,null,'家访');
REM INSERTING into OA.VEHICLE_CALENDAR
Insert into OA.VEHICLE_CALENDAR (ID,USER_ID,USER_DISPLAY_NAME,VEHICLE_NAME,VEHICLE_ID,TITLE,CONTACT_ID,CONTACT_NAME,CONTACT_PHONE,STATE,RETURN_TRIP,START_TIME,END_TIME,RETURN_START_TIME,RETURN_END_TIME,TRIP_START,TRIP_DEST,RETURN_TRIP_START,RETURN_TRIP_END,NUM_OF_PEOPLE,COMMENTS,SUBMIT_DATE) values ('123','155','周树发','沪F28930','41','考察院舍设计','155','周树发','18918968968','已调度','Y',to_timestamp('27-APR-13 01.00.00.000000000 PM','DD-MON-RR HH.MI.SS.FF AM'),to_timestamp('27-APR-13 05.00.00.000000000 PM','DD-MON-RR HH.MI.SS.FF AM'),null,null,'丽园路','金山教育学院',null,null,4,null,to_date('23-APR-13','DD-MON-RR'));
Insert into OA.VEHICLE_CALENDAR (ID,USER_ID,USER_DISPLAY_NAME,VEHICLE_NAME,VEHICLE_ID,TITLE,CONTACT_ID,CONTACT_NAME,CONTACT_PHONE,STATE,RETURN_TRIP,START_TIME,END_TIME,RETURN_START_TIME,RETURN_END_TIME,TRIP_START,TRIP_DEST,RETURN_TRIP_START,RETURN_TRIP_END,NUM_OF_PEOPLE,COMMENTS,SUBMIT_DATE) values ('125','291','张增康','沪BD8037','44','bb','291','张增康','13801916875','已调度','N',to_timestamp('24-APR-13 12.31.40.000000000 PM','DD-MON-RR HH.MI.SS.FF AM'),to_timestamp('24-APR-13 04.29.09.000000000 PM','DD-MON-RR HH.MI.SS.FF AM'),null,null,'vv','jj',null,null,3,null,to_date('23-APR-13','DD-MON-RR'));
Insert into OA.VEHICLE_CALENDAR (ID,USER_ID,USER_DISPLAY_NAME,VEHICLE_NAME,VEHICLE_ID,TITLE,CONTACT_ID,CONTACT_NAME,CONTACT_PHONE,STATE,RETURN_TRIP,START_TIME,END_TIME,RETURN_START_TIME,RETURN_END_TIME,TRIP_START,TRIP_DEST,RETURN_TRIP_START,RETURN_TRIP_END,NUM_OF_PEOPLE,COMMENTS,SUBMIT_DATE) values ('194','266','李宁','沪F28930','41','学院教育公平研讨课堂教学全程录制','270','黄新民','13816380485','已调度','N',to_timestamp('24-MAY-13 07.45.28.000000000 AM','DD-MON-RR HH.MI.SS.FF AM'),to_timestamp('24-MAY-13 04.30.16.000000000 PM','DD-MON-RR HH.MI.SS.FF AM'),null,null,'自忠路455号','北京东路小学',null,null,2,null,to_date('17-MAY-13','DD-MON-RR'));
Insert into OA.VEHICLE_CALENDAR (ID,USER_ID,USER_DISPLAY_NAME,VEHICLE_NAME,VEHICLE_ID,TITLE,CONTACT_ID,CONTACT_NAME,CONTACT_PHONE,STATE,RETURN_TRIP,START_TIME,END_TIME,RETURN_START_TIME,RETURN_END_TIME,TRIP_START,TRIP_DEST,RETURN_TRIP_START,RETURN_TRIP_END,NUM_OF_PEOPLE,COMMENTS,SUBMIT_DATE) values ('209','157','李峻','沪F28930','41','教师专业发展部访问交流','157','李峻','13671907501','已调度','Y',to_timestamp('05-JUN-13 08.00.35.000000000 AM','DD-MON-RR HH.MI.SS.FF AM'),to_timestamp('05-JUN-13 05.23.52.000000000 PM','DD-MON-RR HH.MI.SS.FF AM'),null,null,'自忠路455号','崇明教师进修学校',null,null,6,null,to_date('28-MAY-13','DD-MON-RR'));
Insert into OA.VEHICLE_CALENDAR (ID,USER_ID,USER_DISPLAY_NAME,VEHICLE_NAME,VEHICLE_ID,TITLE,CONTACT_ID,CONTACT_NAME,CONTACT_PHONE,STATE,RETURN_TRIP,START_TIME,END_TIME,RETURN_START_TIME,RETURN_END_TIME,TRIP_START,TRIP_DEST,RETURN_TRIP_START,RETURN_TRIP_END,NUM_OF_PEOPLE,COMMENTS,SUBMIT_DATE) values ('127','291','张增康','沪E10589','43','vv','291','张增康','13801916875','已调度','Y',to_timestamp('27-APR-13 12.00.43.000000000 PM','DD-MON-RR HH.MI.SS.FF AM'),to_timestamp('27-APR-13 03.15.22.000000000 PM','DD-MON-RR HH.MI.SS.FF AM'),null,null,'vv','nn',null,null,1,null,to_date('24-APR-13','DD-MON-RR'));
Insert into OA.VEHICLE_CALENDAR (ID,USER_ID,USER_DISPLAY_NAME,VEHICLE_NAME,VEHICLE_ID,TITLE,CONTACT_ID,CONTACT_NAME,CONTACT_PHONE,STATE,RETURN_TRIP,START_TIME,END_TIME,RETURN_START_TIME,RETURN_END_TIME,TRIP_START,TRIP_DEST,RETURN_TRIP_START,RETURN_TRIP_END,NUM_OF_PEOPLE,COMMENTS,SUBMIT_DATE) values ('171','253','竺岭','沪F28930','41','开会','253','竺岭','8153','已调度','Y',to_timestamp('13-MAY-13 01.00.00.000000000 PM','DD-MON-RR HH.MI.SS.FF AM'),to_timestamp('13-MAY-13 04.04.18.000000000 PM','DD-MON-RR HH.MI.SS.FF AM'),null,null,'丽园路','西宝兴路',null,null,3,null,to_date('13-MAY-13','DD-MON-RR'));
Insert into OA.VEHICLE_CALENDAR (ID,USER_ID,USER_DISPLAY_NAME,VEHICLE_NAME,VEHICLE_ID,TITLE,CONTACT_ID,CONTACT_NAME,CONTACT_PHONE,STATE,RETURN_TRIP,START_TIME,END_TIME,RETURN_START_TIME,RETURN_END_TIME,TRIP_START,TRIP_DEST,RETURN_TRIP_START,RETURN_TRIP_END,NUM_OF_PEOPLE,COMMENTS,SUBMIT_DATE) values ('173','291','张增康','沪E10589','43','开会','316','陈福林','22222','已取消','Y',to_timestamp('02-MAY-13 09.00.17.000000000 AM','DD-MON-RR HH.MI.SS.FF AM'),to_timestamp('02-MAY-13 11.30.11.000000000 AM','DD-MON-RR HH.MI.SS.FF AM'),null,null,'A','B',null,null,2,null,to_date('13-MAY-13','DD-MON-RR'));
Insert into OA.VEHICLE_CALENDAR (ID,USER_ID,USER_DISPLAY_NAME,VEHICLE_NAME,VEHICLE_ID,TITLE,CONTACT_ID,CONTACT_NAME,CONTACT_PHONE,STATE,RETURN_TRIP,START_TIME,END_TIME,RETURN_START_TIME,RETURN_END_TIME,TRIP_START,TRIP_DEST,RETURN_TRIP_START,RETURN_TRIP_END,NUM_OF_PEOPLE,COMMENTS,SUBMIT_DATE) values ('190','158','陈兆施','沪F28930','41','教研活动','158','陈兆施','13641767138','已调度','Y',to_timestamp('27-MAY-13 08.00.00.000000000 AM','DD-MON-RR HH.MI.SS.FF AM'),to_timestamp('27-MAY-13 03.00.00.000000000 PM','DD-MON-RR HH.MI.SS.FF AM'),null,null,'丽园路校区大门口','奉贤区青村中学',null,null,6,'路途远,乡村路不好走,请给车况好一点的别克车',to_date('16-MAY-13','DD-MON-RR'));
Insert into OA.VEHICLE_CALENDAR (ID,USER_ID,USER_DISPLAY_NAME,VEHICLE_NAME,VEHICLE_ID,TITLE,CONTACT_ID,CONTACT_NAME,CONTACT_PHONE,STATE,RETURN_TRIP,START_TIME,END_TIME,RETURN_START_TIME,RETURN_END_TIME,TRIP_START,TRIP_DEST,RETURN_TRIP_START,RETURN_TRIP_END,NUM_OF_PEOPLE,COMMENTS,SUBMIT_DATE) values ('191','152','奚晓晶','沪FA1015','42','走访学校',null,'项','8262','已调度','N',to_timestamp('16-MAY-13 08.44.57.000000000 AM','DD-MON-RR HH.MI.SS.FF AM'),to_timestamp('16-MAY-13 04.00.02.000000000 PM','DD-MON-RR HH.MI.SS.FF AM'),null,null,'丽','学校',null,null,2,null,to_date('16-MAY-13','DD-MON-RR'));
Insert into OA.VEHICLE_CALENDAR (ID,USER_ID,USER_DISPLAY_NAME,VEHICLE_NAME,VEHICLE_ID,TITLE,CONTACT_ID,CONTACT_NAME,CONTACT_PHONE,STATE,RETURN_TRIP,START_TIME,END_TIME,RETURN_START_TIME,RETURN_END_TIME,TRIP_START,TRIP_DEST,RETURN_TRIP_START,RETURN_TRIP_END,NUM_OF_PEOPLE,COMMENTS,SUBMIT_DATE) values ('193','291','张增康','沪F28930','41','银行取款','301','黄晓林','8379','已调度','N',to_timestamp('20-MAY-13 08.26.57.000000000 AM','DD-MON-RR HH.MI.SS.FF AM'),to_timestamp('20-MAY-13 10.29.20.000000000 AM','DD-MON-RR HH.MI.SS.FF AM'),null,null,'丽','银行',null,null,2,null,to_date('17-MAY-13','DD-MON-RR'));
Insert into OA.VEHICLE_CALENDAR (ID,USER_ID,USER_DISPLAY_NAME,VEHICLE_NAME,VEHICLE_ID,TITLE,CONTACT_ID,CONTACT_NAME,CONTACT_PHONE,STATE,RETURN_TRIP,START_TIME,END_TIME,RETURN_START_TIME,RETURN_END_TIME,TRIP_START,TRIP_DEST,RETURN_TRIP_START,RETURN_TRIP_END,NUM_OF_PEOPLE,COMMENTS,SUBMIT_DATE) values ('196','291','张增康','沪BS9058','45','购水果','289','詹',null,'已调度','N',to_timestamp('03-JUN-13 08.30.50.000000000 AM','DD-MON-RR HH.MI.SS.FF AM'),to_timestamp('03-JUN-13 11.00.35.000000000 AM','DD-MON-RR HH.MI.SS.FF AM'),null,null,'丽','御桥',null,null,3,null,to_date('17-MAY-13','DD-MON-RR'));
Insert into OA.VEHICLE_CALENDAR (ID,USER_ID,USER_DISPLAY_NAME,VEHICLE_NAME,VEHICLE_ID,TITLE,CONTACT_ID,CONTACT_NAME,CONTACT_PHONE,STATE,RETURN_TRIP,START_TIME,END_TIME,RETURN_START_TIME,RETURN_END_TIME,TRIP_START,TRIP_DEST,RETURN_TRIP_START,RETURN_TRIP_END,NUM_OF_PEOPLE,COMMENTS,SUBMIT_DATE) values ('197','291','张增康','沪BS9058','45','购水果',null,'詹',null,'已调度','N',to_timestamp('10-JUN-13 08.46.12.000000000 AM','DD-MON-RR HH.MI.SS.FF AM'),to_timestamp('10-JUN-13 11.04.46.000000000 AM','DD-MON-RR HH.MI.SS.FF AM'),null,null,'丽','御桥',null,null,3,null,to_date('17-MAY-13','DD-MON-RR'));
Insert into OA.VEHICLE_CALENDAR (ID,USER_ID,USER_DISPLAY_NAME,VEHICLE_NAME,VEHICLE_ID,TITLE,CONTACT_ID,CONTACT_NAME,CONTACT_PHONE,STATE,RETURN_TRIP,START_TIME,END_TIME,RETURN_START_TIME,RETURN_END_TIME,TRIP_START,TRIP_DEST,RETURN_TRIP_START,RETURN_TRIP_END,NUM_OF_PEOPLE,COMMENTS,SUBMIT_DATE) values ('198','291','张增康','沪BS9058','45','购水果',null,'詹',null,'已调度','N',to_timestamp('17-JUN-13 08.48.14.000000000 AM','DD-MON-RR HH.MI.SS.FF AM'),to_timestamp('17-JUN-13 11.04.51.000000000 AM','DD-MON-RR HH.MI.SS.FF AM'),null,null,'丽','御桥',null,null,3,null,to_date('17-MAY-13','DD-MON-RR'));
Insert into OA.VEHICLE_CALENDAR (ID,USER_ID,USER_DISPLAY_NAME,VEHICLE_NAME,VEHICLE_ID,TITLE,CONTACT_ID,CONTACT_NAME,CONTACT_PHONE,STATE,RETURN_TRIP,START_TIME,END_TIME,RETURN_START_TIME,RETURN_END_TIME,TRIP_START,TRIP_DEST,RETURN_TRIP_START,RETURN_TRIP_END,NUM_OF_PEOPLE,COMMENTS,SUBMIT_DATE) values ('199','291','张增康','沪BS9058','45','购水果',null,'詹',null,'已调度','N',to_timestamp('24-JUN-13 08.30.24.000000000 AM','DD-MON-RR HH.MI.SS.FF AM'),to_timestamp('24-JUN-13 11.05.02.000000000 AM','DD-MON-RR HH.MI.SS.FF AM'),null,null,'丽','御桥',null,null,3,null,to_date('17-MAY-13','DD-MON-RR'));
Insert into OA.VEHICLE_CALENDAR (ID,USER_ID,USER_DISPLAY_NAME,VEHICLE_NAME,VEHICLE_ID,TITLE,CONTACT_ID,CONTACT_NAME,CONTACT_PHONE,STATE,RETURN_TRIP,START_TIME,END_TIME,RETURN_START_TIME,RETURN_END_TIME,TRIP_START,TRIP_DEST,RETURN_TRIP_START,RETURN_TRIP_END,NUM_OF_PEOPLE,COMMENTS,SUBMIT_DATE) values ('208','316','陈福林','沪FA1015','42','听课',null,'项','8262','已调度','N',to_timestamp('28-MAY-13 07.27.44.000000000 AM','DD-MON-RR HH.MI.SS.FF AM'),to_timestamp('28-MAY-13 11.27.58.000000000 AM','DD-MON-RR HH.MI.SS.FF AM'),null,null,'丽','敬业',null,null,1,null,to_date('28-MAY-13','DD-MON-RR'));
Insert into OA.VEHICLE_CALENDAR (ID,USER_ID,USER_DISPLAY_NAME,VEHICLE_NAME,VEHICLE_ID,TITLE,CONTACT_ID,CONTACT_NAME,CONTACT_PHONE,STATE,RETURN_TRIP,START_TIME,END_TIME,RETURN_START_TIME,RETURN_END_TIME,TRIP_START,TRIP_DEST,RETURN_TRIP_START,RETURN_TRIP_END,NUM_OF_PEOPLE,COMMENTS,SUBMIT_DATE) values ('211','291','张增康','沪E10589','43','银行取款','301','黄晓林','8379','已调度','Y',to_timestamp('29-MAY-13 09.00.47.000000000 AM','DD-MON-RR HH.MI.SS.FF AM'),to_timestamp('29-MAY-13 10.31.12.000000000 AM','DD-MON-RR HH.MI.SS.FF AM'),null,null,'丽','银行',null,null,2,null,to_date('29-MAY-13','DD-MON-RR'));
Insert into OA.VEHICLE_CALENDAR (ID,USER_ID,USER_DISPLAY_NAME,VEHICLE_NAME,VEHICLE_ID,TITLE,CONTACT_ID,CONTACT_NAME,CONTACT_PHONE,STATE,RETURN_TRIP,START_TIME,END_TIME,RETURN_START_TIME,RETURN_END_TIME,TRIP_START,TRIP_DEST,RETURN_TRIP_START,RETURN_TRIP_END,NUM_OF_PEOPLE,COMMENTS,SUBMIT_DATE) values ('163','157','李峻','沪BD8037','44','开会','157','李峻','8186','已调度','Y',to_timestamp('07-MAY-13 01.30.01.000000000 PM','DD-MON-RR HH.MI.SS.FF AM'),to_timestamp('07-MAY-13 04.30.15.000000000 PM','DD-MON-RR HH.MI.SS.FF AM'),null,null,'丽园路','西南位育',null,null,1,null,to_date('06-MAY-13','DD-MON-RR'));
Insert into OA.VEHICLE_CALENDAR (ID,USER_ID,USER_DISPLAY_NAME,VEHICLE_NAME,VEHICLE_ID,TITLE,CONTACT_ID,CONTACT_NAME,CONTACT_PHONE,STATE,RETURN_TRIP,START_TIME,END_TIME,RETURN_START_TIME,RETURN_END_TIME,TRIP_START,TRIP_DEST,RETURN_TRIP_START,RETURN_TRIP_END,NUM_OF_PEOPLE,COMMENTS,SUBMIT_DATE) values ('175','235','黄金丽','沪BS9058','45','萌芽杯','237','钱芳','60130103','已调度','Y',to_timestamp('21-MAY-13 08.01.15.000000000 AM','DD-MON-RR HH.MI.SS.FF AM'),to_timestamp('21-MAY-13 04.01.44.000000000 PM','DD-MON-RR HH.MI.SS.FF AM'),null,null,'自忠路','一中心',null,null,10,null,to_date('13-MAY-13','DD-MON-RR'));
Insert into OA.VEHICLE_CALENDAR (ID,USER_ID,USER_DISPLAY_NAME,VEHICLE_NAME,VEHICLE_ID,TITLE,CONTACT_ID,CONTACT_NAME,CONTACT_PHONE,STATE,RETURN_TRIP,START_TIME,END_TIME,RETURN_START_TIME,RETURN_END_TIME,TRIP_START,TRIP_DEST,RETURN_TRIP_START,RETURN_TRIP_END,NUM_OF_PEOPLE,COMMENTS,SUBMIT_DATE) values ('176','235','黄金丽','沪BS9058','45','萌芽杯','237','钱芳','60130103','已调度','N',to_timestamp('22-MAY-13 08.03.04.000000000 AM','DD-MON-RR HH.MI.SS.FF AM'),to_timestamp('22-MAY-13 12.03.12.000000000 PM','DD-MON-RR HH.MI.SS.FF AM'),null,null,'自忠路','蓬莱路幼儿园',null,null,10,null,to_date('13-MAY-13','DD-MON-RR'));
Insert into OA.VEHICLE_CALENDAR (ID,USER_ID,USER_DISPLAY_NAME,VEHICLE_NAME,VEHICLE_ID,TITLE,CONTACT_ID,CONTACT_NAME,CONTACT_PHONE,STATE,RETURN_TRIP,START_TIME,END_TIME,RETURN_START_TIME,RETURN_END_TIME,TRIP_START,TRIP_DEST,RETURN_TRIP_START,RETURN_TRIP_END,NUM_OF_PEOPLE,COMMENTS,SUBMIT_DATE) values ('177','235','黄金丽','沪BS9058','45','萌芽杯','237','钱芳','60130103','已调度','N',to_timestamp('23-MAY-13 08.04.39.000000000 AM','DD-MON-RR HH.MI.SS.FF AM'),to_timestamp('23-MAY-13 12.04.59.000000000 PM','DD-MON-RR HH.MI.SS.FF AM'),null,null,'自忠路','宁波路幼儿园',null,null,10,null,to_date('13-MAY-13','DD-MON-RR'));
Insert into OA.VEHICLE_CALENDAR (ID,USER_ID,USER_DISPLAY_NAME,VEHICLE_NAME,VEHICLE_ID,TITLE,CONTACT_ID,CONTACT_NAME,CONTACT_PHONE,STATE,RETURN_TRIP,START_TIME,END_TIME,RETURN_START_TIME,RETURN_END_TIME,TRIP_START,TRIP_DEST,RETURN_TRIP_START,RETURN_TRIP_END,NUM_OF_PEOPLE,COMMENTS,SUBMIT_DATE) values ('178','235','黄金丽','沪BS9058','45','萌芽杯','237','钱芳','60130103','已调度','Y',to_timestamp('28-MAY-13 08.05.56.000000000 AM','DD-MON-RR HH.MI.SS.FF AM'),to_timestamp('28-MAY-13 04.06.05.000000000 PM','DD-MON-RR HH.MI.SS.FF AM'),null,null,'自忠路','市十中学',null,null,10,null,to_date('13-MAY-13','DD-MON-RR'));
Insert into OA.VEHICLE_CALENDAR (ID,USER_ID,USER_DISPLAY_NAME,VEHICLE_NAME,VEHICLE_ID,TITLE,CONTACT_ID,CONTACT_NAME,CONTACT_PHONE,STATE,RETURN_TRIP,START_TIME,END_TIME,RETURN_START_TIME,RETURN_END_TIME,TRIP_START,TRIP_DEST,RETURN_TRIP_START,RETURN_TRIP_END,NUM_OF_PEOPLE,COMMENTS,SUBMIT_DATE) values ('179','235','黄金丽','沪BS9058','45','萌芽杯','237','钱芳','60130103','已调度','Y',to_timestamp('29-MAY-13 08.07.20.000000000 AM','DD-MON-RR HH.MI.SS.FF AM'),to_timestamp('29-MAY-13 04.07.29.000000000 PM','DD-MON-RR HH.MI.SS.FF AM'),null,null,'自忠路','金陵中学',null,null,10,null,to_date('13-MAY-13','DD-MON-RR'));
Insert into OA.VEHICLE_CALENDAR (ID,USER_ID,USER_DISPLAY_NAME,VEHICLE_NAME,VEHICLE_ID,TITLE,CONTACT_ID,CONTACT_NAME,CONTACT_PHONE,STATE,RETURN_TRIP,START_TIME,END_TIME,RETURN_START_TIME,RETURN_END_TIME,TRIP_START,TRIP_DEST,RETURN_TRIP_START,RETURN_TRIP_END,NUM_OF_PEOPLE,COMMENTS,SUBMIT_DATE) values ('182','291','张增康','沪BS9058','45','购水果','291','张增康','8358','已调度','Y',to_timestamp('13-MAY-13 08.30.32.000000000 AM','DD-MON-RR HH.MI.SS.FF AM'),to_timestamp('13-MAY-13 11.05.05.000000000 AM','DD-MON-RR HH.MI.SS.FF AM'),null,null,'丽园路','御桥',null,null,2,null,to_date('14-MAY-13','DD-MON-RR'));
Insert into OA.VEHICLE_CALENDAR (ID,USER_ID,USER_DISPLAY_NAME,VEHICLE_NAME,VEHICLE_ID,TITLE,CONTACT_ID,CONTACT_NAME,CONTACT_PHONE,STATE,RETURN_TRIP,START_TIME,END_TIME,RETURN_START_TIME,RETURN_END_TIME,TRIP_START,TRIP_DEST,RETURN_TRIP_START,RETURN_TRIP_END,NUM_OF_PEOPLE,COMMENTS,SUBMIT_DATE) values ('183','291','张增康','沪BS9058','45','购水果','291','张增康','8358','已调度','Y',to_timestamp('20-MAY-13 08.23.55.000000000 AM','DD-MON-RR HH.MI.SS.FF AM'),to_timestamp('20-MAY-13 11.24.15.000000000 AM','DD-MON-RR HH.MI.SS.FF AM'),null,null,'丽园路','御桥',null,null,2,null,to_date('14-MAY-13','DD-MON-RR'));
Insert into OA.VEHICLE_CALENDAR (ID,USER_ID,USER_DISPLAY_NAME,VEHICLE_NAME,VEHICLE_ID,TITLE,CONTACT_ID,CONTACT_NAME,CONTACT_PHONE,STATE,RETURN_TRIP,START_TIME,END_TIME,RETURN_START_TIME,RETURN_END_TIME,TRIP_START,TRIP_DEST,RETURN_TRIP_START,RETURN_TRIP_END,NUM_OF_PEOPLE,COMMENTS,SUBMIT_DATE) values ('184','287','陆懿香','沪BD8037','44','送材料','287','陆懿香','8222','已调度','N',to_timestamp('14-MAY-13 09.04.53.000000000 AM','DD-MON-RR HH.MI.SS.FF AM'),to_timestamp('14-MAY-13 09.48.57.000000000 AM','DD-MON-RR HH.MI.SS.FF AM'),null,null,'丽','局人事科',null,null,1,null,to_date('14-MAY-13','DD-MON-RR'));
Insert into OA.VEHICLE_CALENDAR (ID,USER_ID,USER_DISPLAY_NAME,VEHICLE_NAME,VEHICLE_ID,TITLE,CONTACT_ID,CONTACT_NAME,CONTACT_PHONE,STATE,RETURN_TRIP,START_TIME,END_TIME,RETURN_START_TIME,RETURN_END_TIME,TRIP_START,TRIP_DEST,RETURN_TRIP_START,RETURN_TRIP_END,NUM_OF_PEOPLE,COMMENTS,SUBMIT_DATE) values ('187','152','奚晓晶','沪FA1015','42','走访学校',null,'项','8262','已调度','Y',to_timestamp('13-MAY-13 09.00.36.000000000 AM','DD-MON-RR HH.MI.SS.FF AM'),to_timestamp('13-MAY-13 11.32.29.000000000 AM','DD-MON-RR HH.MI.SS.FF AM'),null,null,'丽','学校',null,null,3,null,to_date('14-MAY-13','DD-MON-RR'));
Insert into OA.VEHICLE_CALENDAR (ID,USER_ID,USER_DISPLAY_NAME,VEHICLE_NAME,VEHICLE_ID,TITLE,CONTACT_ID,CONTACT_NAME,CONTACT_PHONE,STATE,RETURN_TRIP,START_TIME,END_TIME,RETURN_START_TIME,RETURN_END_TIME,TRIP_START,TRIP_DEST,RETURN_TRIP_START,RETURN_TRIP_END,NUM_OF_PEOPLE,COMMENTS,SUBMIT_DATE) values ('188','287','陆懿香','沪BS9058','45','退管会探望病人','288','曹筠','13621975261','已调度','Y',to_timestamp('16-MAY-13 01.32.26.000000000 PM','DD-MON-RR HH.MI.SS.FF AM'),to_timestamp('16-MAY-13 04.19.23.000000000 PM','DD-MON-RR HH.MI.SS.FF AM'),null,null,'丽园路478号','中山医院',null,null,1,null,to_date('15-MAY-13','DD-MON-RR'));
Insert into OA.VEHICLE_CALENDAR (ID,USER_ID,USER_DISPLAY_NAME,VEHICLE_NAME,VEHICLE_ID,TITLE,CONTACT_ID,CONTACT_NAME,CONTACT_PHONE,STATE,RETURN_TRIP,START_TIME,END_TIME,RETURN_START_TIME,RETURN_END_TIME,TRIP_START,TRIP_DEST,RETURN_TRIP_START,RETURN_TRIP_END,NUM_OF_PEOPLE,COMMENTS,SUBMIT_DATE) values ('195','291','张增康','沪BS9058','45','购水果',null,'詹',null,'已调度','N',to_timestamp('27-MAY-13 08.30.24.000000000 AM','DD-MON-RR HH.MI.SS.FF AM'),to_timestamp('27-MAY-13 11.11.56.000000000 AM','DD-MON-RR HH.MI.SS.FF AM'),null,null,'丽','御桥',null,null,3,null,to_date('17-MAY-13','DD-MON-RR'));
Insert into OA.VEHICLE_CALENDAR (ID,USER_ID,USER_DISPLAY_NAME,VEHICLE_NAME,VEHICLE_ID,TITLE,CONTACT_ID,CONTACT_NAME,CONTACT_PHONE,STATE,RETURN_TRIP,START_TIME,END_TIME,RETURN_START_TIME,RETURN_END_TIME,TRIP_START,TRIP_DEST,RETURN_TRIP_START,RETURN_TRIP_END,NUM_OF_PEOPLE,COMMENTS,SUBMIT_DATE) values ('205','153','潘裕民','沪BD8037','44','教师培训','153','潘裕民','13818111068','已调度','Y',to_timestamp('02-JUN-13 07.50.00.000000000 AM','DD-MON-RR HH.MI.SS.FF AM'),to_timestamp('02-JUN-13 03.00.00.000000000 PM','DD-MON-RR HH.MI.SS.FF AM'),null,null,'中华路88弄','崇明教师进修学校',null,null,1,null,to_date('24-MAY-13','DD-MON-RR'));
Insert into OA.VEHICLE_CALENDAR (ID,USER_ID,USER_DISPLAY_NAME,VEHICLE_NAME,VEHICLE_ID,TITLE,CONTACT_ID,CONTACT_NAME,CONTACT_PHONE,STATE,RETURN_TRIP,START_TIME,END_TIME,RETURN_START_TIME,RETURN_END_TIME,TRIP_START,TRIP_DEST,RETURN_TRIP_START,RETURN_TRIP_END,NUM_OF_PEOPLE,COMMENTS,SUBMIT_DATE) values ('206','152','奚晓晶','沪FA1015','42','教研',null,'项','8262','已调度','Y',to_timestamp('24-MAY-13 07.30.00.000000000 AM','DD-MON-RR HH.MI.SS.FF AM'),to_timestamp('24-MAY-13 05.11.46.000000000 PM','DD-MON-RR HH.MI.SS.FF AM'),null,null,'丽','北小‘格致等',null,null,3,null,to_date('24-MAY-13','DD-MON-RR'));
Insert into OA.VEHICLE_CALENDAR (ID,USER_ID,USER_DISPLAY_NAME,VEHICLE_NAME,VEHICLE_ID,TITLE,CONTACT_ID,CONTACT_NAME,CONTACT_PHONE,STATE,RETURN_TRIP,START_TIME,END_TIME,RETURN_START_TIME,RETURN_END_TIME,TRIP_START,TRIP_DEST,RETURN_TRIP_START,RETURN_TRIP_END,NUM_OF_PEOPLE,COMMENTS,SUBMIT_DATE) values ('210','218','李金钊','沪BD8037','44','教心基地接送专家','218','李金钊','13651854413','已调度','Y',to_timestamp('05-JUN-13 07.30.01.000000000 AM','DD-MON-RR HH.MI.SS.FF AM'),to_timestamp('05-JUN-13 03.00.01.000000000 PM','DD-MON-RR HH.MI.SS.FF AM'),null,null,'待定','丽园路478号',null,null,1,'接送教心基地专家顾泠沅，顾泠沅的联系电话是13701672663',to_date('28-MAY-13','DD-MON-RR'));
Insert into OA.VEHICLE_CALENDAR (ID,USER_ID,USER_DISPLAY_NAME,VEHICLE_NAME,VEHICLE_ID,TITLE,CONTACT_ID,CONTACT_NAME,CONTACT_PHONE,STATE,RETURN_TRIP,START_TIME,END_TIME,RETURN_START_TIME,RETURN_END_TIME,TRIP_START,TRIP_DEST,RETURN_TRIP_START,RETURN_TRIP_END,NUM_OF_PEOPLE,COMMENTS,SUBMIT_DATE) values ('126','266','李宁',null,null,'录制签约仪式','271','盛杰','13023254945','已拒绝','N',to_timestamp('28-APR-13 10.00.48.000000000 AM','DD-MON-RR HH.MI.SS.FF AM'),to_timestamp('28-APR-13 11.36.22.000000000 AM','DD-MON-RR HH.MI.SS.FF AM'),null,null,'自忠路455号1204','自忠路455号3301',null,null,1,null,to_date('24-APR-13','DD-MON-RR'));
Insert into OA.VEHICLE_CALENDAR (ID,USER_ID,USER_DISPLAY_NAME,VEHICLE_NAME,VEHICLE_ID,TITLE,CONTACT_ID,CONTACT_NAME,CONTACT_PHONE,STATE,RETURN_TRIP,START_TIME,END_TIME,RETURN_START_TIME,RETURN_END_TIME,TRIP_START,TRIP_DEST,RETURN_TRIP_START,RETURN_TRIP_END,NUM_OF_PEOPLE,COMMENTS,SUBMIT_DATE) values ('128',null,null,'沪BD8037','44','开会',null,null,null,'已取消','Y',null,null,null,null,'丽园路','荷花池幼儿园',null,null,2,null,to_date('25-APR-13','DD-MON-RR'));
Insert into OA.VEHICLE_CALENDAR (ID,USER_ID,USER_DISPLAY_NAME,VEHICLE_NAME,VEHICLE_ID,TITLE,CONTACT_ID,CONTACT_NAME,CONTACT_PHONE,STATE,RETURN_TRIP,START_TIME,END_TIME,RETURN_START_TIME,RETURN_END_TIME,TRIP_START,TRIP_DEST,RETURN_TRIP_START,RETURN_TRIP_END,NUM_OF_PEOPLE,COMMENTS,SUBMIT_DATE) values ('143','235','黄金丽',null,null,'摄像','235','黄金丽','13661902809','待审核','Y',to_timestamp('03-MAY-13 08.30.00.000000000 AM','DD-MON-RR HH.MI.SS.FF AM'),to_timestamp('03-MAY-13 10.00.00.000000000 AM','DD-MON-RR HH.MI.SS.FF AM'),null,null,'自忠路校区','思南路幼儿园',null,null,4,null,to_date('28-APR-13','DD-MON-RR'));
Insert into OA.VEHICLE_CALENDAR (ID,USER_ID,USER_DISPLAY_NAME,VEHICLE_NAME,VEHICLE_ID,TITLE,CONTACT_ID,CONTACT_NAME,CONTACT_PHONE,STATE,RETURN_TRIP,START_TIME,END_TIME,RETURN_START_TIME,RETURN_END_TIME,TRIP_START,TRIP_DEST,RETURN_TRIP_START,RETURN_TRIP_END,NUM_OF_PEOPLE,COMMENTS,SUBMIT_DATE) values ('144','235','黄金丽',null,null,'摄像','235','黄金丽','13661902809','待审核','Y',to_timestamp('02-MAY-13 01.15.00.000000000 PM','DD-MON-RR HH.MI.SS.FF AM'),to_timestamp('02-MAY-13 02.30.00.000000000 PM','DD-MON-RR HH.MI.SS.FF AM'),null,null,'自忠路校区','实验小学',null,null,4,null,to_date('28-APR-13','DD-MON-RR'));
Insert into OA.VEHICLE_CALENDAR (ID,USER_ID,USER_DISPLAY_NAME,VEHICLE_NAME,VEHICLE_ID,TITLE,CONTACT_ID,CONTACT_NAME,CONTACT_PHONE,STATE,RETURN_TRIP,START_TIME,END_TIME,RETURN_START_TIME,RETURN_END_TIME,TRIP_START,TRIP_DEST,RETURN_TRIP_START,RETURN_TRIP_END,NUM_OF_PEOPLE,COMMENTS,SUBMIT_DATE) values ('145','235','黄金丽',null,null,'摄像','235','黄金丽','13661902809','待审核','Y',to_timestamp('02-MAY-13 09.00.00.000000000 AM','DD-MON-RR HH.MI.SS.FF AM'),to_timestamp('02-MAY-13 10.30.00.000000000 AM','DD-MON-RR HH.MI.SS.FF AM'),null,null,'自忠路校区','卢湾二中心',null,null,4,null,to_date('28-APR-13','DD-MON-RR'));
Insert into OA.VEHICLE_CALENDAR (ID,USER_ID,USER_DISPLAY_NAME,VEHICLE_NAME,VEHICLE_ID,TITLE,CONTACT_ID,CONTACT_NAME,CONTACT_PHONE,STATE,RETURN_TRIP,START_TIME,END_TIME,RETURN_START_TIME,RETURN_END_TIME,TRIP_START,TRIP_DEST,RETURN_TRIP_START,RETURN_TRIP_END,NUM_OF_PEOPLE,COMMENTS,SUBMIT_DATE) values ('146','235','黄金丽',null,null,'拍摄','235','黄金丽','13661902809','待审核','Y',to_timestamp('03-MAY-13 12.15.00.000000000 PM','DD-MON-RR HH.MI.SS.FF AM'),to_timestamp('03-MAY-13 02.30.00.000000000 PM','DD-MON-RR HH.MI.SS.FF AM'),null,null,'自忠路校区','中山',null,null,4,null,to_date('28-APR-13','DD-MON-RR'));
Insert into OA.VEHICLE_CALENDAR (ID,USER_ID,USER_DISPLAY_NAME,VEHICLE_NAME,VEHICLE_ID,TITLE,CONTACT_ID,CONTACT_NAME,CONTACT_PHONE,STATE,RETURN_TRIP,START_TIME,END_TIME,RETURN_START_TIME,RETURN_END_TIME,TRIP_START,TRIP_DEST,RETURN_TRIP_START,RETURN_TRIP_END,NUM_OF_PEOPLE,COMMENTS,SUBMIT_DATE) values ('164','156','冯强','沪BD8037','44','开会','156','冯强','18018678177','已取消','Y',to_timestamp('13-MAY-13 08.35.00.000000000 AM','DD-MON-RR HH.MI.SS.FF AM'),to_timestamp('13-MAY-13 11.00.00.000000000 AM','DD-MON-RR HH.MI.SS.FF AM'),null,null,'丽园路','荷花池幼儿园',null,null,2,null,to_date('07-MAY-13','DD-MON-RR'));
Insert into OA.VEHICLE_CALENDAR (ID,USER_ID,USER_DISPLAY_NAME,VEHICLE_NAME,VEHICLE_ID,TITLE,CONTACT_ID,CONTACT_NAME,CONTACT_PHONE,STATE,RETURN_TRIP,START_TIME,END_TIME,RETURN_START_TIME,RETURN_END_TIME,TRIP_START,TRIP_DEST,RETURN_TRIP_START,RETURN_TRIP_END,NUM_OF_PEOPLE,COMMENTS,SUBMIT_DATE) values ('166','235','黄金丽','沪F28930','41','萌芽杯','235','黄金丽','13661902809','已调度','N',to_timestamp('21-MAY-13 07.30.42.000000000 AM','DD-MON-RR HH.MI.SS.FF AM'),to_timestamp('21-MAY-13 04.09.25.000000000 PM','DD-MON-RR HH.MI.SS.FF AM'),null,null,'自忠路','黄浦一中心',null,null,6,null,to_date('10-MAY-13','DD-MON-RR'));
Insert into OA.VEHICLE_CALENDAR (ID,USER_ID,USER_DISPLAY_NAME,VEHICLE_NAME,VEHICLE_ID,TITLE,CONTACT_ID,CONTACT_NAME,CONTACT_PHONE,STATE,RETURN_TRIP,START_TIME,END_TIME,RETURN_START_TIME,RETURN_END_TIME,TRIP_START,TRIP_DEST,RETURN_TRIP_START,RETURN_TRIP_END,NUM_OF_PEOPLE,COMMENTS,SUBMIT_DATE) values ('167','235','黄金丽','沪F28930','41','萌芽杯','237','钱芳','13661902809','已调度','Y',to_timestamp('22-MAY-13 08.11.42.000000000 AM','DD-MON-RR HH.MI.SS.FF AM'),to_timestamp('22-MAY-13 12.11.57.000000000 PM','DD-MON-RR HH.MI.SS.FF AM'),null,null,'自忠路','蓬莱路幼儿园',null,null,6,null,to_date('10-MAY-13','DD-MON-RR'));
Insert into OA.VEHICLE_CALENDAR (ID,USER_ID,USER_DISPLAY_NAME,VEHICLE_NAME,VEHICLE_ID,TITLE,CONTACT_ID,CONTACT_NAME,CONTACT_PHONE,STATE,RETURN_TRIP,START_TIME,END_TIME,RETURN_START_TIME,RETURN_END_TIME,TRIP_START,TRIP_DEST,RETURN_TRIP_START,RETURN_TRIP_END,NUM_OF_PEOPLE,COMMENTS,SUBMIT_DATE) values ('168','235','黄金丽','沪F28930','41','萌芽杯','237','钱芳','60130103','已调度','Y',to_timestamp('23-MAY-13 08.13.31.000000000 AM','DD-MON-RR HH.MI.SS.FF AM'),to_timestamp('23-MAY-13 12.13.43.000000000 PM','DD-MON-RR HH.MI.SS.FF AM'),null,null,'自忠路','宁波路幼儿园',null,null,6,null,to_date('10-MAY-13','DD-MON-RR'));
Insert into OA.VEHICLE_CALENDAR (ID,USER_ID,USER_DISPLAY_NAME,VEHICLE_NAME,VEHICLE_ID,TITLE,CONTACT_ID,CONTACT_NAME,CONTACT_PHONE,STATE,RETURN_TRIP,START_TIME,END_TIME,RETURN_START_TIME,RETURN_END_TIME,TRIP_START,TRIP_DEST,RETURN_TRIP_START,RETURN_TRIP_END,NUM_OF_PEOPLE,COMMENTS,SUBMIT_DATE) values ('169','235','黄金丽','沪F28930','41','萌芽杯','237','钱芳','13311905215','已调度','Y',to_timestamp('28-MAY-13 07.00.52.000000000 AM','DD-MON-RR HH.MI.SS.FF AM'),to_timestamp('28-MAY-13 04.15.37.000000000 PM','DD-MON-RR HH.MI.SS.FF AM'),null,null,'自忠路','市十中学',null,null,6,null,to_date('10-MAY-13','DD-MON-RR'));
Insert into OA.VEHICLE_CALENDAR (ID,USER_ID,USER_DISPLAY_NAME,VEHICLE_NAME,VEHICLE_ID,TITLE,CONTACT_ID,CONTACT_NAME,CONTACT_PHONE,STATE,RETURN_TRIP,START_TIME,END_TIME,RETURN_START_TIME,RETURN_END_TIME,TRIP_START,TRIP_DEST,RETURN_TRIP_START,RETURN_TRIP_END,NUM_OF_PEOPLE,COMMENTS,SUBMIT_DATE) values ('170','235','黄金丽','沪F28930','41','萌芽杯','237','钱芳','60130103','已调度','Y',to_timestamp('29-MAY-13 07.01.28.000000000 AM','DD-MON-RR HH.MI.SS.FF AM'),to_timestamp('29-MAY-13 04.17.54.000000000 PM','DD-MON-RR HH.MI.SS.FF AM'),null,null,'自忠路','金陵中学',null,null,6,null,to_date('10-MAY-13','DD-MON-RR'));
Insert into OA.VEHICLE_CALENDAR (ID,USER_ID,USER_DISPLAY_NAME,VEHICLE_NAME,VEHICLE_ID,TITLE,CONTACT_ID,CONTACT_NAME,CONTACT_PHONE,STATE,RETURN_TRIP,START_TIME,END_TIME,RETURN_START_TIME,RETURN_END_TIME,TRIP_START,TRIP_DEST,RETURN_TRIP_START,RETURN_TRIP_END,NUM_OF_PEOPLE,COMMENTS,SUBMIT_DATE) values ('172','287','陆懿香','沪BS9058','45','退休家访那个','288','曹筠','13621975261','已调度','Y',to_timestamp('14-MAY-13 01.30.00.000000000 PM','DD-MON-RR HH.MI.SS.FF AM'),to_timestamp('14-MAY-13 04.36.56.000000000 PM','DD-MON-RR HH.MI.SS.FF AM'),null,null,'丽园路','A',null,null,2,null,to_date('13-MAY-13','DD-MON-RR'));
Insert into OA.VEHICLE_CALENDAR (ID,USER_ID,USER_DISPLAY_NAME,VEHICLE_NAME,VEHICLE_ID,TITLE,CONTACT_ID,CONTACT_NAME,CONTACT_PHONE,STATE,RETURN_TRIP,START_TIME,END_TIME,RETURN_START_TIME,RETURN_END_TIME,TRIP_START,TRIP_DEST,RETURN_TRIP_START,RETURN_TRIP_END,NUM_OF_PEOPLE,COMMENTS,SUBMIT_DATE) values ('185','159','夏向东','沪BD8037','44','参加市教研活动','159','夏向东','15800857896','已调度','N',to_timestamp('23-MAY-13 08.00.00.000000000 AM','DD-MON-RR HH.MI.SS.FF AM'),to_timestamp('23-MAY-13 10.00.00.000000000 AM','DD-MON-RR HH.MI.SS.FF AM'),null,null,'丽园路','洋泾中学',null,null,5,null,to_date('14-MAY-13','DD-MON-RR'));
Insert into OA.VEHICLE_CALENDAR (ID,USER_ID,USER_DISPLAY_NAME,VEHICLE_NAME,VEHICLE_ID,TITLE,CONTACT_ID,CONTACT_NAME,CONTACT_PHONE,STATE,RETURN_TRIP,START_TIME,END_TIME,RETURN_START_TIME,RETURN_END_TIME,TRIP_START,TRIP_DEST,RETURN_TRIP_START,RETURN_TRIP_END,NUM_OF_PEOPLE,COMMENTS,SUBMIT_DATE) values ('189','152','奚晓晶','沪FA1015','42','走访学校',null,'项','8262','已调度','Y',to_timestamp('15-MAY-13 12.30.14.000000000 PM','DD-MON-RR HH.MI.SS.FF AM'),to_timestamp('15-MAY-13 04.18.01.000000000 PM','DD-MON-RR HH.MI.SS.FF AM'),null,null,'丽','学校',null,null,2,null,to_date('15-MAY-13','DD-MON-RR'));
Insert into OA.VEHICLE_CALENDAR (ID,USER_ID,USER_DISPLAY_NAME,VEHICLE_NAME,VEHICLE_ID,TITLE,CONTACT_ID,CONTACT_NAME,CONTACT_PHONE,STATE,RETURN_TRIP,START_TIME,END_TIME,RETURN_START_TIME,RETURN_END_TIME,TRIP_START,TRIP_DEST,RETURN_TRIP_START,RETURN_TRIP_END,NUM_OF_PEOPLE,COMMENTS,SUBMIT_DATE) values ('204','152','奚晓晶','沪FA1015','42','开会',null,'项','8262','已调度','Y',to_timestamp('21-MAY-13 08.00.35.000000000 AM','DD-MON-RR HH.MI.SS.FF AM'),to_timestamp('21-MAY-13 12.00.13.000000000 PM','DD-MON-RR HH.MI.SS.FF AM'),null,null,'丽',null,null,null,1,null,to_date('21-MAY-13','DD-MON-RR'));
Insert into OA.VEHICLE_CALENDAR (ID,USER_ID,USER_DISPLAY_NAME,VEHICLE_NAME,VEHICLE_ID,TITLE,CONTACT_ID,CONTACT_NAME,CONTACT_PHONE,STATE,RETURN_TRIP,START_TIME,END_TIME,RETURN_START_TIME,RETURN_END_TIME,TRIP_START,TRIP_DEST,RETURN_TRIP_START,RETURN_TRIP_END,NUM_OF_PEOPLE,COMMENTS,SUBMIT_DATE) values ('207','152','奚晓晶','沪FA1015','42','科研活动',null,'项','8262','已调度','N',to_timestamp('25-MAY-13 07.34.40.000000000 AM','DD-MON-RR HH.MI.SS.FF AM'),to_timestamp('26-MAY-13 04.45.16.000000000 PM','DD-MON-RR HH.MI.SS.FF AM'),null,null,'丽','卢高',null,null,1,null,to_date('27-MAY-13','DD-MON-RR'));
Insert into OA.VEHICLE_CALENDAR (ID,USER_ID,USER_DISPLAY_NAME,VEHICLE_NAME,VEHICLE_ID,TITLE,CONTACT_ID,CONTACT_NAME,CONTACT_PHONE,STATE,RETURN_TRIP,START_TIME,END_TIME,RETURN_START_TIME,RETURN_END_TIME,TRIP_START,TRIP_DEST,RETURN_TRIP_START,RETURN_TRIP_END,NUM_OF_PEOPLE,COMMENTS,SUBMIT_DATE) values ('124','316','陈福林','沪F28930','41','jjj','316','陈福林','13501630255','已调度','Y',to_timestamp('25-APR-13 12.28.54.000000000 PM','DD-MON-RR HH.MI.SS.FF AM'),to_timestamp('25-APR-13 05.29.10.000000000 PM','DD-MON-RR HH.MI.SS.FF AM'),null,null,'lyl','xlc',null,null,3,null,to_date('23-APR-13','DD-MON-RR'));
Insert into OA.VEHICLE_CALENDAR (ID,USER_ID,USER_DISPLAY_NAME,VEHICLE_NAME,VEHICLE_ID,TITLE,CONTACT_ID,CONTACT_NAME,CONTACT_PHONE,STATE,RETURN_TRIP,START_TIME,END_TIME,RETURN_START_TIME,RETURN_END_TIME,TRIP_START,TRIP_DEST,RETURN_TRIP_START,RETURN_TRIP_END,NUM_OF_PEOPLE,COMMENTS,SUBMIT_DATE) values ('165','156','冯强','沪BD8037','44','开会','156','冯强','18018678177','已调度','Y',to_timestamp('13-MAY-13 01.20.00.000000000 PM','DD-MON-RR HH.MI.SS.FF AM'),to_timestamp('13-MAY-13 03.00.00.000000000 PM','DD-MON-RR HH.MI.SS.FF AM'),null,null,'丽园路','格致初级',null,null,1,null,to_date('09-MAY-13','DD-MON-RR'));
Insert into OA.VEHICLE_CALENDAR (ID,USER_ID,USER_DISPLAY_NAME,VEHICLE_NAME,VEHICLE_ID,TITLE,CONTACT_ID,CONTACT_NAME,CONTACT_PHONE,STATE,RETURN_TRIP,START_TIME,END_TIME,RETURN_START_TIME,RETURN_END_TIME,TRIP_START,TRIP_DEST,RETURN_TRIP_START,RETURN_TRIP_END,NUM_OF_PEOPLE,COMMENTS,SUBMIT_DATE) values ('174','266','李宁','沪F28930','41','新疆幼儿教师教学录制','270','黄新民','13816380485','已调度','Y',to_timestamp('16-MAY-13 08.15.11.000000000 AM','DD-MON-RR HH.MI.SS.FF AM'),to_timestamp('16-MAY-13 12.26.08.000000000 PM','DD-MON-RR HH.MI.SS.FF AM'),null,null,'自忠路455','奥林 海粟幼儿园',null,null,4,null,to_date('13-MAY-13','DD-MON-RR'));
Insert into OA.VEHICLE_CALENDAR (ID,USER_ID,USER_DISPLAY_NAME,VEHICLE_NAME,VEHICLE_ID,TITLE,CONTACT_ID,CONTACT_NAME,CONTACT_PHONE,STATE,RETURN_TRIP,START_TIME,END_TIME,RETURN_START_TIME,RETURN_END_TIME,TRIP_START,TRIP_DEST,RETURN_TRIP_START,RETURN_TRIP_END,NUM_OF_PEOPLE,COMMENTS,SUBMIT_DATE) values ('180','266','李宁','沪F28930','41','摄录像','270','黄新民','8137','已调度','Y',to_timestamp('14-MAY-13 08.15.28.000000000 AM','DD-MON-RR HH.MI.SS.FF AM'),to_timestamp('14-MAY-13 11.28.10.000000000 AM','DD-MON-RR HH.MI.SS.FF AM'),null,null,'自忠路','荷花池、西凌',null,null,2,null,to_date('13-MAY-13','DD-MON-RR'));
Insert into OA.VEHICLE_CALENDAR (ID,USER_ID,USER_DISPLAY_NAME,VEHICLE_NAME,VEHICLE_ID,TITLE,CONTACT_ID,CONTACT_NAME,CONTACT_PHONE,STATE,RETURN_TRIP,START_TIME,END_TIME,RETURN_START_TIME,RETURN_END_TIME,TRIP_START,TRIP_DEST,RETURN_TRIP_START,RETURN_TRIP_END,NUM_OF_PEOPLE,COMMENTS,SUBMIT_DATE) values ('181','266','李宁','沪F28930','41','摄录像','273','董首人','8127','已调度','Y',to_timestamp('15-MAY-13 08.15.01.000000000 AM','DD-MON-RR HH.MI.SS.FF AM'),to_timestamp('15-MAY-13 11.33.00.000000000 AM','DD-MON-RR HH.MI.SS.FF AM'),null,null,'自忠路','学前',null,null,2,null,to_date('13-MAY-13','DD-MON-RR'));
Insert into OA.VEHICLE_CALENDAR (ID,USER_ID,USER_DISPLAY_NAME,VEHICLE_NAME,VEHICLE_ID,TITLE,CONTACT_ID,CONTACT_NAME,CONTACT_PHONE,STATE,RETURN_TRIP,START_TIME,END_TIME,RETURN_START_TIME,RETURN_END_TIME,TRIP_START,TRIP_DEST,RETURN_TRIP_START,RETURN_TRIP_END,NUM_OF_PEOPLE,COMMENTS,SUBMIT_DATE) values ('186','157','李峻','沪BD8037','44','赴云南','157','李峻','13671907501','已调度','N',to_timestamp('19-MAY-13 06.20.00.000000000 AM','DD-MON-RR HH.MI.SS.FF AM'),to_timestamp('19-MAY-13 07.21.08.000000000 AM','DD-MON-RR HH.MI.SS.FF AM'),null,null,'陆家浜路（跨龙路）688弄','虹桥机场',null,null,2,'接好我后再去接冯院，7：00到机场',to_date('14-MAY-13','DD-MON-RR'));
Insert into OA.VEHICLE_CALENDAR (ID,USER_ID,USER_DISPLAY_NAME,VEHICLE_NAME,VEHICLE_ID,TITLE,CONTACT_ID,CONTACT_NAME,CONTACT_PHONE,STATE,RETURN_TRIP,START_TIME,END_TIME,RETURN_START_TIME,RETURN_END_TIME,TRIP_START,TRIP_DEST,RETURN_TRIP_START,RETURN_TRIP_END,NUM_OF_PEOPLE,COMMENTS,SUBMIT_DATE) values ('192','157','李峻','沪F28930','41','区政府','157','李峻','8311','已调度','N',to_timestamp('17-MAY-13 09.20.40.000000000 AM','DD-MON-RR HH.MI.SS.FF AM'),to_timestamp('17-MAY-13 10.27.12.000000000 AM','DD-MON-RR HH.MI.SS.FF AM'),null,null,'自','区政府',null,null,1,null,to_date('17-MAY-13','DD-MON-RR'));
Insert into OA.VEHICLE_CALENDAR (ID,USER_ID,USER_DISPLAY_NAME,VEHICLE_NAME,VEHICLE_ID,TITLE,CONTACT_ID,CONTACT_NAME,CONTACT_PHONE,STATE,RETURN_TRIP,START_TIME,END_TIME,RETURN_START_TIME,RETURN_END_TIME,TRIP_START,TRIP_DEST,RETURN_TRIP_START,RETURN_TRIP_END,NUM_OF_PEOPLE,COMMENTS,SUBMIT_DATE) values ('203','152','奚晓晶','沪FA1015','42','开会',null,'项','8262','已调度','Y',to_timestamp('20-MAY-13 07.15.52.000000000 AM','DD-MON-RR HH.MI.SS.FF AM'),to_timestamp('20-MAY-13 03.06.24.000000000 PM','DD-MON-RR HH.MI.SS.FF AM'),null,null,'丽','普陀教院',null,null,1,null,to_date('20-MAY-13','DD-MON-RR'));
Insert into OA.VEHICLE_CALENDAR (ID,USER_ID,USER_DISPLAY_NAME,VEHICLE_NAME,VEHICLE_ID,TITLE,CONTACT_ID,CONTACT_NAME,CONTACT_PHONE,STATE,RETURN_TRIP,START_TIME,END_TIME,RETURN_START_TIME,RETURN_END_TIME,TRIP_START,TRIP_DEST,RETURN_TRIP_START,RETURN_TRIP_END,NUM_OF_PEOPLE,COMMENTS,SUBMIT_DATE) values ('212','287','陆懿香','沪BS9058','45','家访','288','曹筠','13621975261','已调度','N',to_timestamp('04-JUN-13 08.53.19.000000000 AM','DD-MON-RR HH.MI.SS.FF AM'),to_timestamp('04-JUN-13 04.53.37.000000000 PM','DD-MON-RR HH.MI.SS.FF AM'),null,null,'丽园路478号','浦东',null,null,2,null,to_date('29-MAY-13','DD-MON-RR'));
Insert into OA.VEHICLE_CALENDAR (ID,USER_ID,USER_DISPLAY_NAME,VEHICLE_NAME,VEHICLE_ID,TITLE,CONTACT_ID,CONTACT_NAME,CONTACT_PHONE,STATE,RETURN_TRIP,START_TIME,END_TIME,RETURN_START_TIME,RETURN_END_TIME,TRIP_START,TRIP_DEST,RETURN_TRIP_START,RETURN_TRIP_END,NUM_OF_PEOPLE,COMMENTS,SUBMIT_DATE) values ('213','287','陆懿香',null,null,'家访','288','曹筠','13621975261','未提交','N',to_timestamp('04-JUN-13 08.57.56.000000000 AM','DD-MON-RR HH.MI.SS.FF AM'),to_timestamp('04-JUN-13 04.57.36.000000000 PM','DD-MON-RR HH.MI.SS.FF AM'),null,null,'丽园路','浦东',null,null,2,null,null);
--------------------------------------------------------
--  DDL for Index VEHICLE_ALENDAR_PK
--------------------------------------------------------

  CREATE UNIQUE INDEX "OA"."VEHICLE_ALENDAR_PK" ON "OA"."VEHICLE_CALENDAR" ("ID") 
  ;
--------------------------------------------------------
--  DDL for Index DEPARTMENT_PK
--------------------------------------------------------

  CREATE UNIQUE INDEX "OA"."DEPARTMENT_PK" ON "OA"."DEPARTMENTS" ("DEPT_ID") 
  ;
--------------------------------------------------------
--  DDL for Index TASKS_PK
--------------------------------------------------------

  CREATE UNIQUE INDEX "OA"."TASKS_PK" ON "OA"."TASKS" ("ID") 
  ;
--------------------------------------------------------
--  DDL for Index CLASSROOM_BATCH_RESERVATI_PK
--------------------------------------------------------

  CREATE UNIQUE INDEX "OA"."CLASSROOM_BATCH_RESERVATI_PK" ON "OA"."CLASSROOM_BATCH_RESERVATION" ("ID") 
  ;
--------------------------------------------------------
--  DDL for Index LOCATIONS_PK
--------------------------------------------------------

  CREATE UNIQUE INDEX "OA"."LOCATIONS_PK" ON "OA"."LOCATIONS" ("LOCATION_ID") 
  ;
--------------------------------------------------------
--  DDL for Index HELPDESK_CALLS_PK
--------------------------------------------------------

  CREATE UNIQUE INDEX "OA"."HELPDESK_CALLS_PK" ON "OA"."HELPDESK_CALLS" ("CALL_ID") 
  ;
--------------------------------------------------------
--  DDL for Index PS_TXN_IDX
--------------------------------------------------------

  CREATE INDEX "OA"."PS_TXN_IDX" ON "OA"."PS_TXN" ("COLLID", "ID") REVERSE 
  ;
--------------------------------------------------------
--  DDL for Index ROLE_MENUS_PK
--------------------------------------------------------

  CREATE UNIQUE INDEX "OA"."ROLE_MENUS_PK" ON "OA"."ROLE_MENUS" ("ROLE_ID", "MENU_ID") 
  ;
--------------------------------------------------------
--  DDL for Index NOTIFICATIONS_PK
--------------------------------------------------------

  CREATE UNIQUE INDEX "OA"."NOTIFICATIONS_PK" ON "OA"."NOTIFICATIONS" ("ID") 
  ;
--------------------------------------------------------
--  DDL for Index EMPLOYEES_PK
--------------------------------------------------------

  CREATE UNIQUE INDEX "OA"."EMPLOYEES_PK" ON "OA"."EMPLOYEES" ("ID") 
  ;
--------------------------------------------------------
--  DDL for Index CLASSROOM_BATCH_RESERVATI_UK1
--------------------------------------------------------

  CREATE UNIQUE INDEX "OA"."CLASSROOM_BATCH_RESERVATI_UK1" ON "OA"."CLASSROOM_BATCH_RESERVATION" ("BATCH_NO") 
  ;
--------------------------------------------------------
--  DDL for Index PURCHASE_ORDERS_PK
--------------------------------------------------------

  CREATE UNIQUE INDEX "OA"."PURCHASE_ORDERS_PK" ON "OA"."PURCHASE_ORDERS" ("ORDER_ID") 
  ;
--------------------------------------------------------
--  DDL for Index ROLE_USERS_PK
--------------------------------------------------------

  CREATE UNIQUE INDEX "OA"."ROLE_USERS_PK" ON "OA"."ROLE_USERS" ("ROLE_ID", "USER_ID") 
  ;
--------------------------------------------------------
--  DDL for Index ANNOUNCEMENTS_PK
--------------------------------------------------------

  CREATE UNIQUE INDEX "OA"."ANNOUNCEMENTS_PK" ON "OA"."ANNOUNCEMENTS" ("ID") 
  ;
--------------------------------------------------------
--  DDL for Index LOVS_PK
--------------------------------------------------------

  CREATE UNIQUE INDEX "OA"."LOVS_PK" ON "OA"."LOVS" ("ID") 
  ;
--------------------------------------------------------
--  DDL for Index PURCHASE_ORDER_ITEMS_PK
--------------------------------------------------------

  CREATE UNIQUE INDEX "OA"."PURCHASE_ORDER_ITEMS_PK" ON "OA"."PURCHASE_ORDER_LINES" ("ORDER_LINE_ID") 
  ;
--------------------------------------------------------
--  DDL for Index REPAIR_CALLS_PK
--------------------------------------------------------

  CREATE UNIQUE INDEX "OA"."REPAIR_CALLS_PK" ON "OA"."REPAIR_CALLS" ("CALL_ID") 
  ;
--------------------------------------------------------
--  DDL for Index ROLES_PK
--------------------------------------------------------

  CREATE UNIQUE INDEX "OA"."ROLES_PK" ON "OA"."ROLES" ("ROLE_ID") 
  ;
--------------------------------------------------------
--  DDL for Index MENUS_PK
--------------------------------------------------------

  CREATE UNIQUE INDEX "OA"."MENUS_PK" ON "OA"."MENUS" ("MENU_ID") 
  ;
--------------------------------------------------------
--  DDL for Index PURCHASE_ORDER_HISTORYS_PK
--------------------------------------------------------

  CREATE UNIQUE INDEX "OA"."PURCHASE_ORDER_HISTORYS_PK" ON "OA"."PURCHASE_ORDER_HISTORYS" ("ORDER_HISTORY_ID") 
  ;
--------------------------------------------------------
--  DDL for Index CLASSROOM_CALENDAR_PK
--------------------------------------------------------

  CREATE UNIQUE INDEX "OA"."CLASSROOM_CALENDAR_PK" ON "OA"."CLASSROOM_CALENDAR" ("ID") 
  ;
--------------------------------------------------------
--  Constraints for Table ANNOUNCEMENTS
--------------------------------------------------------

  ALTER TABLE "OA"."ANNOUNCEMENTS" ADD CONSTRAINT "ANNOUNCEMENTS_PK" PRIMARY KEY ("ID") ENABLE;
 
  ALTER TABLE "OA"."ANNOUNCEMENTS" MODIFY ("ID" NOT NULL ENABLE);
--------------------------------------------------------
--  Constraints for Table PURCHASE_ORDER_LINES
--------------------------------------------------------

  ALTER TABLE "OA"."PURCHASE_ORDER_LINES" ADD CONSTRAINT "PURCHASE_ORDER_ITEMS_PK" PRIMARY KEY ("ORDER_LINE_ID") ENABLE;
 
  ALTER TABLE "OA"."PURCHASE_ORDER_LINES" MODIFY ("ORDER_LINE_ID" NOT NULL ENABLE);
--------------------------------------------------------
--  Constraints for Table ROLE_MENUS
--------------------------------------------------------

  ALTER TABLE "OA"."ROLE_MENUS" ADD CONSTRAINT "ROLE_MENUS_PK" PRIMARY KEY ("ROLE_ID", "MENU_ID") ENABLE;
 
  ALTER TABLE "OA"."ROLE_MENUS" MODIFY ("ROLE_ID" NOT NULL ENABLE);
 
  ALTER TABLE "OA"."ROLE_MENUS" MODIFY ("MENU_ID" NOT NULL ENABLE);
--------------------------------------------------------
--  Constraints for Table EMPLOYEES
--------------------------------------------------------

  ALTER TABLE "OA"."EMPLOYEES" ADD CONSTRAINT "EMPLOYEES_PK" PRIMARY KEY ("ID") ENABLE;
 
  ALTER TABLE "OA"."EMPLOYEES" MODIFY ("USER_NAME" NOT NULL ENABLE);
 
  ALTER TABLE "OA"."EMPLOYEES" MODIFY ("PASSWORD" NOT NULL ENABLE);
 
  ALTER TABLE "OA"."EMPLOYEES" MODIFY ("ID" NOT NULL ENABLE);
--------------------------------------------------------
--  Constraints for Table HELPDESK_CALLS
--------------------------------------------------------

  ALTER TABLE "OA"."HELPDESK_CALLS" ADD CONSTRAINT "HELPDESK_CALLS_PK" PRIMARY KEY ("CALL_ID") ENABLE;
 
  ALTER TABLE "OA"."HELPDESK_CALLS" MODIFY ("CALL_READABLE_ID" NOT NULL ENABLE);
 
  ALTER TABLE "OA"."HELPDESK_CALLS" MODIFY ("CALL_ID" NOT NULL ENABLE);
--------------------------------------------------------
--  Constraints for Table REPAIR_CALLS
--------------------------------------------------------

  ALTER TABLE "OA"."REPAIR_CALLS" ADD CONSTRAINT "REPAIR_CALLS_PK" PRIMARY KEY ("CALL_ID") ENABLE;
 
  ALTER TABLE "OA"."REPAIR_CALLS" MODIFY ("CALL_ID" NOT NULL ENABLE);
 
  ALTER TABLE "OA"."REPAIR_CALLS" MODIFY ("CALL_READABLE_ID" NOT NULL ENABLE);
--------------------------------------------------------
--  Constraints for Table PURCHASE_ORDERS
--------------------------------------------------------

  ALTER TABLE "OA"."PURCHASE_ORDERS" ADD CONSTRAINT "PURCHASE_ORDERS_PK" PRIMARY KEY ("ORDER_ID") ENABLE;
 
  ALTER TABLE "OA"."PURCHASE_ORDERS" MODIFY ("ORDER_ID" NOT NULL ENABLE);
 
  ALTER TABLE "OA"."PURCHASE_ORDERS" MODIFY ("ORDER_READABLE_ID" NOT NULL ENABLE);
--------------------------------------------------------
--  Constraints for Table ROLE_USERS
--------------------------------------------------------

  ALTER TABLE "OA"."ROLE_USERS" ADD CONSTRAINT "ROLE_USERS_PK" PRIMARY KEY ("ROLE_ID", "USER_ID") ENABLE;
 
  ALTER TABLE "OA"."ROLE_USERS" MODIFY ("ROLE_ID" NOT NULL ENABLE);
 
  ALTER TABLE "OA"."ROLE_USERS" MODIFY ("USER_ID" NOT NULL ENABLE);
--------------------------------------------------------
--  Constraints for Table MENUS
--------------------------------------------------------

  ALTER TABLE "OA"."MENUS" ADD CONSTRAINT "MENUS_PK" PRIMARY KEY ("MENU_ID") ENABLE;
 
  ALTER TABLE "OA"."MENUS" MODIFY ("MENU_ID" NOT NULL ENABLE);
--------------------------------------------------------
--  Constraints for Table CLASSROOM_CALENDAR
--------------------------------------------------------

  ALTER TABLE "OA"."CLASSROOM_CALENDAR" ADD CONSTRAINT "CLASSROOM_CALENDAR_PK" PRIMARY KEY ("ID") ENABLE;
 
  ALTER TABLE "OA"."CLASSROOM_CALENDAR" MODIFY ("ID" NOT NULL ENABLE);
--------------------------------------------------------
--  Constraints for Table LOVS
--------------------------------------------------------

  ALTER TABLE "OA"."LOVS" ADD CONSTRAINT "LOVS_PK" PRIMARY KEY ("ID") ENABLE;
 
  ALTER TABLE "OA"."LOVS" MODIFY ("ID" NOT NULL ENABLE);
--------------------------------------------------------
--  Constraints for Table NOTIFICATIONS
--------------------------------------------------------

  ALTER TABLE "OA"."NOTIFICATIONS" ADD CONSTRAINT "NOTIFICATIONS_PK" PRIMARY KEY ("ID") ENABLE;
 
  ALTER TABLE "OA"."NOTIFICATIONS" MODIFY ("ID" NOT NULL ENABLE);
--------------------------------------------------------
--  Constraints for Table LOCATIONS
--------------------------------------------------------

  ALTER TABLE "OA"."LOCATIONS" ADD CONSTRAINT "LOCATIONS_PK" PRIMARY KEY ("LOCATION_ID") ENABLE;
 
  ALTER TABLE "OA"."LOCATIONS" MODIFY ("LOCATION_ID" NOT NULL ENABLE);
--------------------------------------------------------
--  Constraints for Table DEPARTMENTS
--------------------------------------------------------

  ALTER TABLE "OA"."DEPARTMENTS" ADD CONSTRAINT "DEPARTMENT_PK" PRIMARY KEY ("DEPT_ID") ENABLE;
 
  ALTER TABLE "OA"."DEPARTMENTS" MODIFY ("DEPT_ID" NOT NULL ENABLE);
--------------------------------------------------------
--  Constraints for Table VEHICLE_CALENDAR
--------------------------------------------------------

  ALTER TABLE "OA"."VEHICLE_CALENDAR" MODIFY ("ID" NOT NULL ENABLE);
 
  ALTER TABLE "OA"."VEHICLE_CALENDAR" ADD CONSTRAINT "VEHICLE_ALENDAR_PK" PRIMARY KEY ("ID") ENABLE;
--------------------------------------------------------
--  Constraints for Table PS_TXN
--------------------------------------------------------

  ALTER TABLE "OA"."PS_TXN" ADD CONSTRAINT "PS_TXN_PK" PRIMARY KEY ("COLLID", "ID") ENABLE;
--------------------------------------------------------
--  Constraints for Table CLASSROOM_BATCH_RESERVATION
--------------------------------------------------------

  ALTER TABLE "OA"."CLASSROOM_BATCH_RESERVATION" ADD CONSTRAINT "CLASSROOM_BATCH_RESERVATI_PK" PRIMARY KEY ("ID") ENABLE;
 
  ALTER TABLE "OA"."CLASSROOM_BATCH_RESERVATION" ADD CONSTRAINT "CLASSROOM_BATCH_RESERVATI_UK1" UNIQUE ("BATCH_NO") ENABLE;
 
  ALTER TABLE "OA"."CLASSROOM_BATCH_RESERVATION" MODIFY ("ID" NOT NULL ENABLE);
--------------------------------------------------------
--  Constraints for Table TASKS
--------------------------------------------------------

  ALTER TABLE "OA"."TASKS" MODIFY ("ID" NOT NULL ENABLE);
 
  ALTER TABLE "OA"."TASKS" ADD CONSTRAINT "TASKS_PK" PRIMARY KEY ("ID") ENABLE;
--------------------------------------------------------
--  Constraints for Table ROLES
--------------------------------------------------------

  ALTER TABLE "OA"."ROLES" ADD CONSTRAINT "ROLES_PK" PRIMARY KEY ("ROLE_ID") ENABLE;
 
  ALTER TABLE "OA"."ROLES" MODIFY ("ROLE_ID" NOT NULL ENABLE);
--------------------------------------------------------
--  Constraints for Table PURCHASE_ORDER_HISTORYS
--------------------------------------------------------

  ALTER TABLE "OA"."PURCHASE_ORDER_HISTORYS" ADD CONSTRAINT "PURCHASE_ORDER_HISTORYS_PK" PRIMARY KEY ("ORDER_HISTORY_ID") ENABLE;
 
  ALTER TABLE "OA"."PURCHASE_ORDER_HISTORYS" MODIFY ("ORDER_HISTORY_ID" NOT NULL ENABLE);
--------------------------------------------------------
--  DDL for Trigger ANNOUNCEMENTS_TRG
--------------------------------------------------------

  CREATE OR REPLACE TRIGGER "OA"."ANNOUNCEMENTS_TRG" BEFORE INSERT ON "OA"."ANNOUNCEMENTS"
FOR EACH ROW
BEGIN
  <<COLUMN_SEQUENCES>>
  BEGIN
    IF :NEW.ID IS NULL THEN
      SELECT ANNOUNCEMENTS_SEQ.NEXTVAL INTO :NEW.ID FROM DUAL;
    END IF;
  END COLUMN_SEQUENCES;
END;
/
ALTER TRIGGER "OA"."ANNOUNCEMENTS_TRG" ENABLE;
--------------------------------------------------------
--  DDL for Trigger CLASSROOM_BATCH_RESERVATI_TRG
--------------------------------------------------------

  CREATE OR REPLACE TRIGGER "OA"."CLASSROOM_BATCH_RESERVATI_TRG" BEFORE INSERT ON "OA"."CLASSROOM_BATCH_RESERVATION"
FOR EACH ROW
BEGIN
  <<COLUMN_SEQUENCES>>
  BEGIN
    IF :NEW.ID IS NULL THEN
      SELECT CLASSROOM_BATCH_RESERVATI_SEQ.NEXTVAL INTO :NEW.ID FROM DUAL;
    END IF;
  END COLUMN_SEQUENCES;
END;
/
ALTER TRIGGER "OA"."CLASSROOM_BATCH_RESERVATI_TRG" ENABLE;
--------------------------------------------------------
--  DDL for Trigger CLASSROOM_CALENDAR_TRG
--------------------------------------------------------

  CREATE OR REPLACE TRIGGER "OA"."CLASSROOM_CALENDAR_TRG" BEFORE INSERT ON "OA"."CLASSROOM_CALENDAR"
FOR EACH ROW
BEGIN
  <<COLUMN_SEQUENCES>>
  BEGIN
    IF :NEW.ID IS NULL THEN
      SELECT CLASSROOM_CALENDAR_SEQ.NEXTVAL INTO :NEW.ID FROM DUAL;
    END IF;
  END COLUMN_SEQUENCES;
END;
/
ALTER TRIGGER "OA"."CLASSROOM_CALENDAR_TRG" ENABLE;
--------------------------------------------------------
--  DDL for Trigger CONF_ROOM_CALENDAR_TRG
--------------------------------------------------------

  CREATE OR REPLACE TRIGGER "OA"."CONF_ROOM_CALENDAR_TRG" BEFORE INSERT ON "OA"."CONF_ROOM_CALENDAR"
FOR EACH ROW
BEGIN
  <<COLUMN_SEQUENCES>>
  BEGIN
    IF :NEW.ID IS NULL THEN
      SELECT CONF_ROOM_CALENDAR_SEQ.NEXTVAL INTO :NEW.ID FROM DUAL;
    END IF;
  END COLUMN_SEQUENCES;
END;
/
ALTER TRIGGER "OA"."CONF_ROOM_CALENDAR_TRG" ENABLE;
--------------------------------------------------------
--  DDL for Trigger DEPARTMENT_TRG
--------------------------------------------------------

  CREATE OR REPLACE TRIGGER "OA"."DEPARTMENT_TRG" BEFORE INSERT ON "OA"."DEPARTMENTS"
FOR EACH ROW
BEGIN
  <<COLUMN_SEQUENCES>>
  BEGIN
    IF :NEW.DEPT_ID IS NULL THEN
      SELECT DEPARTMENT_SEQ.NEXTVAL INTO :NEW.DEPT_ID FROM DUAL;
    END IF;
  END COLUMN_SEQUENCES;
END;
/
ALTER TRIGGER "OA"."DEPARTMENT_TRG" ENABLE;
--------------------------------------------------------
--  DDL for Trigger EMPLOYEES_TRG
--------------------------------------------------------

  CREATE OR REPLACE TRIGGER "OA"."EMPLOYEES_TRG" BEFORE INSERT ON "OA"."EMPLOYEES"
FOR EACH ROW
BEGIN
  <<COLUMN_SEQUENCES>>
  BEGIN
    IF :NEW.ID IS NULL THEN
      SELECT EMPLOYEES_SEQ.NEXTVAL INTO :NEW.ID FROM DUAL;
    END IF;
  END COLUMN_SEQUENCES;
END;
/
ALTER TRIGGER "OA"."EMPLOYEES_TRG" ENABLE;
--------------------------------------------------------
--  DDL for Trigger HELPDESK_CALLS_TRG
--------------------------------------------------------

  CREATE OR REPLACE TRIGGER "OA"."HELPDESK_CALLS_TRG" BEFORE INSERT ON "OA"."HELPDESK_CALLS"
FOR EACH ROW
declare
  seqid varchar2(20);
BEGIN
  <<COLUMN_SEQUENCES>>
  BEGIN
    IF :NEW.CALL_ID IS NULL THEN
      SELECT HELPDESK_CALLS_SEQ.NEXTVAL INTO seqid FROM DUAL;
      SELECT seqid INTO :NEW.CALL_ID FROM DUAL;
      SELECT 'BX-' || seqid INTO :NEW.CALL_READABLE_ID FROM DUAL;
    END IF;
  END COLUMN_SEQUENCES;
END;
/
ALTER TRIGGER "OA"."HELPDESK_CALLS_TRG" ENABLE;
--------------------------------------------------------
--  DDL for Trigger LOCATIONS_TRG
--------------------------------------------------------

  CREATE OR REPLACE TRIGGER "OA"."LOCATIONS_TRG" BEFORE INSERT ON "OA"."LOCATIONS"
FOR EACH ROW
BEGIN
  <<COLUMN_SEQUENCES>>
  BEGIN
    IF :NEW.LOCATION_ID IS NULL THEN
      SELECT 'LOC-'||LOCATIONS_SEQ.NEXTVAL INTO :NEW.LOCATION_ID FROM DUAL;
    END IF;
  END COLUMN_SEQUENCES;
END;
/
ALTER TRIGGER "OA"."LOCATIONS_TRG" ENABLE;
--------------------------------------------------------
--  DDL for Trigger LOVS_TRG
--------------------------------------------------------

  CREATE OR REPLACE TRIGGER "OA"."LOVS_TRG" BEFORE INSERT ON "OA"."LOVS"
FOR EACH ROW
BEGIN
  <<COLUMN_SEQUENCES>>
  BEGIN
    IF :NEW.ID IS NULL THEN
      SELECT LOVS_SEQ.NEXTVAL INTO :NEW.ID FROM DUAL;
    END IF;
  END COLUMN_SEQUENCES;
END;
/
ALTER TRIGGER "OA"."LOVS_TRG" ENABLE;
--------------------------------------------------------
--  DDL for Trigger NOTIFICATIONS_TRG
--------------------------------------------------------

  CREATE OR REPLACE TRIGGER "OA"."NOTIFICATIONS_TRG" BEFORE INSERT ON "OA"."NOTIFICATIONS"
FOR EACH ROW
BEGIN
  <<COLUMN_SEQUENCES>>
  BEGIN
    IF :NEW.ID IS NULL THEN
      SELECT NOTIFICATIONS_SEQ.NEXTVAL INTO :NEW.ID FROM DUAL;
    END IF;
  END COLUMN_SEQUENCES;
END;
/
ALTER TRIGGER "OA"."NOTIFICATIONS_TRG" ENABLE;
--------------------------------------------------------
--  DDL for Trigger PURCHASE_ORDERS_TRG
--------------------------------------------------------

  CREATE OR REPLACE TRIGGER "OA"."PURCHASE_ORDERS_TRG" BEFORE INSERT ON "OA"."PURCHASE_ORDERS"
FOR EACH ROW
declare
  seqid varchar2(20);
BEGIN
  <<COLUMN_SEQUENCES>>
  BEGIN
    IF :NEW.ORDER_ID IS NULL THEN
      SELECT PURCHASE_ORDERS_SEQ.NEXTVAL INTO seqid FROM DUAL;
      SELECT seqid INTO :NEW.ORDER_ID FROM DUAL;
      SELECT 'CG-' || seqid INTO :NEW.ORDER_READABLE_ID FROM DUAL;
    END IF;
  END COLUMN_SEQUENCES;
END;
/
ALTER TRIGGER "OA"."PURCHASE_ORDERS_TRG" ENABLE;
--------------------------------------------------------
--  DDL for Trigger PURCHASE_ORDER_HISTORYS_TRG
--------------------------------------------------------

  CREATE OR REPLACE TRIGGER "OA"."PURCHASE_ORDER_HISTORYS_TRG" BEFORE INSERT ON "OA"."PURCHASE_ORDER_HISTORYS"
FOR EACH ROW
BEGIN
  <<COLUMN_SEQUENCES>>
  BEGIN
    IF :NEW.ORDER_HISTORY_ID IS NULL THEN
      SELECT PURCHASE_ORDER_HISTORYS_SEQ.NEXTVAL INTO :NEW.ORDER_HISTORY_ID FROM DUAL;
    END IF;
  END COLUMN_SEQUENCES;
END;
/
ALTER TRIGGER "OA"."PURCHASE_ORDER_HISTORYS_TRG" ENABLE;
--------------------------------------------------------
--  DDL for Trigger PURCHASE_ORDER_LINES_TRG
--------------------------------------------------------

  CREATE OR REPLACE TRIGGER "OA"."PURCHASE_ORDER_LINES_TRG" BEFORE INSERT ON "OA"."PURCHASE_ORDER_LINES"
FOR EACH ROW
BEGIN
  <<COLUMN_SEQUENCES>>
  BEGIN
    IF :NEW.ORDER_LINE_ID IS NULL THEN
      SELECT PURCHASE_ORDER_LINES_SEQ.NEXTVAL INTO :NEW.ORDER_LINE_ID FROM DUAL;
    END IF;
  END COLUMN_SEQUENCES;
END;
/
ALTER TRIGGER "OA"."PURCHASE_ORDER_LINES_TRG" ENABLE;
--------------------------------------------------------
--  DDL for Trigger REPAIR_CALLS_TRG
--------------------------------------------------------

  CREATE OR REPLACE TRIGGER "OA"."REPAIR_CALLS_TRG" BEFORE INSERT ON "OA"."REPAIR_CALLS"
FOR EACH ROW
declare
  seqid varchar2(20);
BEGIN
  <<COLUMN_SEQUENCES>>
  BEGIN
    IF :NEW.CALL_ID IS NULL THEN
      SELECT REPAIR_CALLS_SEQ.NEXTVAL INTO seqid FROM DUAL;
      SELECT seqid INTO :NEW.CALL_ID FROM DUAL;
      SELECT 'BX-' || seqid INTO :NEW.CALL_READABLE_ID FROM DUAL;
    END IF;
  END COLUMN_SEQUENCES;
END;
/
ALTER TRIGGER "OA"."REPAIR_CALLS_TRG" ENABLE;
--------------------------------------------------------
--  DDL for Trigger ROLES_TRG
--------------------------------------------------------

  CREATE OR REPLACE TRIGGER "OA"."ROLES_TRG" BEFORE INSERT ON "OA"."ROLES"
FOR EACH ROW
BEGIN
  <<COLUMN_SEQUENCES>>
  BEGIN
    IF :NEW.ROLE_ID IS NULL THEN
      SELECT ROLES_SEQ.NEXTVAL INTO :NEW.ROLE_ID FROM DUAL;
    END IF;
  END COLUMN_SEQUENCES;
END;
/
ALTER TRIGGER "OA"."ROLES_TRG" ENABLE;
--------------------------------------------------------
--  DDL for Trigger TASKS_TRG
--------------------------------------------------------

  CREATE OR REPLACE TRIGGER "OA"."TASKS_TRG" BEFORE INSERT ON "OA"."TASKS"
FOR EACH ROW
BEGIN
  <<COLUMN_SEQUENCES>>
  BEGIN
    IF :NEW.ID IS NULL THEN
      SELECT TASKS_SEQ.NEXTVAL INTO :NEW.ID FROM DUAL;
    END IF;
  END COLUMN_SEQUENCES;
END;
/
ALTER TRIGGER "OA"."TASKS_TRG" ENABLE;
--------------------------------------------------------
--  DDL for Trigger VEHICLE_ALENDAR_TRG
--------------------------------------------------------

  CREATE OR REPLACE TRIGGER "OA"."VEHICLE_ALENDAR_TRG" BEFORE INSERT ON "OA"."VEHICLE_CALENDAR"
FOR EACH ROW
BEGIN
  <<COLUMN_SEQUENCES>>
  BEGIN
    IF :NEW.ID IS NULL THEN
      SELECT VEHICLE_ALENDAR_SEQ.NEXTVAL INTO :NEW.ID FROM DUAL;
    END IF;
  END COLUMN_SEQUENCES;
END;
/
ALTER TRIGGER "OA"."VEHICLE_ALENDAR_TRG" ENABLE;



