ALTER SESSION SET NLS_DATE_LANGUAGE='AMERICAN';
--------------------------------------------------------
--  File created - Sunday-February-17-2013   
--------------------------------------------------------
  DROP TABLE "OA"."ANNOUNCEMENTS";
  DROP TABLE "OA"."CLASSROOM_BATCH_RESERVATION";
  DROP TABLE "OA"."CLASSROOM_CALENDAR";
  DROP TABLE "OA"."CONF_ROOM_CALENDAR";
  DROP TABLE "OA"."DEPARTMENTS";
  DROP TABLE "OA"."EMPLOYEES";
  DROP TABLE "OA"."HELPDESK_CALLS";
  DROP TABLE "OA"."LOCATIONS";
  DROP TABLE "OA"."LOVS";
  DROP TABLE "OA"."MENUS";
  DROP TABLE "OA"."NOTIFICATIONS";
  DROP TABLE "OA"."PS_TXN";
  DROP TABLE "OA"."PURCHASE_ORDERS";
  DROP TABLE "OA"."PURCHASE_ORDER_HISTORYS";
  DROP TABLE "OA"."PURCHASE_ORDER_LINES";
  DROP TABLE "OA"."REPAIR_CALLS";
  DROP TABLE "OA"."ROLES";
  DROP TABLE "OA"."ROLE_MENUS";
  DROP TABLE "OA"."ROLE_USERS";
  DROP TABLE "OA"."TASKS";
  DROP TABLE "OA"."VEHICLE_CALENDAR";
  DROP SEQUENCE "OA"."ANNOUNCEMENTS_SEQ";
  DROP SEQUENCE "OA"."CLASSROOM_BATCH_RESERVATI_SEQ";
  DROP SEQUENCE "OA"."CLASSROOM_CALENDAR_SEQ";
  DROP SEQUENCE "OA"."CONF_ROOM_CALENDAR_SEQ";
  DROP SEQUENCE "OA"."DEPARTMENT_SEQ";
  DROP SEQUENCE "OA"."EMPLOYEES_SEQ";
  DROP SEQUENCE "OA"."HELPDESK_CALLS_SEQ";
  DROP SEQUENCE "OA"."LOCATIONS_SEQ";
  DROP SEQUENCE "OA"."LOVS_SEQ";
  DROP SEQUENCE "OA"."NOTIFICATIONS_SEQ";
  DROP SEQUENCE "OA"."PS_TXN_SEQ";
  DROP SEQUENCE "OA"."PURCHASE_ORDERS_SEQ";
  DROP SEQUENCE "OA"."PURCHASE_ORDER_HISTORYS_SEQ";
  DROP SEQUENCE "OA"."PURCHASE_ORDER_LINES_SEQ";
  DROP SEQUENCE "OA"."REPAIR_CALLS_SEQ";
  DROP SEQUENCE "OA"."ROLES_SEQ";
  DROP SEQUENCE "OA"."TASKS_SEQ";
  DROP SEQUENCE "OA"."VEHICLE_ALENDAR_SEQ";
  DROP TYPE "OA"."CHARTABLETYPE";
--------------------------------------------------------
--  DDL for Type CHARTABLETYPE
--------------------------------------------------------

  CREATE OR REPLACE TYPE "OA"."CHARTABLETYPE" as table of varchar2(4000);

/

--------------------------------------------------------
--  DDL for Sequence ANNOUNCEMENTS_SEQ
--------------------------------------------------------

   CREATE SEQUENCE  "OA"."ANNOUNCEMENTS_SEQ"  MINVALUE 1 MAXVALUE 9999999999999999999999999999 INCREMENT BY 1 START WITH 1 CACHE 20 NOORDER  NOCYCLE ;
--------------------------------------------------------
--  DDL for Sequence CLASSROOM_BATCH_RESERVATI_SEQ
--------------------------------------------------------

   CREATE SEQUENCE  "OA"."CLASSROOM_BATCH_RESERVATI_SEQ"  MINVALUE 1 MAXVALUE 9999999999999999999999999999 INCREMENT BY 1 START WITH 65 CACHE 20 NOORDER  NOCYCLE ;
--------------------------------------------------------
--  DDL for Sequence CLASSROOM_CALENDAR_SEQ
--------------------------------------------------------

   CREATE SEQUENCE  "OA"."CLASSROOM_CALENDAR_SEQ"  MINVALUE 1 MAXVALUE 9999999999999999999999999999 INCREMENT BY 1 START WITH 446 CACHE 20 NOORDER  NOCYCLE ;
--------------------------------------------------------
--  DDL for Sequence CONF_ROOM_CALENDAR_SEQ
--------------------------------------------------------

   CREATE SEQUENCE  "OA"."CONF_ROOM_CALENDAR_SEQ"  MINVALUE 1 MAXVALUE 9999999999999999999999999999 INCREMENT BY 1 START WITH 44 CACHE 20 NOORDER  NOCYCLE ;
--------------------------------------------------------
--  DDL for Sequence DEPARTMENT_SEQ
--------------------------------------------------------

   CREATE SEQUENCE  "OA"."DEPARTMENT_SEQ"  MINVALUE 1 MAXVALUE 9999999999999999999999999999 INCREMENT BY 1 START WITH 45 CACHE 20 NOORDER  NOCYCLE ;
--------------------------------------------------------
--  DDL for Sequence EMPLOYEES_SEQ
--------------------------------------------------------

   CREATE SEQUENCE  "OA"."EMPLOYEES_SEQ"  MINVALUE 1 MAXVALUE 9999999999999999999999999999 INCREMENT BY 1 START WITH 67 CACHE 20 NOORDER  NOCYCLE ;
--------------------------------------------------------
--  DDL for Sequence HELPDESK_CALLS_SEQ
--------------------------------------------------------

   CREATE SEQUENCE  "OA"."HELPDESK_CALLS_SEQ"  MINVALUE 1 MAXVALUE 9999999999999999999999999999 INCREMENT BY 1 START WITH 41 CACHE 20 NOORDER  NOCYCLE ;
--------------------------------------------------------
--  DDL for Sequence LOCATIONS_SEQ
--------------------------------------------------------

   CREATE SEQUENCE  "OA"."LOCATIONS_SEQ"  MINVALUE 1 MAXVALUE 9999999999999999999999999999 INCREMENT BY 1 START WITH 1 CACHE 20 NOORDER  NOCYCLE ;
--------------------------------------------------------
--  DDL for Sequence LOVS_SEQ
--------------------------------------------------------

   CREATE SEQUENCE  "OA"."LOVS_SEQ"  MINVALUE 1 MAXVALUE 9999999999999999999999999999 INCREMENT BY 1 START WITH 61 CACHE 20 NOORDER  NOCYCLE ;
--------------------------------------------------------
--  DDL for Sequence NOTIFICATIONS_SEQ
--------------------------------------------------------

   CREATE SEQUENCE  "OA"."NOTIFICATIONS_SEQ"  MINVALUE 1 MAXVALUE 9999999999999999999999999999 INCREMENT BY 1 START WITH 83 CACHE 20 NOORDER  NOCYCLE ;
--------------------------------------------------------
--  DDL for Sequence PS_TXN_SEQ
--------------------------------------------------------

   CREATE SEQUENCE  "OA"."PS_TXN_SEQ"  MINVALUE 1 MAXVALUE 9999999999999999999999999999 INCREMENT BY 50 START WITH 9001 CACHE 20 NOORDER  NOCYCLE ;
--------------------------------------------------------
--  DDL for Sequence PURCHASE_ORDERS_SEQ
--------------------------------------------------------

   CREATE SEQUENCE  "OA"."PURCHASE_ORDERS_SEQ"  MINVALUE 1 MAXVALUE 9999999999999999999999999999 INCREMENT BY 1 START WITH 1 CACHE 20 NOORDER  NOCYCLE ;
--------------------------------------------------------
--  DDL for Sequence PURCHASE_ORDER_HISTORYS_SEQ
--------------------------------------------------------

   CREATE SEQUENCE  "OA"."PURCHASE_ORDER_HISTORYS_SEQ"  MINVALUE 1 MAXVALUE 9999999999999999999999999999 INCREMENT BY 1 START WITH 1 CACHE 20 NOORDER  NOCYCLE ;
--------------------------------------------------------
--  DDL for Sequence PURCHASE_ORDER_LINES_SEQ
--------------------------------------------------------

   CREATE SEQUENCE  "OA"."PURCHASE_ORDER_LINES_SEQ"  MINVALUE 1 MAXVALUE 9999999999999999999999999999 INCREMENT BY 1 START WITH 1 CACHE 20 NOORDER  NOCYCLE ;
--------------------------------------------------------
--  DDL for Sequence REPAIR_CALLS_SEQ
--------------------------------------------------------

   CREATE SEQUENCE  "OA"."REPAIR_CALLS_SEQ"  MINVALUE 1 MAXVALUE 9999999999999999999999999999 INCREMENT BY 1 START WITH 1 CACHE 20 NOORDER  NOCYCLE ;
--------------------------------------------------------
--  DDL for Sequence ROLES_SEQ
--------------------------------------------------------

   CREATE SEQUENCE  "OA"."ROLES_SEQ"  MINVALUE 1 MAXVALUE 9999999999999999999999999999 INCREMENT BY 1 START WITH 42 CACHE 20 NOORDER  NOCYCLE ;
--------------------------------------------------------
--  DDL for Sequence TASKS_SEQ
--------------------------------------------------------

   CREATE SEQUENCE  "OA"."TASKS_SEQ"  MINVALUE 1 MAXVALUE 9999999999999999999999999999 INCREMENT BY 1 START WITH 74 CACHE 20 NOORDER  NOCYCLE ;
--------------------------------------------------------
--  DDL for Sequence VEHICLE_ALENDAR_SEQ
--------------------------------------------------------

   CREATE SEQUENCE  "OA"."VEHICLE_ALENDAR_SEQ"  MINVALUE 1 MAXVALUE 9999999999999999999999999999 INCREMENT BY 1 START WITH 63 CACHE 20 NOORDER  NOCYCLE ;
--------------------------------------------------------
--  DDL for Table ANNOUNCEMENTS
--------------------------------------------------------

  CREATE TABLE "OA"."ANNOUNCEMENTS" 
   (	"ID" VARCHAR2(20 BYTE), 
	"SENDER_ID" VARCHAR2(20 BYTE), 
	"SENDER_NAME" VARCHAR2(20 BYTE), 
	"TITLE" VARCHAR2(200 BYTE), 
	"CONTENT" VARCHAR2(2000 BYTE), 
	"ATTACHMENT_PATH" VARCHAR2(100 BYTE), 
	"SENT_DATE" DATE, 
	"EXPIRE_DATE" DATE, 
	"CATEGORY" VARCHAR2(20 BYTE), 
	"IMPORTANCE" VARCHAR2(20 BYTE)
   ) ;
--------------------------------------------------------
--  DDL for Table CLASSROOM_BATCH_RESERVATION
--------------------------------------------------------

  CREATE TABLE "OA"."CLASSROOM_BATCH_RESERVATION" 
   (	"ID" VARCHAR2(20 BYTE), 
	"BATCH_NO" VARCHAR2(20 BYTE), 
	"ACT_TITLE" VARCHAR2(200 BYTE), 
	"ACT_START_TIME" TIMESTAMP (6), 
	"ACT_END_TIME" TIMESTAMP (6), 
	"USER_ID" VARCHAR2(20 BYTE), 
	"USER_DISPLAY_NAME" VARCHAR2(20 BYTE), 
	"NUM_OF_PEOPLE" NUMBER(*,0), 
	"CLASSROOM" VARCHAR2(20 BYTE), 
	"COMMENTS" VARCHAR2(200 BYTE), 
	"BATCH_EFFECTIVE_DATE" DATE, 
	"BATCH_EXPIRE_DATE" DATE, 
	"RECURRENCE_TYPE" VARCHAR2(20 BYTE), 
	"FST_WK_MON" VARCHAR2(20 BYTE), 
	"FST_WK_TUE" VARCHAR2(20 BYTE), 
	"FST_WK_WED" VARCHAR2(20 BYTE), 
	"FST_WK_THU" VARCHAR2(20 BYTE), 
	"FST_WK_FRI" VARCHAR2(20 BYTE), 
	"FST_WK_SAT" VARCHAR2(20 BYTE), 
	"FST_WK_SUN" VARCHAR2(20 BYTE), 
	"SND_WK_MON" VARCHAR2(20 BYTE), 
	"SND_WK_TUE" VARCHAR2(20 BYTE), 
	"SND_WK_WED" VARCHAR2(20 BYTE), 
	"SND_WK_THU" VARCHAR2(20 BYTE), 
	"SND_WK_FRI" VARCHAR2(20 BYTE), 
	"SND_WK_SAT" VARCHAR2(20 BYTE), 
	"SND_WK_SUN" VARCHAR2(20 BYTE), 
	"LOCATION_ID" VARCHAR2(20 BYTE), 
	"LOCATION_NAME" VARCHAR2(20 BYTE), 
	"CLASSROOM_ID" VARCHAR2(20 BYTE), 
	"ALL_DAY" VARCHAR2(10 BYTE)
   ) ;
--------------------------------------------------------
--  DDL for Table CLASSROOM_CALENDAR
--------------------------------------------------------

  CREATE TABLE "OA"."CLASSROOM_CALENDAR" 
   (	"ID" VARCHAR2(20 BYTE), 
	"ACT_TITLE" VARCHAR2(200 BYTE), 
	"ACT_START_TIME" TIMESTAMP (6), 
	"ACT_END_TIME" TIMESTAMP (6), 
	"USER_ID" VARCHAR2(20 BYTE), 
	"USER_DISPLAY_NAME" VARCHAR2(20 BYTE), 
	"NUM_OF_PEOPLE" NUMBER(*,0), 
	"CLASSROOM" VARCHAR2(50 BYTE), 
	"COMMENTS" VARCHAR2(200 BYTE), 
	"CREATED_AT" DATE, 
	"BATCH_ID" VARCHAR2(20 BYTE), 
	"BATCH_NO" VARCHAR2(20 BYTE), 
	"LOCATION_ID" VARCHAR2(20 BYTE), 
	"LOCATION_NAME" VARCHAR2(20 BYTE), 
	"CLASSROOM_ID" VARCHAR2(20 BYTE), 
	"ALL_DAY" VARCHAR2(10 BYTE)
   ) ;
--------------------------------------------------------
--  DDL for Table CONF_ROOM_CALENDAR
--------------------------------------------------------

  CREATE TABLE "OA"."CONF_ROOM_CALENDAR" 
   (	"ID" VARCHAR2(20 BYTE), 
	"USER_ID" VARCHAR2(20 BYTE), 
	"USER_DISPLAY_NAME" VARCHAR2(20 BYTE), 
	"LOCATION_ID" VARCHAR2(20 BYTE), 
	"LOCATION_NAME" VARCHAR2(20 BYTE), 
	"MEETING_ROOM" VARCHAR2(20 BYTE), 
	"MEETING_ROOM_ID" VARCHAR2(20 BYTE), 
	"TITLE" VARCHAR2(50 BYTE), 
	"PARTICIPANTS" VARCHAR2(100 BYTE), 
	"START_TIME" TIMESTAMP (6), 
	"END_TIME" TIMESTAMP (6), 
	"COMMENTS" VARCHAR2(500 BYTE), 
	"NEED_PROJECTOR" VARCHAR2(5 BYTE), 
	"NEED_LOUDSPEAKER" VARCHAR2(5 BYTE), 
	"NEED_BEVERAGE" VARCHAR2(5 BYTE), 
	"NEED_FRUITS" VARCHAR2(5 BYTE), 
	"NEED_SNACKS" VARCHAR2(5 BYTE), 
	"SNACK_LEVEL" VARCHAR2(20 BYTE), 
	"NUM_OF_PEOPLE" NUMBER, 
	"STATE" VARCHAR2(20 BYTE), 
	"PR_ID" VARCHAR2(20 BYTE), 
	"ALLDAY" VARCHAR2(20 BYTE)
   ) ;
--------------------------------------------------------
--  DDL for Table DEPARTMENTS
--------------------------------------------------------

  CREATE TABLE "OA"."DEPARTMENTS" 
   (	"DEPT_ID" VARCHAR2(20 BYTE), 
	"DEPT_NAME" VARCHAR2(50 BYTE), 
	"LOCATION_ID" VARCHAR2(20 BYTE), 
	"MGR_ID" VARCHAR2(20 BYTE), 
	"CREATED_AT" DATE, 
	"CREATED_BY" VARCHAR2(20 BYTE), 
	"LAST_UPDATED_AT" DATE, 
	"LAST_UPDATED_BY" VARCHAR2(20 BYTE), 
	"MGR_NAME" VARCHAR2(20 BYTE), 
	"EXPIRED" VARCHAR2(20 BYTE)
   ) ;
--------------------------------------------------------
--  DDL for Table EMPLOYEES
--------------------------------------------------------

  CREATE TABLE "OA"."EMPLOYEES" 
   (	"USER_NAME" VARCHAR2(20 BYTE), 
	"PASSWORD" VARCHAR2(20 BYTE), 
	"FIRST_NAME" VARCHAR2(20 BYTE), 
	"LAST_NAME" VARCHAR2(20 BYTE), 
	"GENDER" VARCHAR2(20 BYTE), 
	"MGR_ID" VARCHAR2(20 BYTE), 
	"DEPT_ID" VARCHAR2(20 BYTE), 
	"EMAIL" VARCHAR2(100 BYTE), 
	"MOBILE" VARCHAR2(20 BYTE), 
	"OFFICE_PHONE" VARCHAR2(20 BYTE), 
	"HOME_PHONE" VARCHAR2(20 BYTE), 
	"FAX" VARCHAR2(20 BYTE), 
	"LOCATION_ID" VARCHAR2(20 BYTE), 
	"HOME_ADDRESS" VARCHAR2(20 BYTE), 
	"OFFICE_ADDRESS" VARCHAR2(20 BYTE), 
	"PHOTO" BLOB, 
	"LAST_UPDATED_BY" VARCHAR2(20 BYTE), 
	"LAST_UPDATED_AT" DATE, 
	"CREATED_BY" VARCHAR2(20 BYTE), 
	"CREATED_AT" DATE, 
	"TITLE" VARCHAR2(20 BYTE), 
	"ID" VARCHAR2(20 BYTE), 
	"MGR_NAME" VARCHAR2(20 BYTE), 
	"DEPT_NAME" VARCHAR2(20 BYTE), 
	"EXPIRED" VARCHAR2(20 BYTE)
   ) 
 LOB ("PHOTO") STORE AS BASICFILE "SYS_LOB0000020052C00016$$"(ENABLE STORAGE IN ROW CHUNK 8192 RETENTION 
  NOCACHE LOGGING ) ;
--------------------------------------------------------
--  DDL for Table HELPDESK_CALLS
--------------------------------------------------------

  CREATE TABLE "OA"."HELPDESK_CALLS" 
   (	"CALL_ID" VARCHAR2(20 BYTE), 
	"CALL_READABLE_ID" VARCHAR2(30 BYTE), 
	"CALLER_ID" VARCHAR2(20 BYTE), 
	"CALLEE_ID" VARCHAR2(20 BYTE), 
	"LOCATION_ID" VARCHAR2(20 BYTE), 
	"LOCATION_DETAIL" VARCHAR2(200 BYTE), 
	"CREATE_BY" VARCHAR2(20 BYTE), 
	"CREATE_AT" DATE, 
	"LAST_UPDATED_BY" VARCHAR2(20 BYTE), 
	"LAST_UPDATED_AT" DATE, 
	"STATE" VARCHAR2(20 BYTE), 
	"CALL_RESULT" VARCHAR2(20 BYTE), 
	"CALL_RESULT_DETAIL" VARCHAR2(500 BYTE), 
	"CALL_EVAL" VARCHAR2(20 BYTE), 
	"CALL_EVAL_DETAIL" VARCHAR2(20 BYTE), 
	"REASON_LEVEL_1" VARCHAR2(40 BYTE), 
	"REASON_LEVEL_2" VARCHAR2(40 BYTE), 
	"REASON_LEVEL_3" VARCHAR2(40 BYTE), 
	"REASON_DETAIL" VARCHAR2(500 BYTE)
   ) ;
--------------------------------------------------------
--  DDL for Table LOCATIONS
--------------------------------------------------------

  CREATE TABLE "OA"."LOCATIONS" 
   (	"LOCATION_ID" VARCHAR2(20 BYTE), 
	"FAX" VARCHAR2(20 BYTE), 
	"STREET_ADDRESS" VARCHAR2(200 BYTE), 
	"POSTAL_CODE" VARCHAR2(20 BYTE), 
	"LOCATION_NAME" VARCHAR2(20 BYTE), 
	"FRONT_DESK_PHONE" VARCHAR2(20 BYTE), 
	"CREATED_AT" DATE, 
	"CREATED_BY" VARCHAR2(20 BYTE), 
	"LAST_UPDATED_AT" DATE, 
	"LAST_UPDATED_BY" VARCHAR2(20 BYTE), 
	"EXPIRED" VARCHAR2(20 BYTE)
   ) ;
--------------------------------------------------------
--  DDL for Table LOVS
--------------------------------------------------------

  CREATE TABLE "OA"."LOVS" 
   (	"ID" VARCHAR2(20 BYTE), 
	"CODE" VARCHAR2(20 BYTE), 
	"LOV_DESC" VARCHAR2(200 BYTE), 
	"PARENT_CODE" VARCHAR2(20 BYTE), 
	"VALUE" VARCHAR2(20 BYTE), 
	"CREATED_AT" DATE, 
	"CREATED_BY" VARCHAR2(20 BYTE), 
	"LAST_UPDATED_BY" VARCHAR2(20 BYTE), 
	"LAST_UPDATED_AT" DATE, 
	"FLEX_COL1" VARCHAR2(200 BYTE), 
	"FLEX_COL2" VARCHAR2(200 BYTE), 
	"FLEX_COL3" VARCHAR2(200 BYTE), 
	"EXPIRED" VARCHAR2(20 BYTE)
   ) ;
--------------------------------------------------------
--  DDL for Table MENUS
--------------------------------------------------------

  CREATE TABLE "OA"."MENUS" 
   (	"MENU_ID" VARCHAR2(20 BYTE), 
	"MENU_NAME" VARCHAR2(20 BYTE), 
	"MENU_TASKFLOW_URL" VARCHAR2(500 BYTE), 
	"MENU_DESC" VARCHAR2(20 BYTE), 
	"MENU_CATEGORY" VARCHAR2(20 BYTE), 
	"PARENT_MENU_ID" VARCHAR2(20 BYTE), 
	"MENU_MASTER_CATEGORY" VARCHAR2(20 BYTE), 
	"MENU_ICON_URL" VARCHAR2(100 BYTE), 
	"EXPIRED" VARCHAR2(20 BYTE), 
	"SEQ" VARCHAR2(20 BYTE)
   ) ;
--------------------------------------------------------
--  DDL for Table NOTIFICATIONS
--------------------------------------------------------

  CREATE TABLE "OA"."NOTIFICATIONS" 
   (	"ID" VARCHAR2(20 BYTE), 
	"CATEGORY" VARCHAR2(20 BYTE), 
	"PRIORITY" NUMBER(*,0), 
	"TITLE" VARCHAR2(200 BYTE), 
	"CONTENT" VARCHAR2(2000 BYTE), 
	"EVENT_DATE" DATE, 
	"IS_SMS_SENT" VARCHAR2(1 BYTE), 
	"STATE" VARCHAR2(20 BYTE), 
	"TO_USER_ID" VARCHAR2(20 BYTE)
   ) ;
--------------------------------------------------------
--  DDL for Table PS_TXN
--------------------------------------------------------

  CREATE TABLE "OA"."PS_TXN" 
   (	"ID" NUMBER(20,0), 
	"PARENTID" NUMBER(20,0), 
	"COLLID" NUMBER(10,0), 
	"CONTENT" BLOB, 
	"CREATION_DATE" DATE DEFAULT sysdate
   ) ;
--------------------------------------------------------
--  DDL for Table PURCHASE_ORDERS
--------------------------------------------------------

  CREATE TABLE "OA"."PURCHASE_ORDERS" 
   (	"ORDER_ID" VARCHAR2(20 BYTE), 
	"ORDER_READABLE_ID" VARCHAR2(30 BYTE), 
	"SUBMITTER_ID" VARCHAR2(20 BYTE), 
	"CREATE_BY" VARCHAR2(20 BYTE), 
	"CREATE_AT" DATE, 
	"LAST_UPDATED_BY" VARCHAR2(20 BYTE), 
	"LAST_UPDATED_AT" DATE, 
	"STATE" VARCHAR2(20 BYTE), 
	"SUBMIT_TOTAL" NUMBER(12,2), 
	"VERIFY_TOTAL" NUMBER(12,2), 
	"ORDER_NOTE" VARCHAR2(500 BYTE)
   ) ;
--------------------------------------------------------
--  DDL for Table PURCHASE_ORDER_HISTORYS
--------------------------------------------------------

  CREATE TABLE "OA"."PURCHASE_ORDER_HISTORYS" 
   (	"ORDER_HISTORY_ID" VARCHAR2(20 BYTE), 
	"ORDER_HISTORY_DETAIL" VARCHAR2(100 BYTE), 
	"ORDER_ID" VARCHAR2(20 BYTE), 
	"OPERATOR_ID" VARCHAR2(20 BYTE), 
	"OPERATION_DETAIL" VARCHAR2(40 BYTE)
   ) ;
--------------------------------------------------------
--  DDL for Table PURCHASE_ORDER_LINES
--------------------------------------------------------

  CREATE TABLE "OA"."PURCHASE_ORDER_LINES" 
   (	"ORDER_LINE_ID" VARCHAR2(20 BYTE), 
	"ORDER_ID" VARCHAR2(20 BYTE), 
	"ITEM_ID" VARCHAR2(20 BYTE), 
	"ITEM_DESCRIPTION" VARCHAR2(200 BYTE), 
	"SUBMIT_QUANTITY" NUMBER, 
	"SUBMIT_UNIT" VARCHAR2(20 BYTE), 
	"SUBMIT_PRICE" NUMBER(12,2), 
	"SUBMIT_TOTAL" NUMBER(12,2), 
	"EXPECTED_DATE" DATE, 
	"SUBMIT_NOTE" VARCHAR2(500 BYTE), 
	"STATE" VARCHAR2(20 BYTE), 
	"PURCHASE_QUANTITY" NUMBER, 
	"ACTUAL_PRICE" NUMBER(12,2), 
	"ACTUAL_TOTAL" NUMBER(12,2), 
	"VERIFY_NOTE" VARCHAR2(500 BYTE), 
	"RECEIVE_QUANTITY" NUMBER
   ) ;
--------------------------------------------------------
--  DDL for Table REPAIR_CALLS
--------------------------------------------------------

  CREATE TABLE "OA"."REPAIR_CALLS" 
   (	"CALL_ID" VARCHAR2(20 BYTE), 
	"CALL_READABLE_ID" VARCHAR2(30 BYTE), 
	"CALLER_ID" VARCHAR2(20 BYTE), 
	"CALLEE_ID" VARCHAR2(20 BYTE), 
	"LOCATION_ID" VARCHAR2(20 BYTE), 
	"LOCATION_DETAIL" VARCHAR2(200 BYTE), 
	"CREATE_BY" VARCHAR2(20 BYTE), 
	"CREATE_AT" DATE, 
	"LAST_UPDATED_BY" VARCHAR2(20 BYTE), 
	"LAST_UPDATED_AT" DATE, 
	"STATE" VARCHAR2(20 BYTE), 
	"CALL_RESULT" VARCHAR2(20 BYTE), 
	"CALL_RESULT_DETAIL" VARCHAR2(500 BYTE), 
	"CALL_EVAL" VARCHAR2(20 BYTE), 
	"CALL_EVAL_DETAIL" VARCHAR2(20 BYTE), 
	"REASON_LEVEL_1" VARCHAR2(40 BYTE), 
	"REASON_LEVEL_2" VARCHAR2(40 BYTE), 
	"REASON_LEVEL_3" VARCHAR2(40 BYTE), 
	"REASON_DETAIL" VARCHAR2(500 BYTE)
   ) ;
--------------------------------------------------------
--  DDL for Table ROLES
--------------------------------------------------------

  CREATE TABLE "OA"."ROLES" 
   (	"ROLE_ID" VARCHAR2(20 BYTE), 
	"ROLE_NAME" VARCHAR2(50 BYTE), 
	"ROLE_DESC" VARCHAR2(200 BYTE), 
	"CREATED_AT" DATE, 
	"CREATED_BY" VARCHAR2(20 BYTE), 
	"LAST_UPDATED_AT" DATE, 
	"LAST_UPDATED_BY" VARCHAR2(20 BYTE), 
	"EXPIRED" VARCHAR2(20 BYTE)
   ) ;
--------------------------------------------------------
--  DDL for Table ROLE_MENUS
--------------------------------------------------------

  CREATE TABLE "OA"."ROLE_MENUS" 
   (	"ROLE_ID" VARCHAR2(20 BYTE), 
	"MENU_ID" VARCHAR2(20 BYTE), 
	"CREATED_BY" VARCHAR2(20 BYTE), 
	"CREATED_AT" DATE
   ) ;
--------------------------------------------------------
--  DDL for Table ROLE_USERS
--------------------------------------------------------

  CREATE TABLE "OA"."ROLE_USERS" 
   (	"ROLE_ID" VARCHAR2(20 BYTE), 
	"USER_ID" VARCHAR2(20 BYTE), 
	"CREATED_AT" DATE, 
	"CREATED_BY" VARCHAR2(20 BYTE)
   ) ;
--------------------------------------------------------
--  DDL for Table TASKS
--------------------------------------------------------

  CREATE TABLE "OA"."TASKS" 
   (	"ID" VARCHAR2(20 BYTE), 
	"TITLE" VARCHAR2(500 BYTE), 
	"ASSIGNED_DATE" DATE, 
	"STATE" VARCHAR2(20 BYTE), 
	"CONTEXT_OBJECT_TYPE" VARCHAR2(20 BYTE), 
	"CONTEXT_OBJECT_ID" VARCHAR2(20 BYTE), 
	"ASSIGNEE_ROLE_ID" VARCHAR2(20 BYTE), 
	"COMPLETION_DATE" DATE, 
	"EXECUTOR_ID" VARCHAR2(20 BYTE), 
	"EXECUTOR_DISPLAY_NAME" VARCHAR2(20 BYTE)
   ) ;
--------------------------------------------------------
--  DDL for Table VEHICLE_CALENDAR
--------------------------------------------------------

  CREATE TABLE "OA"."VEHICLE_CALENDAR" 
   (	"ID" VARCHAR2(20 BYTE), 
	"USER_ID" VARCHAR2(20 BYTE), 
	"USER_DISPLAY_NAME" VARCHAR2(20 BYTE), 
	"VEHICLE_NAME" VARCHAR2(40 BYTE), 
	"VEHICLE_ID" VARCHAR2(20 BYTE), 
	"TITLE" VARCHAR2(20 BYTE), 
	"CONTACT_ID" VARCHAR2(20 BYTE), 
	"CONTACT_NAME" VARCHAR2(20 BYTE), 
	"CONTACT_PHONE" VARCHAR2(20 BYTE), 
	"STATE" VARCHAR2(20 BYTE), 
	"RETURN_TRIP" VARCHAR2(20 BYTE), 
	"START_TIME" TIMESTAMP (6), 
	"END_TIME" TIMESTAMP (6), 
	"RETURN_START_TIME" TIMESTAMP (6), 
	"RETURN_END_TIME" TIMESTAMP (6), 
	"TRIP_START" VARCHAR2(200 BYTE), 
	"TRIP_DEST" VARCHAR2(200 BYTE), 
	"RETURN_TRIP_START" VARCHAR2(200 BYTE), 
	"RETURN_TRIP_END" VARCHAR2(200 BYTE), 
	"NUM_OF_PEOPLE" NUMBER, 
	"COMMENTS" VARCHAR2(400 BYTE)
   ) ;
REM INSERTING into OA.ANNOUNCEMENTS
REM INSERTING into OA.CLASSROOM_BATCH_RESERVATION
Insert into OA.CLASSROOM_BATCH_RESERVATION (ID,BATCH_NO,ACT_TITLE,ACT_START_TIME,ACT_END_TIME,USER_ID,USER_DISPLAY_NAME,NUM_OF_PEOPLE,CLASSROOM,COMMENTS,BATCH_EFFECTIVE_DATE,BATCH_EXPIRE_DATE,RECURRENCE_TYPE,FST_WK_MON,FST_WK_TUE,FST_WK_WED,FST_WK_THU,FST_WK_FRI,FST_WK_SAT,FST_WK_SUN,SND_WK_MON,SND_WK_TUE,SND_WK_WED,SND_WK_THU,SND_WK_FRI,SND_WK_SAT,SND_WK_SUN,LOCATION_ID,LOCATION_NAME,CLASSROOM_ID,ALL_DAY) values ('46','CLSRM-BATCH-00018','333333333333334444',to_timestamp('01-JAN-70 12.00.00.000000000 AM','DD-MON-RR HH.MI.SS.FF AM'),to_timestamp('01-JAN-70 11.59.59.000000000 PM','DD-MON-RR HH.MI.SS.FF AM'),'3','普通用户',12,'教室203','fdfdf',to_date('10-FEB-13','DD-MON-RR'),to_date('30-MAR-13','DD-MON-RR'),'WEEKLY','N','Y','N','N','N','N','N','N','N','N','N','N','N','N','LOC-1','丽园','3','ALLDAY');
Insert into OA.CLASSROOM_BATCH_RESERVATION (ID,BATCH_NO,ACT_TITLE,ACT_START_TIME,ACT_END_TIME,USER_ID,USER_DISPLAY_NAME,NUM_OF_PEOPLE,CLASSROOM,COMMENTS,BATCH_EFFECTIVE_DATE,BATCH_EXPIRE_DATE,RECURRENCE_TYPE,FST_WK_MON,FST_WK_TUE,FST_WK_WED,FST_WK_THU,FST_WK_FRI,FST_WK_SAT,FST_WK_SUN,SND_WK_MON,SND_WK_TUE,SND_WK_WED,SND_WK_THU,SND_WK_FRI,SND_WK_SAT,SND_WK_SUN,LOCATION_ID,LOCATION_NAME,CLASSROOM_ID,ALL_DAY) values ('47','CLSRM-BATCH-00020','yyyyyyyyyy233333gggggggggg',to_timestamp('01-JAN-70 12.00.00.000000000 AM','DD-MON-RR HH.MI.SS.FF AM'),to_timestamp('01-JAN-70 11.59.59.000000000 PM','DD-MON-RR HH.MI.SS.FF AM'),'3','普通用户',12,'教室102','gggggggggggggg',to_date('10-FEB-13','DD-MON-RR'),to_date('30-MAR-13','DD-MON-RR'),'FORTNIGHTLY','N','N','N','Y','N','N','N','N','N','N','N','N','N','Y','LOC-2','自忠','2','ALLDAY');
Insert into OA.CLASSROOM_BATCH_RESERVATION (ID,BATCH_NO,ACT_TITLE,ACT_START_TIME,ACT_END_TIME,USER_ID,USER_DISPLAY_NAME,NUM_OF_PEOPLE,CLASSROOM,COMMENTS,BATCH_EFFECTIVE_DATE,BATCH_EXPIRE_DATE,RECURRENCE_TYPE,FST_WK_MON,FST_WK_TUE,FST_WK_WED,FST_WK_THU,FST_WK_FRI,FST_WK_SAT,FST_WK_SUN,SND_WK_MON,SND_WK_TUE,SND_WK_WED,SND_WK_THU,SND_WK_FRI,SND_WK_SAT,SND_WK_SUN,LOCATION_ID,LOCATION_NAME,CLASSROOM_ID,ALL_DAY) values ('45','CLSRM-BATCH-00016','eeeeeeeeeeee1',to_timestamp('01-JAN-70 12.00.00.000000000 AM','DD-MON-RR HH.MI.SS.FF AM'),to_timestamp('01-JAN-70 11.59.59.000000000 PM','DD-MON-RR HH.MI.SS.FF AM'),'3','普通用户',12,'教室203','fdfdf',to_date('10-FEB-13','DD-MON-RR'),to_date('30-MAR-13','DD-MON-RR'),'WEEKLY','Y','Y','N','N','N','N','N','N','N','N','N','N','N','N','LOC-1','丽园','3','ALLDAY');
REM INSERTING into OA.CLASSROOM_CALENDAR
Insert into OA.CLASSROOM_CALENDAR (ID,ACT_TITLE,ACT_START_TIME,ACT_END_TIME,USER_ID,USER_DISPLAY_NAME,NUM_OF_PEOPLE,CLASSROOM,COMMENTS,CREATED_AT,BATCH_ID,BATCH_NO,LOCATION_ID,LOCATION_NAME,CLASSROOM_ID,ALL_DAY) values ('430','yyyyyyyyyy',to_timestamp('17-FEB-13 12.00.00.000000000 AM','DD-MON-RR HH.MI.SS.FF AM'),to_timestamp('17-FEB-13 12.00.00.000000000 AM','DD-MON-RR HH.MI.SS.FF AM'),'normal','普通用户',12,'教室203',null,to_date('17-FEB-13','DD-MON-RR'),null,null,'LOC-1','丽园','3','TIME');
Insert into OA.CLASSROOM_CALENDAR (ID,ACT_TITLE,ACT_START_TIME,ACT_END_TIME,USER_ID,USER_DISPLAY_NAME,NUM_OF_PEOPLE,CLASSROOM,COMMENTS,CREATED_AT,BATCH_ID,BATCH_NO,LOCATION_ID,LOCATION_NAME,CLASSROOM_ID,ALL_DAY) values ('431','yyyyyyyyyy233333gggggggggg',to_timestamp('14-FEB-13 12.00.00.000000000 AM','DD-MON-RR HH.MI.SS.FF AM'),to_timestamp('14-FEB-13 11.59.59.000000000 PM','DD-MON-RR HH.MI.SS.FF AM'),'normal','普通用户',12,'教室102','gggggggggggggg',to_date('17-FEB-13','DD-MON-RR'),null,'CLSRM-BATCH-00020','LOC-2','自忠','2','ALLDAY');
Insert into OA.CLASSROOM_CALENDAR (ID,ACT_TITLE,ACT_START_TIME,ACT_END_TIME,USER_ID,USER_DISPLAY_NAME,NUM_OF_PEOPLE,CLASSROOM,COMMENTS,CREATED_AT,BATCH_ID,BATCH_NO,LOCATION_ID,LOCATION_NAME,CLASSROOM_ID,ALL_DAY) values ('432','yyyyyyyyyy233333gggggggggg',to_timestamp('17-FEB-13 12.00.00.000000000 AM','DD-MON-RR HH.MI.SS.FF AM'),to_timestamp('17-FEB-13 11.59.59.000000000 PM','DD-MON-RR HH.MI.SS.FF AM'),'normal','普通用户',12,'教室102','gggggggggggggg',to_date('17-FEB-13','DD-MON-RR'),null,'CLSRM-BATCH-00020','LOC-2','自忠','2','ALLDAY');
Insert into OA.CLASSROOM_CALENDAR (ID,ACT_TITLE,ACT_START_TIME,ACT_END_TIME,USER_ID,USER_DISPLAY_NAME,NUM_OF_PEOPLE,CLASSROOM,COMMENTS,CREATED_AT,BATCH_ID,BATCH_NO,LOCATION_ID,LOCATION_NAME,CLASSROOM_ID,ALL_DAY) values ('405','333333333333334444',to_timestamp('05-MAR-13 12.00.00.000000000 AM','DD-MON-RR HH.MI.SS.FF AM'),to_timestamp('05-MAR-13 11.59.59.000000000 PM','DD-MON-RR HH.MI.SS.FF AM'),'normal','普通用户',12,'教室203','fdfdf',to_date('15-FEB-13','DD-MON-RR'),null,'CLSRM-BATCH-00018','LOC-1','丽园','3','ALLDAY');
Insert into OA.CLASSROOM_CALENDAR (ID,ACT_TITLE,ACT_START_TIME,ACT_END_TIME,USER_ID,USER_DISPLAY_NAME,NUM_OF_PEOPLE,CLASSROOM,COMMENTS,CREATED_AT,BATCH_ID,BATCH_NO,LOCATION_ID,LOCATION_NAME,CLASSROOM_ID,ALL_DAY) values ('406','333333333333334444',to_timestamp('12-MAR-13 12.00.00.000000000 AM','DD-MON-RR HH.MI.SS.FF AM'),to_timestamp('12-MAR-13 11.59.59.000000000 PM','DD-MON-RR HH.MI.SS.FF AM'),'normal','普通用户',12,'教室203','fdfdf',to_date('15-FEB-13','DD-MON-RR'),null,'CLSRM-BATCH-00018','LOC-1','丽园','3','ALLDAY');
Insert into OA.CLASSROOM_CALENDAR (ID,ACT_TITLE,ACT_START_TIME,ACT_END_TIME,USER_ID,USER_DISPLAY_NAME,NUM_OF_PEOPLE,CLASSROOM,COMMENTS,CREATED_AT,BATCH_ID,BATCH_NO,LOCATION_ID,LOCATION_NAME,CLASSROOM_ID,ALL_DAY) values ('407','333333333333334444',to_timestamp('19-MAR-13 12.00.00.000000000 AM','DD-MON-RR HH.MI.SS.FF AM'),to_timestamp('19-MAR-13 11.59.59.000000000 PM','DD-MON-RR HH.MI.SS.FF AM'),'normal','普通用户',12,'教室203','fdfdf',to_date('15-FEB-13','DD-MON-RR'),null,'CLSRM-BATCH-00018','LOC-1','丽园','3','ALLDAY');
Insert into OA.CLASSROOM_CALENDAR (ID,ACT_TITLE,ACT_START_TIME,ACT_END_TIME,USER_ID,USER_DISPLAY_NAME,NUM_OF_PEOPLE,CLASSROOM,COMMENTS,CREATED_AT,BATCH_ID,BATCH_NO,LOCATION_ID,LOCATION_NAME,CLASSROOM_ID,ALL_DAY) values ('408','333333333333334444',to_timestamp('26-MAR-13 12.00.00.000000000 AM','DD-MON-RR HH.MI.SS.FF AM'),to_timestamp('26-MAR-13 11.59.59.000000000 PM','DD-MON-RR HH.MI.SS.FF AM'),'normal','普通用户',12,'教室203','fdfdf',to_date('15-FEB-13','DD-MON-RR'),null,'CLSRM-BATCH-00018','LOC-1','丽园','3','ALLDAY');
Insert into OA.CLASSROOM_CALENDAR (ID,ACT_TITLE,ACT_START_TIME,ACT_END_TIME,USER_ID,USER_DISPLAY_NAME,NUM_OF_PEOPLE,CLASSROOM,COMMENTS,CREATED_AT,BATCH_ID,BATCH_NO,LOCATION_ID,LOCATION_NAME,CLASSROOM_ID,ALL_DAY) values ('366','rrrrrrrrrrrr',to_timestamp('14-FEB-13 12.00.00.000000000 AM','DD-MON-RR HH.MI.SS.FF AM'),to_timestamp('14-FEB-13 11.59.59.000000000 PM','DD-MON-RR HH.MI.SS.FF AM'),'pairliu','总务主任',12,'教室101',null,to_date('14-FEB-13','DD-MON-RR'),null,null,'LOC-1','丽园','1','ALLDAY');
Insert into OA.CLASSROOM_CALENDAR (ID,ACT_TITLE,ACT_START_TIME,ACT_END_TIME,USER_ID,USER_DISPLAY_NAME,NUM_OF_PEOPLE,CLASSROOM,COMMENTS,CREATED_AT,BATCH_ID,BATCH_NO,LOCATION_ID,LOCATION_NAME,CLASSROOM_ID,ALL_DAY) values ('381','eeeeeeeeeeee1',to_timestamp('11-FEB-13 12.00.00.000000000 AM','DD-MON-RR HH.MI.SS.FF AM'),to_timestamp('11-FEB-13 11.59.59.000000000 PM','DD-MON-RR HH.MI.SS.FF AM'),'normal','普通用户',12,'教室203','fdfdf',to_date('15-FEB-13','DD-MON-RR'),null,'CLSRM-BATCH-00016','LOC-1','丽园','3','ALLDAY');
Insert into OA.CLASSROOM_CALENDAR (ID,ACT_TITLE,ACT_START_TIME,ACT_END_TIME,USER_ID,USER_DISPLAY_NAME,NUM_OF_PEOPLE,CLASSROOM,COMMENTS,CREATED_AT,BATCH_ID,BATCH_NO,LOCATION_ID,LOCATION_NAME,CLASSROOM_ID,ALL_DAY) values ('382','eeeeeeeeeeee1',to_timestamp('13-FEB-13 12.00.00.000000000 AM','DD-MON-RR HH.MI.SS.FF AM'),to_timestamp('13-FEB-13 11.59.59.000000000 PM','DD-MON-RR HH.MI.SS.FF AM'),'normal','普通用户',12,'教室203','fdfdf',to_date('15-FEB-13','DD-MON-RR'),null,'CLSRM-BATCH-00016','LOC-1','丽园','3','ALLDAY');
Insert into OA.CLASSROOM_CALENDAR (ID,ACT_TITLE,ACT_START_TIME,ACT_END_TIME,USER_ID,USER_DISPLAY_NAME,NUM_OF_PEOPLE,CLASSROOM,COMMENTS,CREATED_AT,BATCH_ID,BATCH_NO,LOCATION_ID,LOCATION_NAME,CLASSROOM_ID,ALL_DAY) values ('383','eeeeeeeeeeee1',to_timestamp('18-FEB-13 12.00.00.000000000 AM','DD-MON-RR HH.MI.SS.FF AM'),to_timestamp('18-FEB-13 11.59.59.000000000 PM','DD-MON-RR HH.MI.SS.FF AM'),'normal','普通用户',12,'教室203','fdfdf',to_date('15-FEB-13','DD-MON-RR'),null,'CLSRM-BATCH-00016','LOC-1','丽园','3','ALLDAY');
Insert into OA.CLASSROOM_CALENDAR (ID,ACT_TITLE,ACT_START_TIME,ACT_END_TIME,USER_ID,USER_DISPLAY_NAME,NUM_OF_PEOPLE,CLASSROOM,COMMENTS,CREATED_AT,BATCH_ID,BATCH_NO,LOCATION_ID,LOCATION_NAME,CLASSROOM_ID,ALL_DAY) values ('384','eeeeeeeeeeee1',to_timestamp('20-FEB-13 12.00.00.000000000 AM','DD-MON-RR HH.MI.SS.FF AM'),to_timestamp('20-FEB-13 11.59.59.000000000 PM','DD-MON-RR HH.MI.SS.FF AM'),'normal','普通用户',12,'教室203','fdfdf',to_date('15-FEB-13','DD-MON-RR'),null,'CLSRM-BATCH-00016','LOC-1','丽园','3','ALLDAY');
Insert into OA.CLASSROOM_CALENDAR (ID,ACT_TITLE,ACT_START_TIME,ACT_END_TIME,USER_ID,USER_DISPLAY_NAME,NUM_OF_PEOPLE,CLASSROOM,COMMENTS,CREATED_AT,BATCH_ID,BATCH_NO,LOCATION_ID,LOCATION_NAME,CLASSROOM_ID,ALL_DAY) values ('385','eeeeeeeeeeee1',to_timestamp('25-FEB-13 12.00.00.000000000 AM','DD-MON-RR HH.MI.SS.FF AM'),to_timestamp('25-FEB-13 11.59.59.000000000 PM','DD-MON-RR HH.MI.SS.FF AM'),'normal','普通用户',12,'教室203','fdfdf',to_date('15-FEB-13','DD-MON-RR'),null,'CLSRM-BATCH-00016','LOC-1','丽园','3','ALLDAY');
Insert into OA.CLASSROOM_CALENDAR (ID,ACT_TITLE,ACT_START_TIME,ACT_END_TIME,USER_ID,USER_DISPLAY_NAME,NUM_OF_PEOPLE,CLASSROOM,COMMENTS,CREATED_AT,BATCH_ID,BATCH_NO,LOCATION_ID,LOCATION_NAME,CLASSROOM_ID,ALL_DAY) values ('433','yyyyyyyyyy233333gggggggggg',to_timestamp('28-FEB-13 12.00.00.000000000 AM','DD-MON-RR HH.MI.SS.FF AM'),to_timestamp('28-FEB-13 11.59.59.000000000 PM','DD-MON-RR HH.MI.SS.FF AM'),'normal','普通用户',12,'教室102','gggggggggggggg',to_date('17-FEB-13','DD-MON-RR'),null,'CLSRM-BATCH-00020','LOC-2','自忠','2','ALLDAY');
Insert into OA.CLASSROOM_CALENDAR (ID,ACT_TITLE,ACT_START_TIME,ACT_END_TIME,USER_ID,USER_DISPLAY_NAME,NUM_OF_PEOPLE,CLASSROOM,COMMENTS,CREATED_AT,BATCH_ID,BATCH_NO,LOCATION_ID,LOCATION_NAME,CLASSROOM_ID,ALL_DAY) values ('387','eeeeeeeeeeee1',to_timestamp('04-MAR-13 12.00.00.000000000 AM','DD-MON-RR HH.MI.SS.FF AM'),to_timestamp('04-MAR-13 11.59.59.000000000 PM','DD-MON-RR HH.MI.SS.FF AM'),'normal','普通用户',12,'教室203','fdfdf',to_date('15-FEB-13','DD-MON-RR'),null,'CLSRM-BATCH-00016','LOC-1','丽园','3','ALLDAY');
Insert into OA.CLASSROOM_CALENDAR (ID,ACT_TITLE,ACT_START_TIME,ACT_END_TIME,USER_ID,USER_DISPLAY_NAME,NUM_OF_PEOPLE,CLASSROOM,COMMENTS,CREATED_AT,BATCH_ID,BATCH_NO,LOCATION_ID,LOCATION_NAME,CLASSROOM_ID,ALL_DAY) values ('388','eeeeeeeeeeee1',to_timestamp('05-MAR-13 12.00.00.000000000 AM','DD-MON-RR HH.MI.SS.FF AM'),to_timestamp('05-MAR-13 11.59.59.000000000 PM','DD-MON-RR HH.MI.SS.FF AM'),'normal','普通用户',12,'教室203','fdfdf',to_date('15-FEB-13','DD-MON-RR'),null,'CLSRM-BATCH-00016','LOC-1','丽园','3','ALLDAY');
Insert into OA.CLASSROOM_CALENDAR (ID,ACT_TITLE,ACT_START_TIME,ACT_END_TIME,USER_ID,USER_DISPLAY_NAME,NUM_OF_PEOPLE,CLASSROOM,COMMENTS,CREATED_AT,BATCH_ID,BATCH_NO,LOCATION_ID,LOCATION_NAME,CLASSROOM_ID,ALL_DAY) values ('389','eeeeeeeeeeee1',to_timestamp('11-MAR-13 12.00.00.000000000 AM','DD-MON-RR HH.MI.SS.FF AM'),to_timestamp('11-MAR-13 11.59.59.000000000 PM','DD-MON-RR HH.MI.SS.FF AM'),'normal','普通用户',12,'教室203','fdfdf',to_date('15-FEB-13','DD-MON-RR'),null,'CLSRM-BATCH-00016','LOC-1','丽园','3','ALLDAY');
Insert into OA.CLASSROOM_CALENDAR (ID,ACT_TITLE,ACT_START_TIME,ACT_END_TIME,USER_ID,USER_DISPLAY_NAME,NUM_OF_PEOPLE,CLASSROOM,COMMENTS,CREATED_AT,BATCH_ID,BATCH_NO,LOCATION_ID,LOCATION_NAME,CLASSROOM_ID,ALL_DAY) values ('390','eeeeeeeeeeee1',to_timestamp('12-MAR-13 12.00.00.000000000 AM','DD-MON-RR HH.MI.SS.FF AM'),to_timestamp('12-MAR-13 11.59.59.000000000 PM','DD-MON-RR HH.MI.SS.FF AM'),'normal','普通用户',12,'教室203','fdfdf',to_date('15-FEB-13','DD-MON-RR'),null,'CLSRM-BATCH-00016','LOC-1','丽园','3','ALLDAY');
Insert into OA.CLASSROOM_CALENDAR (ID,ACT_TITLE,ACT_START_TIME,ACT_END_TIME,USER_ID,USER_DISPLAY_NAME,NUM_OF_PEOPLE,CLASSROOM,COMMENTS,CREATED_AT,BATCH_ID,BATCH_NO,LOCATION_ID,LOCATION_NAME,CLASSROOM_ID,ALL_DAY) values ('391','eeeeeeeeeeee1',to_timestamp('18-MAR-13 12.00.00.000000000 AM','DD-MON-RR HH.MI.SS.FF AM'),to_timestamp('18-MAR-13 11.59.59.000000000 PM','DD-MON-RR HH.MI.SS.FF AM'),'normal','普通用户',12,'教室203','fdfdf',to_date('15-FEB-13','DD-MON-RR'),null,'CLSRM-BATCH-00016','LOC-1','丽园','3','ALLDAY');
Insert into OA.CLASSROOM_CALENDAR (ID,ACT_TITLE,ACT_START_TIME,ACT_END_TIME,USER_ID,USER_DISPLAY_NAME,NUM_OF_PEOPLE,CLASSROOM,COMMENTS,CREATED_AT,BATCH_ID,BATCH_NO,LOCATION_ID,LOCATION_NAME,CLASSROOM_ID,ALL_DAY) values ('392','eeeeeeeeeeee1',to_timestamp('19-MAR-13 12.00.00.000000000 AM','DD-MON-RR HH.MI.SS.FF AM'),to_timestamp('19-MAR-13 11.59.59.000000000 PM','DD-MON-RR HH.MI.SS.FF AM'),'normal','普通用户',12,'教室203','fdfdf',to_date('15-FEB-13','DD-MON-RR'),null,'CLSRM-BATCH-00016','LOC-1','丽园','3','ALLDAY');
Insert into OA.CLASSROOM_CALENDAR (ID,ACT_TITLE,ACT_START_TIME,ACT_END_TIME,USER_ID,USER_DISPLAY_NAME,NUM_OF_PEOPLE,CLASSROOM,COMMENTS,CREATED_AT,BATCH_ID,BATCH_NO,LOCATION_ID,LOCATION_NAME,CLASSROOM_ID,ALL_DAY) values ('393','eeeeeeeeeeee1',to_timestamp('25-MAR-13 12.00.00.000000000 AM','DD-MON-RR HH.MI.SS.FF AM'),to_timestamp('25-MAR-13 11.59.59.000000000 PM','DD-MON-RR HH.MI.SS.FF AM'),'normal','普通用户',12,'教室203','fdfdf',to_date('15-FEB-13','DD-MON-RR'),null,'CLSRM-BATCH-00016','LOC-1','丽园','3','ALLDAY');
Insert into OA.CLASSROOM_CALENDAR (ID,ACT_TITLE,ACT_START_TIME,ACT_END_TIME,USER_ID,USER_DISPLAY_NAME,NUM_OF_PEOPLE,CLASSROOM,COMMENTS,CREATED_AT,BATCH_ID,BATCH_NO,LOCATION_ID,LOCATION_NAME,CLASSROOM_ID,ALL_DAY) values ('394','eeeeeeeeeeee1',to_timestamp('26-MAR-13 12.00.00.000000000 AM','DD-MON-RR HH.MI.SS.FF AM'),to_timestamp('26-MAR-13 11.59.59.000000000 PM','DD-MON-RR HH.MI.SS.FF AM'),'normal','普通用户',12,'教室203','fdfdf',to_date('15-FEB-13','DD-MON-RR'),null,'CLSRM-BATCH-00016','LOC-1','丽园','3','ALLDAY');
Insert into OA.CLASSROOM_CALENDAR (ID,ACT_TITLE,ACT_START_TIME,ACT_END_TIME,USER_ID,USER_DISPLAY_NAME,NUM_OF_PEOPLE,CLASSROOM,COMMENTS,CREATED_AT,BATCH_ID,BATCH_NO,LOCATION_ID,LOCATION_NAME,CLASSROOM_ID,ALL_DAY) values ('434','yyyyyyyyyy233333gggggggggg',to_timestamp('03-MAR-13 12.00.00.000000000 AM','DD-MON-RR HH.MI.SS.FF AM'),to_timestamp('03-MAR-13 11.59.59.000000000 PM','DD-MON-RR HH.MI.SS.FF AM'),'normal','普通用户',12,'教室102','gggggggggggggg',to_date('17-FEB-13','DD-MON-RR'),null,'CLSRM-BATCH-00020','LOC-2','自忠','2','ALLDAY');
Insert into OA.CLASSROOM_CALENDAR (ID,ACT_TITLE,ACT_START_TIME,ACT_END_TIME,USER_ID,USER_DISPLAY_NAME,NUM_OF_PEOPLE,CLASSROOM,COMMENTS,CREATED_AT,BATCH_ID,BATCH_NO,LOCATION_ID,LOCATION_NAME,CLASSROOM_ID,ALL_DAY) values ('435','yyyyyyyyyy233333gggggggggg',to_timestamp('14-MAR-13 12.00.00.000000000 AM','DD-MON-RR HH.MI.SS.FF AM'),to_timestamp('14-MAR-13 11.59.59.000000000 PM','DD-MON-RR HH.MI.SS.FF AM'),'normal','普通用户',12,'教室102','gggggggggggggg',to_date('17-FEB-13','DD-MON-RR'),null,'CLSRM-BATCH-00020','LOC-2','自忠','2','ALLDAY');
Insert into OA.CLASSROOM_CALENDAR (ID,ACT_TITLE,ACT_START_TIME,ACT_END_TIME,USER_ID,USER_DISPLAY_NAME,NUM_OF_PEOPLE,CLASSROOM,COMMENTS,CREATED_AT,BATCH_ID,BATCH_NO,LOCATION_ID,LOCATION_NAME,CLASSROOM_ID,ALL_DAY) values ('436','yyyyyyyyyy233333gggggggggg',to_timestamp('17-MAR-13 12.00.00.000000000 AM','DD-MON-RR HH.MI.SS.FF AM'),to_timestamp('17-MAR-13 11.59.59.000000000 PM','DD-MON-RR HH.MI.SS.FF AM'),'normal','普通用户',12,'教室102','gggggggggggggg',to_date('17-FEB-13','DD-MON-RR'),null,'CLSRM-BATCH-00020','LOC-2','自忠','2','ALLDAY');
Insert into OA.CLASSROOM_CALENDAR (ID,ACT_TITLE,ACT_START_TIME,ACT_END_TIME,USER_ID,USER_DISPLAY_NAME,NUM_OF_PEOPLE,CLASSROOM,COMMENTS,CREATED_AT,BATCH_ID,BATCH_NO,LOCATION_ID,LOCATION_NAME,CLASSROOM_ID,ALL_DAY) values ('437','yyyyyyyyyy233333gggggggggg',to_timestamp('28-MAR-13 12.00.00.000000000 AM','DD-MON-RR HH.MI.SS.FF AM'),to_timestamp('28-MAR-13 11.59.59.000000000 PM','DD-MON-RR HH.MI.SS.FF AM'),'normal','普通用户',12,'教室102','gggggggggggggg',to_date('17-FEB-13','DD-MON-RR'),null,'CLSRM-BATCH-00020','LOC-2','自忠','2','ALLDAY');
REM INSERTING into OA.CONF_ROOM_CALENDAR
Insert into OA.CONF_ROOM_CALENDAR (ID,USER_ID,USER_DISPLAY_NAME,LOCATION_ID,LOCATION_NAME,MEETING_ROOM,MEETING_ROOM_ID,TITLE,PARTICIPANTS,START_TIME,END_TIME,COMMENTS,NEED_PROJECTOR,NEED_LOUDSPEAKER,NEED_BEVERAGE,NEED_FRUITS,NEED_SNACKS,SNACK_LEVEL,NUM_OF_PEOPLE,STATE,PR_ID,ALLDAY) values ('24','1','徐晋','LOC-1','丽园','1001','21','eeeeeeeeeeeee','eeeeeeeeeee',to_timestamp('13-FEB-13 12.00.00.000000000 AM','DD-MON-RR HH.MI.SS.FF AM'),to_timestamp('13-FEB-13 11.59.59.000000000 PM','DD-MON-RR HH.MI.SS.FF AM'),null,'N','N','N','Y','N',null,12,'已取消',null,'ALLDAY');
Insert into OA.CONF_ROOM_CALENDAR (ID,USER_ID,USER_DISPLAY_NAME,LOCATION_ID,LOCATION_NAME,MEETING_ROOM,MEETING_ROOM_ID,TITLE,PARTICIPANTS,START_TIME,END_TIME,COMMENTS,NEED_PROJECTOR,NEED_LOUDSPEAKER,NEED_BEVERAGE,NEED_FRUITS,NEED_SNACKS,SNACK_LEVEL,NUM_OF_PEOPLE,STATE,PR_ID,ALLDAY) values ('25','1','徐晋','LOC-1','丽园','2001','22','fffffffff','eeeeeeeeeeee',to_timestamp('13-FEB-13 12.00.00.000000000 AM','DD-MON-RR HH.MI.SS.FF AM'),to_timestamp('13-FEB-13 12.00.00.000000000 AM','DD-MON-RR HH.MI.SS.FF AM'),null,'N','Y','N','N','N',null,12,'已审核',null,'TIME');
Insert into OA.CONF_ROOM_CALENDAR (ID,USER_ID,USER_DISPLAY_NAME,LOCATION_ID,LOCATION_NAME,MEETING_ROOM,MEETING_ROOM_ID,TITLE,PARTICIPANTS,START_TIME,END_TIME,COMMENTS,NEED_PROJECTOR,NEED_LOUDSPEAKER,NEED_BEVERAGE,NEED_FRUITS,NEED_SNACKS,SNACK_LEVEL,NUM_OF_PEOPLE,STATE,PR_ID,ALLDAY) values ('26','1','徐晋','LOC-1','丽园','1001','21','eeeeeeeeeee','wwwwwwwwwwwww',to_timestamp('14-FEB-13 12.00.00.000000000 AM','DD-MON-RR HH.MI.SS.FF AM'),to_timestamp('14-FEB-13 12.00.00.000000000 AM','DD-MON-RR HH.MI.SS.FF AM'),null,'N','N','N','N','Y',null,10,'已审核',null,'TIME');
Insert into OA.CONF_ROOM_CALENDAR (ID,USER_ID,USER_DISPLAY_NAME,LOCATION_ID,LOCATION_NAME,MEETING_ROOM,MEETING_ROOM_ID,TITLE,PARTICIPANTS,START_TIME,END_TIME,COMMENTS,NEED_PROJECTOR,NEED_LOUDSPEAKER,NEED_BEVERAGE,NEED_FRUITS,NEED_SNACKS,SNACK_LEVEL,NUM_OF_PEOPLE,STATE,PR_ID,ALLDAY) values ('27','2','总务主任','LOC-1','丽园','1001','21','yyyyyyyyyy','yyyyyyyyyyy',to_timestamp('14-FEB-13 12.00.00.000000000 AM','DD-MON-RR HH.MI.SS.FF AM'),to_timestamp('14-FEB-13 11.59.59.000000000 PM','DD-MON-RR HH.MI.SS.FF AM'),'ggg','N','N','N','N','Y','10',10,'已审核',null,'ALLDAY');
Insert into OA.CONF_ROOM_CALENDAR (ID,USER_ID,USER_DISPLAY_NAME,LOCATION_ID,LOCATION_NAME,MEETING_ROOM,MEETING_ROOM_ID,TITLE,PARTICIPANTS,START_TIME,END_TIME,COMMENTS,NEED_PROJECTOR,NEED_LOUDSPEAKER,NEED_BEVERAGE,NEED_FRUITS,NEED_SNACKS,SNACK_LEVEL,NUM_OF_PEOPLE,STATE,PR_ID,ALLDAY) values ('28','3','普通用户','LOC-1','丽园','1001','21','uuuuuuuu','ttttttttttttt',to_timestamp('17-FEB-13 08.00.00.000000000 AM','DD-MON-RR HH.MI.SS.FF AM'),to_timestamp('17-FEB-13 11.00.00.000000000 AM','DD-MON-RR HH.MI.SS.FF AM'),null,'N','N','N','N','N',null,10,'已审核',null,'TIME');
Insert into OA.CONF_ROOM_CALENDAR (ID,USER_ID,USER_DISPLAY_NAME,LOCATION_ID,LOCATION_NAME,MEETING_ROOM,MEETING_ROOM_ID,TITLE,PARTICIPANTS,START_TIME,END_TIME,COMMENTS,NEED_PROJECTOR,NEED_LOUDSPEAKER,NEED_BEVERAGE,NEED_FRUITS,NEED_SNACKS,SNACK_LEVEL,NUM_OF_PEOPLE,STATE,PR_ID,ALLDAY) values ('29','1','徐晋','LOC-1','丽园','2001','22','eeeeeeeeettttttt','wwwwwwwwwwwww',to_timestamp('17-FEB-13 12.00.00.000000000 AM','DD-MON-RR HH.MI.SS.FF AM'),to_timestamp('17-FEB-13 11.59.59.000000000 PM','DD-MON-RR HH.MI.SS.FF AM'),null,'Y','N','N','N','N',null,10,'已取消',null,'ALLDAY');
Insert into OA.CONF_ROOM_CALENDAR (ID,USER_ID,USER_DISPLAY_NAME,LOCATION_ID,LOCATION_NAME,MEETING_ROOM,MEETING_ROOM_ID,TITLE,PARTICIPANTS,START_TIME,END_TIME,COMMENTS,NEED_PROJECTOR,NEED_LOUDSPEAKER,NEED_BEVERAGE,NEED_FRUITS,NEED_SNACKS,SNACK_LEVEL,NUM_OF_PEOPLE,STATE,PR_ID,ALLDAY) values ('30','1','徐晋','LOC-1','丽园','2001','22','eeeeeeeeee','wwwwwwwwwwww',to_timestamp('17-FEB-13 12.00.00.000000000 AM','DD-MON-RR HH.MI.SS.FF AM'),to_timestamp('17-FEB-13 12.00.00.000000000 AM','DD-MON-RR HH.MI.SS.FF AM'),null,'N','N','Y','N','N',null,0,'未提交',null,'TIME');
REM INSERTING into OA.DEPARTMENTS
Insert into OA.DEPARTMENTS (DEPT_ID,DEPT_NAME,LOCATION_ID,MGR_ID,CREATED_AT,CREATED_BY,LAST_UPDATED_AT,LAST_UPDATED_BY,MGR_NAME,EXPIRED) values ('3','总务处','LOC-1','1',to_date('01-FEB-13','DD-MON-RR'),'徐晋',to_date('01-FEB-13','DD-MON-RR'),'徐晋','徐晋','N');
Insert into OA.DEPARTMENTS (DEPT_ID,DEPT_NAME,LOCATION_ID,MGR_ID,CREATED_AT,CREATED_BY,LAST_UPDATED_AT,LAST_UPDATED_BY,MGR_NAME,EXPIRED) values ('4','财务部','LOC-2','3',to_date('01-FEB-13','DD-MON-RR'),'徐晋',to_date('01-FEB-13','DD-MON-RR'),'徐晋','普通用户','N');
Insert into OA.DEPARTMENTS (DEPT_ID,DEPT_NAME,LOCATION_ID,MGR_ID,CREATED_AT,CREATED_BY,LAST_UPDATED_AT,LAST_UPDATED_BY,MGR_NAME,EXPIRED) values ('21','fffffffffffff','LOC-1','3',to_date('08-FEB-13','DD-MON-RR'),'徐晋',to_date('08-FEB-13','DD-MON-RR'),'徐晋','普通用户','Y');
Insert into OA.DEPARTMENTS (DEPT_ID,DEPT_NAME,LOCATION_ID,MGR_ID,CREATED_AT,CREATED_BY,LAST_UPDATED_AT,LAST_UPDATED_BY,MGR_NAME,EXPIRED) values ('22','aaaa','LOC-1',null,to_date('08-FEB-13','DD-MON-RR'),'徐晋',to_date('08-FEB-13','DD-MON-RR'),'徐晋',null,'Y');
Insert into OA.DEPARTMENTS (DEPT_ID,DEPT_NAME,LOCATION_ID,MGR_ID,CREATED_AT,CREATED_BY,LAST_UPDATED_AT,LAST_UPDATED_BY,MGR_NAME,EXPIRED) values ('23','ffff','LOC-1','3',to_date('08-FEB-13','DD-MON-RR'),'徐晋',to_date('08-FEB-13','DD-MON-RR'),'徐晋','普通用户','Y');
Insert into OA.DEPARTMENTS (DEPT_ID,DEPT_NAME,LOCATION_ID,MGR_ID,CREATED_AT,CREATED_BY,LAST_UPDATED_AT,LAST_UPDATED_BY,MGR_NAME,EXPIRED) values ('24','fff','LOC-1',null,to_date('08-FEB-13','DD-MON-RR'),'徐晋',null,'徐晋',null,'Y');
Insert into OA.DEPARTMENTS (DEPT_ID,DEPT_NAME,LOCATION_ID,MGR_ID,CREATED_AT,CREATED_BY,LAST_UPDATED_AT,LAST_UPDATED_BY,MGR_NAME,EXPIRED) values ('25','测试','LOC-1','3',to_date('15-FEB-13','DD-MON-RR'),null,null,null,'普通用户','Y');
REM INSERTING into OA.EMPLOYEES
Insert into OA.EMPLOYEES (USER_NAME,PASSWORD,FIRST_NAME,LAST_NAME,GENDER,MGR_ID,DEPT_ID,EMAIL,MOBILE,OFFICE_PHONE,HOME_PHONE,FAX,LOCATION_ID,HOME_ADDRESS,OFFICE_ADDRESS,LAST_UPDATED_BY,LAST_UPDATED_AT,CREATED_BY,CREATED_AT,TITLE,ID,MGR_NAME,DEPT_NAME,EXPIRED) values ('gene','welcome1','晋','徐','男','2','3','gene.xujin@gmail.com','18621910893','50172665','50172665','50172665',null,'浦电路305弄','丽园路11101',null,to_date('01-FEB-13','DD-MON-RR'),null,null,'管理员','1','总务主任','总务处','N');
Insert into OA.EMPLOYEES (USER_NAME,PASSWORD,FIRST_NAME,LAST_NAME,GENDER,MGR_ID,DEPT_ID,EMAIL,MOBILE,OFFICE_PHONE,HOME_PHONE,FAX,LOCATION_ID,HOME_ADDRESS,OFFICE_ADDRESS,LAST_UPDATED_BY,LAST_UPDATED_AT,CREATED_BY,CREATED_AT,TITLE,ID,MGR_NAME,DEPT_NAME,EXPIRED) values ('pairliu','welcome1','主任','总务','男','23','4',null,'18621910893',null,null,null,null,null,null,null,to_date('01-FEB-13','DD-MON-RR'),null,null,'总务主任','2','办公室主任','财务部','N');
Insert into OA.EMPLOYEES (USER_NAME,PASSWORD,FIRST_NAME,LAST_NAME,GENDER,MGR_ID,DEPT_ID,EMAIL,MOBILE,OFFICE_PHONE,HOME_PHONE,FAX,LOCATION_ID,HOME_ADDRESS,OFFICE_ADDRESS,LAST_UPDATED_BY,LAST_UPDATED_AT,CREATED_BY,CREATED_AT,TITLE,ID,MGR_NAME,DEPT_NAME,EXPIRED) values ('normal','welcome1','用户','普通','男','3','4',null,'18621910893',null,null,null,null,null,null,'徐晋',to_date('08-FEB-13','DD-MON-RR'),null,null,'普通用户','3','普通用户','财务部','N');
Insert into OA.EMPLOYEES (USER_NAME,PASSWORD,FIRST_NAME,LAST_NAME,GENDER,MGR_ID,DEPT_ID,EMAIL,MOBILE,OFFICE_PHONE,HOME_PHONE,FAX,LOCATION_ID,HOME_ADDRESS,OFFICE_ADDRESS,LAST_UPDATED_BY,LAST_UPDATED_AT,CREATED_BY,CREATED_AT,TITLE,ID,MGR_NAME,DEPT_NAME,EXPIRED) values ('engineer','welcome1','维修员','李','男','2','3',null,'18621910893',null,null,null,null,null,null,'徐晋',to_date('08-FEB-13','DD-MON-RR'),null,null,'普通用户','4','总务主任','总务处','N');
Insert into OA.EMPLOYEES (USER_NAME,PASSWORD,FIRST_NAME,LAST_NAME,GENDER,MGR_ID,DEPT_ID,EMAIL,MOBILE,OFFICE_PHONE,HOME_PHONE,FAX,LOCATION_ID,HOME_ADDRESS,OFFICE_ADDRESS,LAST_UPDATED_BY,LAST_UPDATED_AT,CREATED_BY,CREATED_AT,TITLE,ID,MGR_NAME,DEPT_NAME,EXPIRED) values ('panjie','welcome1','主任','办公室',null,'3','3',null,'18621910893',null,null,null,null,null,null,'徐晋',to_date('08-FEB-13','DD-MON-RR'),null,null,'办公室主任','23','普通用户','总务处','N');
Insert into OA.EMPLOYEES (USER_NAME,PASSWORD,FIRST_NAME,LAST_NAME,GENDER,MGR_ID,DEPT_ID,EMAIL,MOBILE,OFFICE_PHONE,HOME_PHONE,FAX,LOCATION_ID,HOME_ADDRESS,OFFICE_ADDRESS,LAST_UPDATED_BY,LAST_UPDATED_AT,CREATED_BY,CREATED_AT,TITLE,ID,MGR_NAME,DEPT_NAME,EXPIRED) values ('bumen','welcome1','主任','部门',null,'23','4',null,'18621910893',null,null,null,null,null,null,'徐晋',to_date('08-FEB-13','DD-MON-RR'),null,null,'部门主任','24','办公室主任','财务部','N');
Insert into OA.EMPLOYEES (USER_NAME,PASSWORD,FIRST_NAME,LAST_NAME,GENDER,MGR_ID,DEPT_ID,EMAIL,MOBILE,OFFICE_PHONE,HOME_PHONE,FAX,LOCATION_ID,HOME_ADDRESS,OFFICE_ADDRESS,LAST_UPDATED_BY,LAST_UPDATED_AT,CREATED_BY,CREATED_AT,TITLE,ID,MGR_NAME,DEPT_NAME,EXPIRED) values ('lixiang','abcdefg','23','sdfsdf',null,'2','3',null,'18621910893',null,null,null,null,null,null,'徐晋',to_date('08-FEB-13','DD-MON-RR'),'徐晋',to_date('08-FEB-13','DD-MON-RR'),'sdfsdf','43','总务主任','总务处','Y');
Insert into OA.EMPLOYEES (USER_NAME,PASSWORD,FIRST_NAME,LAST_NAME,GENDER,MGR_ID,DEPT_ID,EMAIL,MOBILE,OFFICE_PHONE,HOME_PHONE,FAX,LOCATION_ID,HOME_ADDRESS,OFFICE_ADDRESS,LAST_UPDATED_BY,LAST_UPDATED_AT,CREATED_BY,CREATED_AT,TITLE,ID,MGR_NAME,DEPT_NAME,EXPIRED) values ('ttt','welcome1','ff','f',null,'2',null,null,'18621910893',null,null,null,null,null,null,'徐晋',to_date('08-FEB-13','DD-MON-RR'),'徐晋',to_date('08-FEB-13','DD-MON-RR'),'f','44','总务主任',null,'Y');
Insert into OA.EMPLOYEES (USER_NAME,PASSWORD,FIRST_NAME,LAST_NAME,GENDER,MGR_ID,DEPT_ID,EMAIL,MOBILE,OFFICE_PHONE,HOME_PHONE,FAX,LOCATION_ID,HOME_ADDRESS,OFFICE_ADDRESS,LAST_UPDATED_BY,LAST_UPDATED_AT,CREATED_BY,CREATED_AT,TITLE,ID,MGR_NAME,DEPT_NAME,EXPIRED) values ('asdfdsaf','welcome1','fff','fff',null,'2','3',null,'18621910893',null,null,null,null,null,null,'徐晋',null,'徐晋',to_date('08-FEB-13','DD-MON-RR'),'fff','45','总务主任','总务处','Y');
Insert into OA.EMPLOYEES (USER_NAME,PASSWORD,FIRST_NAME,LAST_NAME,GENDER,MGR_ID,DEPT_ID,EMAIL,MOBILE,OFFICE_PHONE,HOME_PHONE,FAX,LOCATION_ID,HOME_ADDRESS,OFFICE_ADDRESS,LAST_UPDATED_BY,LAST_UPDATED_AT,CREATED_BY,CREATED_AT,TITLE,ID,MGR_NAME,DEPT_NAME,EXPIRED) values ('ffff','welcome1','f','f','女','2',null,null,'18621910893',null,null,null,null,null,null,'徐晋',null,'徐晋',to_date('08-FEB-13','DD-MON-RR'),null,'46','总务主任',null,'Y');
Insert into OA.EMPLOYEES (USER_NAME,PASSWORD,FIRST_NAME,LAST_NAME,GENDER,MGR_ID,DEPT_ID,EMAIL,MOBILE,OFFICE_PHONE,HOME_PHONE,FAX,LOCATION_ID,HOME_ADDRESS,OFFICE_ADDRESS,LAST_UPDATED_BY,LAST_UPDATED_AT,CREATED_BY,CREATED_AT,TITLE,ID,MGR_NAME,DEPT_NAME,EXPIRED) values ('CCCC','welcome1','F','F','女','2','3',null,'11111','1111',null,null,null,null,null,null,null,null,to_date('15-FEB-13','DD-MON-RR'),null,'47','总务主任','总务处','N');
REM INSERTING into OA.HELPDESK_CALLS
Insert into OA.HELPDESK_CALLS (CALL_ID,CALL_READABLE_ID,CALLER_ID,CALLEE_ID,LOCATION_ID,LOCATION_DETAIL,CREATE_BY,CREATE_AT,LAST_UPDATED_BY,LAST_UPDATED_AT,STATE,CALL_RESULT,CALL_RESULT_DETAIL,CALL_EVAL,CALL_EVAL_DETAIL,REASON_LEVEL_1,REASON_LEVEL_2,REASON_LEVEL_3,REASON_DETAIL) values ('22','BX-22','1',null,'LOC-1','hggggggg',null,to_date('16-FEB-13','DD-MON-RR'),null,to_date('16-FEB-13','DD-MON-RR'),'未提交',null,null,null,null,'硬件问题',null,null,'hgghgh');
Insert into OA.HELPDESK_CALLS (CALL_ID,CALL_READABLE_ID,CALLER_ID,CALLEE_ID,LOCATION_ID,LOCATION_DETAIL,CREATE_BY,CREATE_AT,LAST_UPDATED_BY,LAST_UPDATED_AT,STATE,CALL_RESULT,CALL_RESULT_DETAIL,CALL_EVAL,CALL_EVAL_DETAIL,REASON_LEVEL_1,REASON_LEVEL_2,REASON_LEVEL_3,REASON_DETAIL) values ('23','BX-23','1',null,'LOC-1',null,null,to_date('16-FEB-13','DD-MON-RR'),null,to_date('16-FEB-13','DD-MON-RR'),'未提交',null,null,null,null,'网络问题',null,null,null);
Insert into OA.HELPDESK_CALLS (CALL_ID,CALL_READABLE_ID,CALLER_ID,CALLEE_ID,LOCATION_ID,LOCATION_DETAIL,CREATE_BY,CREATE_AT,LAST_UPDATED_BY,LAST_UPDATED_AT,STATE,CALL_RESULT,CALL_RESULT_DETAIL,CALL_EVAL,CALL_EVAL_DETAIL,REASON_LEVEL_1,REASON_LEVEL_2,REASON_LEVEL_3,REASON_DETAIL) values ('24','BX-24','1','4','LOC-1','fffff',null,to_date('16-FEB-13','DD-MON-RR'),null,to_date('16-FEB-13','DD-MON-RR'),'未提交',null,null,null,null,'网络问题',null,null,'ffff');
Insert into OA.HELPDESK_CALLS (CALL_ID,CALL_READABLE_ID,CALLER_ID,CALLEE_ID,LOCATION_ID,LOCATION_DETAIL,CREATE_BY,CREATE_AT,LAST_UPDATED_BY,LAST_UPDATED_AT,STATE,CALL_RESULT,CALL_RESULT_DETAIL,CALL_EVAL,CALL_EVAL_DETAIL,REASON_LEVEL_1,REASON_LEVEL_2,REASON_LEVEL_3,REASON_DETAIL) values ('25','BX-25','1','1','LOC-1','23',null,null,null,null,'未提交',null,null,null,null,'硬件问题',null,null,'23');
Insert into OA.HELPDESK_CALLS (CALL_ID,CALL_READABLE_ID,CALLER_ID,CALLEE_ID,LOCATION_ID,LOCATION_DETAIL,CREATE_BY,CREATE_AT,LAST_UPDATED_BY,LAST_UPDATED_AT,STATE,CALL_RESULT,CALL_RESULT_DETAIL,CALL_EVAL,CALL_EVAL_DETAIL,REASON_LEVEL_1,REASON_LEVEL_2,REASON_LEVEL_3,REASON_DETAIL) values ('21','BX-21','1',null,'LOC-1','1`2`12',null,to_date('16-FEB-13','DD-MON-RR'),null,null,'已受理',null,null,null,null,'网络问题',null,null,'`12`12');
REM INSERTING into OA.LOCATIONS
Insert into OA.LOCATIONS (LOCATION_ID,FAX,STREET_ADDRESS,POSTAL_CODE,LOCATION_NAME,FRONT_DESK_PHONE,CREATED_AT,CREATED_BY,LAST_UPDATED_AT,LAST_UPDATED_BY,EXPIRED) values ('LOC-1','12',null,null,'丽园',null,null,null,null,null,'N');
Insert into OA.LOCATIONS (LOCATION_ID,FAX,STREET_ADDRESS,POSTAL_CODE,LOCATION_NAME,FRONT_DESK_PHONE,CREATED_AT,CREATED_BY,LAST_UPDATED_AT,LAST_UPDATED_BY,EXPIRED) values ('LOC-2',null,null,null,'自忠',null,null,null,null,null,'N');
REM INSERTING into OA.LOVS
Insert into OA.LOVS (ID,CODE,LOV_DESC,PARENT_CODE,VALUE,CREATED_AT,CREATED_BY,LAST_UPDATED_BY,LAST_UPDATED_AT,FLEX_COL1,FLEX_COL2,FLEX_COL3,EXPIRED) values ('1','ClsRm','class room',null,'教室101',null,null,null,null,'LOC-1','(12座)',null,'N');
Insert into OA.LOVS (ID,CODE,LOV_DESC,PARENT_CODE,VALUE,CREATED_AT,CREATED_BY,LAST_UPDATED_BY,LAST_UPDATED_AT,FLEX_COL1,FLEX_COL2,FLEX_COL3,EXPIRED) values ('2','ClsRm',null,null,'教室102',null,null,null,null,'LOC-2','(22座)',null,'N');
Insert into OA.LOVS (ID,CODE,LOV_DESC,PARENT_CODE,VALUE,CREATED_AT,CREATED_BY,LAST_UPDATED_BY,LAST_UPDATED_AT,FLEX_COL1,FLEX_COL2,FLEX_COL3,EXPIRED) values ('3','ClsRm',null,null,'教室203',null,null,null,null,'LOC-1','(33座)',null,'N');
Insert into OA.LOVS (ID,CODE,LOV_DESC,PARENT_CODE,VALUE,CREATED_AT,CREATED_BY,LAST_UPDATED_BY,LAST_UPDATED_AT,FLEX_COL1,FLEX_COL2,FLEX_COL3,EXPIRED) values ('4','ClsRm',null,null,'教室401',null,null,null,null,'LOC-2','(15座)',null,'N');
Insert into OA.LOVS (ID,CODE,LOV_DESC,PARENT_CODE,VALUE,CREATED_AT,CREATED_BY,LAST_UPDATED_BY,LAST_UPDATED_AT,FLEX_COL1,FLEX_COL2,FLEX_COL3,EXPIRED) values ('5','ClsRmBatchSeq','Class Room Batch Sequence',null,'23',null,null,'徐晋',null,null,null,null,'N');
Insert into OA.LOVS (ID,CODE,LOV_DESC,PARENT_CODE,VALUE,CREATED_AT,CREATED_BY,LAST_UPDATED_BY,LAST_UPDATED_AT,FLEX_COL1,FLEX_COL2,FLEX_COL3,EXPIRED) values ('20','ConfRm',null,null,'3001',null,null,null,null,null,'（50座）','LOC-2','N');
Insert into OA.LOVS (ID,CODE,LOV_DESC,PARENT_CODE,VALUE,CREATED_AT,CREATED_BY,LAST_UPDATED_BY,LAST_UPDATED_AT,FLEX_COL1,FLEX_COL2,FLEX_COL3,EXPIRED) values ('21','ConfRm',null,null,'1001',null,null,null,null,null,'（20座）','LOC-1','N');
Insert into OA.LOVS (ID,CODE,LOV_DESC,PARENT_CODE,VALUE,CREATED_AT,CREATED_BY,LAST_UPDATED_BY,LAST_UPDATED_AT,FLEX_COL1,FLEX_COL2,FLEX_COL3,EXPIRED) values ('22','ConfRm',null,null,'2001',null,null,null,null,null,'（20座）','LOC-1','N');
Insert into OA.LOVS (ID,CODE,LOV_DESC,PARENT_CODE,VALUE,CREATED_AT,CREATED_BY,LAST_UPDATED_BY,LAST_UPDATED_AT,FLEX_COL1,FLEX_COL2,FLEX_COL3,EXPIRED) values ('23','ConfRm',null,null,'4001',null,null,null,null,null,'（100座）','LOC-2','N');
Insert into OA.LOVS (ID,CODE,LOV_DESC,PARENT_CODE,VALUE,CREATED_AT,CREATED_BY,LAST_UPDATED_BY,LAST_UPDATED_AT,FLEX_COL1,FLEX_COL2,FLEX_COL3,EXPIRED) values ('6','HdRsnLv1',null,null,'网络问题',null,null,null,null,null,null,null,'N');
Insert into OA.LOVS (ID,CODE,LOV_DESC,PARENT_CODE,VALUE,CREATED_AT,CREATED_BY,LAST_UPDATED_BY,LAST_UPDATED_AT,FLEX_COL1,FLEX_COL2,FLEX_COL3,EXPIRED) values ('7','HdRsnLv1',null,null,'硬件问题',null,null,null,null,null,null,null,'N');
Insert into OA.LOVS (ID,CODE,LOV_DESC,PARENT_CODE,VALUE,CREATED_AT,CREATED_BY,LAST_UPDATED_BY,LAST_UPDATED_AT,FLEX_COL1,FLEX_COL2,FLEX_COL3,EXPIRED) values ('8','HdRsnLv1',null,null,'软件问题',null,null,null,null,null,null,null,'N');
Insert into OA.LOVS (ID,CODE,LOV_DESC,PARENT_CODE,VALUE,CREATED_AT,CREATED_BY,LAST_UPDATED_BY,LAST_UPDATED_AT,FLEX_COL1,FLEX_COL2,FLEX_COL3,EXPIRED) values ('9','HdRsnLv2',null,'7','显示器问题',null,null,null,null,null,null,null,'N');
Insert into OA.LOVS (ID,CODE,LOV_DESC,PARENT_CODE,VALUE,CREATED_AT,CREATED_BY,LAST_UPDATED_BY,LAST_UPDATED_AT,FLEX_COL1,FLEX_COL2,FLEX_COL3,EXPIRED) values ('10','HdRsnLv2',null,'7','鼠标问题',null,null,null,null,null,null,null,'N');
Insert into OA.LOVS (ID,CODE,LOV_DESC,PARENT_CODE,VALUE,CREATED_AT,CREATED_BY,LAST_UPDATED_BY,LAST_UPDATED_AT,FLEX_COL1,FLEX_COL2,FLEX_COL3,EXPIRED) values ('11','HdRsnLv2',null,'8','IE问题',null,null,null,null,null,null,null,'N');
Insert into OA.LOVS (ID,CODE,LOV_DESC,PARENT_CODE,VALUE,CREATED_AT,CREATED_BY,LAST_UPDATED_BY,LAST_UPDATED_AT,FLEX_COL1,FLEX_COL2,FLEX_COL3,EXPIRED) values ('12','HdRsnLv2',null,'8','Word问题',null,null,null,null,null,null,null,'N');
Insert into OA.LOVS (ID,CODE,LOV_DESC,PARENT_CODE,VALUE,CREATED_AT,CREATED_BY,LAST_UPDATED_BY,LAST_UPDATED_AT,FLEX_COL1,FLEX_COL2,FLEX_COL3,EXPIRED) values ('13','HdRsnLv2',null,'6','路由器问题',null,null,null,null,null,null,null,'N');
Insert into OA.LOVS (ID,CODE,LOV_DESC,PARENT_CODE,VALUE,CREATED_AT,CREATED_BY,LAST_UPDATED_BY,LAST_UPDATED_AT,FLEX_COL1,FLEX_COL2,FLEX_COL3,EXPIRED) values ('14','HdRsnLv2',null,'6','网线问题',null,null,null,null,null,null,null,'N');
Insert into OA.LOVS (ID,CODE,LOV_DESC,PARENT_CODE,VALUE,CREATED_AT,CREATED_BY,LAST_UPDATED_BY,LAST_UPDATED_AT,FLEX_COL1,FLEX_COL2,FLEX_COL3,EXPIRED) values ('15','HdState',null,null,'未提交',null,null,null,null,'1',null,null,'N');
Insert into OA.LOVS (ID,CODE,LOV_DESC,PARENT_CODE,VALUE,CREATED_AT,CREATED_BY,LAST_UPDATED_BY,LAST_UPDATED_AT,FLEX_COL1,FLEX_COL2,FLEX_COL3,EXPIRED) values ('16','HdState',null,null,'已受理',null,null,null,null,'2',null,null,'N');
Insert into OA.LOVS (ID,CODE,LOV_DESC,PARENT_CODE,VALUE,CREATED_AT,CREATED_BY,LAST_UPDATED_BY,LAST_UPDATED_AT,FLEX_COL1,FLEX_COL2,FLEX_COL3,EXPIRED) values ('17','HdState',null,null,'已处理',null,null,null,null,'3',null,null,'N');
Insert into OA.LOVS (ID,CODE,LOV_DESC,PARENT_CODE,VALUE,CREATED_AT,CREATED_BY,LAST_UPDATED_BY,LAST_UPDATED_AT,FLEX_COL1,FLEX_COL2,FLEX_COL3,EXPIRED) values ('18','HdState',null,null,'已评价',null,null,null,null,'4',null,null,'N');
Insert into OA.LOVS (ID,CODE,LOV_DESC,PARENT_CODE,VALUE,CREATED_AT,CREATED_BY,LAST_UPDATED_BY,LAST_UPDATED_AT,FLEX_COL1,FLEX_COL2,FLEX_COL3,EXPIRED) values ('19','HdState',null,null,'已撤消',null,null,null,null,'5',null,null,'N');
Insert into OA.LOVS (ID,CODE,LOV_DESC,PARENT_CODE,VALUE,CREATED_AT,CREATED_BY,LAST_UPDATED_BY,LAST_UPDATED_AT,FLEX_COL1,FLEX_COL2,FLEX_COL3,EXPIRED) values ('24','SnackLevel',null,null,'10',null,null,null,null,'10元',null,null,'N');
Insert into OA.LOVS (ID,CODE,LOV_DESC,PARENT_CODE,VALUE,CREATED_AT,CREATED_BY,LAST_UPDATED_BY,LAST_UPDATED_AT,FLEX_COL1,FLEX_COL2,FLEX_COL3,EXPIRED) values ('25','SnackLevel',null,null,'20',null,null,null,null,'20元',null,null,'N');
Insert into OA.LOVS (ID,CODE,LOV_DESC,PARENT_CODE,VALUE,CREATED_AT,CREATED_BY,LAST_UPDATED_BY,LAST_UPDATED_AT,FLEX_COL1,FLEX_COL2,FLEX_COL3,EXPIRED) values ('26','SnackLevel',null,null,'30',null,null,null,null,'30元',null,null,'N');
Insert into OA.LOVS (ID,CODE,LOV_DESC,PARENT_CODE,VALUE,CREATED_AT,CREATED_BY,LAST_UPDATED_BY,LAST_UPDATED_AT,FLEX_COL1,FLEX_COL2,FLEX_COL3,EXPIRED) values ('27','SnackLevel',null,null,'40',null,null,null,null,'40元',null,null,'N');
Insert into OA.LOVS (ID,CODE,LOV_DESC,PARENT_CODE,VALUE,CREATED_AT,CREATED_BY,LAST_UPDATED_BY,LAST_UPDATED_AT,FLEX_COL1,FLEX_COL2,FLEX_COL3,EXPIRED) values ('28','Vehicle',null,null,'沪A88888',null,null,null,null,'帕萨特',null,null,'N');
Insert into OA.LOVS (ID,CODE,LOV_DESC,PARENT_CODE,VALUE,CREATED_AT,CREATED_BY,LAST_UPDATED_BY,LAST_UPDATED_AT,FLEX_COL1,FLEX_COL2,FLEX_COL3,EXPIRED) values ('29','Vehicle',null,null,'沪A66666',null,null,null,null,'别克商务',null,null,'N');
Insert into OA.LOVS (ID,CODE,LOV_DESC,PARENT_CODE,VALUE,CREATED_AT,CREATED_BY,LAST_UPDATED_BY,LAST_UPDATED_AT,FLEX_COL1,FLEX_COL2,FLEX_COL3,EXPIRED) values ('30','Vehicle',null,null,'沪A99999',null,null,null,null,'大巴',null,null,'N');
Insert into OA.LOVS (ID,CODE,LOV_DESC,PARENT_CODE,VALUE,CREATED_AT,CREATED_BY,LAST_UPDATED_BY,LAST_UPDATED_AT,FLEX_COL1,FLEX_COL2,FLEX_COL3,EXPIRED) values ('31','Vehicle',null,null,'沪A18188',null,null,null,null,'奥迪A8',null,null,'N');
Insert into OA.LOVS (ID,CODE,LOV_DESC,PARENT_CODE,VALUE,CREATED_AT,CREATED_BY,LAST_UPDATED_BY,LAST_UPDATED_AT,FLEX_COL1,FLEX_COL2,FLEX_COL3,EXPIRED) values ('32','PoState',null,null,'未提交',null,null,null,null,'1',null,null,'N');
Insert into OA.LOVS (ID,CODE,LOV_DESC,PARENT_CODE,VALUE,CREATED_AT,CREATED_BY,LAST_UPDATED_BY,LAST_UPDATED_AT,FLEX_COL1,FLEX_COL2,FLEX_COL3,EXPIRED) values ('33','PoState',null,null,'待审核',null,null,null,null,'2',null,null,'N');
Insert into OA.LOVS (ID,CODE,LOV_DESC,PARENT_CODE,VALUE,CREATED_AT,CREATED_BY,LAST_UPDATED_BY,LAST_UPDATED_AT,FLEX_COL1,FLEX_COL2,FLEX_COL3,EXPIRED) values ('34','PoState',null,null,'待审批',null,null,null,null,'3',null,null,'N');
Insert into OA.LOVS (ID,CODE,LOV_DESC,PARENT_CODE,VALUE,CREATED_AT,CREATED_BY,LAST_UPDATED_BY,LAST_UPDATED_AT,FLEX_COL1,FLEX_COL2,FLEX_COL3,EXPIRED) values ('35','PoState',null,null,'执行中',null,null,null,null,'4',null,null,'N');
Insert into OA.LOVS (ID,CODE,LOV_DESC,PARENT_CODE,VALUE,CREATED_AT,CREATED_BY,LAST_UPDATED_BY,LAST_UPDATED_AT,FLEX_COL1,FLEX_COL2,FLEX_COL3,EXPIRED) values ('36','PoState',null,null,'已完成',null,null,null,null,'5',null,null,'N');
Insert into OA.LOVS (ID,CODE,LOV_DESC,PARENT_CODE,VALUE,CREATED_AT,CREATED_BY,LAST_UPDATED_BY,LAST_UPDATED_AT,FLEX_COL1,FLEX_COL2,FLEX_COL3,EXPIRED) values ('37','PoState',null,null,'已撤消',null,null,null,null,'6',null,null,'N');
Insert into OA.LOVS (ID,CODE,LOV_DESC,PARENT_CODE,VALUE,CREATED_AT,CREATED_BY,LAST_UPDATED_BY,LAST_UPDATED_AT,FLEX_COL1,FLEX_COL2,FLEX_COL3,EXPIRED) values ('41','ClsRm',null,null,'教室3001',null,null,null,null,'LOC-1','（13座）',null,'N');
Insert into OA.LOVS (ID,CODE,LOV_DESC,PARENT_CODE,VALUE,CREATED_AT,CREATED_BY,LAST_UPDATED_BY,LAST_UPDATED_AT,FLEX_COL1,FLEX_COL2,FLEX_COL3,EXPIRED) values ('42','ClsRm',null,null,'4001',null,null,null,null,'LOC-2','（20座）',null,'Y');
Insert into OA.LOVS (ID,CODE,LOV_DESC,PARENT_CODE,VALUE,CREATED_AT,CREATED_BY,LAST_UPDATED_BY,LAST_UPDATED_AT,FLEX_COL1,FLEX_COL2,FLEX_COL3,EXPIRED) values ('43','ConfRm',null,null,'3002',null,null,null,null,null,'（50座）','LOC-2','N');
Insert into OA.LOVS (ID,CODE,LOV_DESC,PARENT_CODE,VALUE,CREATED_AT,CREATED_BY,LAST_UPDATED_BY,LAST_UPDATED_AT,FLEX_COL1,FLEX_COL2,FLEX_COL3,EXPIRED) values ('44','ConfRm',null,null,'3003',null,null,null,null,null,'（12座）','LOC-2','N');
Insert into OA.LOVS (ID,CODE,LOV_DESC,PARENT_CODE,VALUE,CREATED_AT,CREATED_BY,LAST_UPDATED_BY,LAST_UPDATED_AT,FLEX_COL1,FLEX_COL2,FLEX_COL3,EXPIRED) values ('45','ConfRm',null,null,'1003',null,null,null,null,null,'（11座）','LOC-1','N');
Insert into OA.LOVS (ID,CODE,LOV_DESC,PARENT_CODE,VALUE,CREATED_AT,CREATED_BY,LAST_UPDATED_BY,LAST_UPDATED_AT,FLEX_COL1,FLEX_COL2,FLEX_COL3,EXPIRED) values ('46','ConfRm',null,null,'3102',null,null,null,null,null,'（12座）','LOC-1','N');
Insert into OA.LOVS (ID,CODE,LOV_DESC,PARENT_CODE,VALUE,CREATED_AT,CREATED_BY,LAST_UPDATED_BY,LAST_UPDATED_AT,FLEX_COL1,FLEX_COL2,FLEX_COL3,EXPIRED) values ('47','ConfRm',null,null,'1111',null,null,null,null,null,'（12座）','LOC-1','N');
Insert into OA.LOVS (ID,CODE,LOV_DESC,PARENT_CODE,VALUE,CREATED_AT,CREATED_BY,LAST_UPDATED_BY,LAST_UPDATED_AT,FLEX_COL1,FLEX_COL2,FLEX_COL3,EXPIRED) values ('48','Vehicle',null,null,'沪00011',null,null,null,null,'发的方法',null,null,'N');
REM INSERTING into OA.MENUS
Insert into OA.MENUS (MENU_ID,MENU_NAME,MENU_TASKFLOW_URL,MENU_DESC,MENU_CATEGORY,PARENT_MENU_ID,MENU_MASTER_CATEGORY,MENU_ICON_URL,EXPIRED,SEQ) values ('SYS_PUR_MY_PR','我的采购申请','/WEB-INF/flows/po/MyPo.xml#MyPo','我的采购申请','PUR',null,'SYS','/images/icons/user.png','false','1');
Insert into OA.MENUS (MENU_ID,MENU_NAME,MENU_TASKFLOW_URL,MENU_DESC,MENU_CATEGORY,PARENT_MENU_ID,MENU_MASTER_CATEGORY,MENU_ICON_URL,EXPIRED,SEQ) values ('SYS_PUR_APPROVE','审批','/WEB-INF/flows/welcome/welcome-btf.xml#welcome-btf','审批','PUR',null,'SYS','/images/icons/check.png','false','3');
Insert into OA.MENUS (MENU_ID,MENU_NAME,MENU_TASKFLOW_URL,MENU_DESC,MENU_CATEGORY,PARENT_MENU_ID,MENU_MASTER_CATEGORY,MENU_ICON_URL,EXPIRED,SEQ) values ('SYS_PUR_REVIEW','审核','/WEB-INF/flows/welcome/welcome-btf.xml#welcome-btf','审核','PUR',null,'SYS','/images/icons/tasks.png','false','2');
Insert into OA.MENUS (MENU_ID,MENU_NAME,MENU_TASKFLOW_URL,MENU_DESC,MENU_CATEGORY,PARENT_MENU_ID,MENU_MASTER_CATEGORY,MENU_ICON_URL,EXPIRED,SEQ) values ('SYS_PUR_RECEIVE','收货','/WEB-INF/flows/welcome/welcome-btf.xml#welcome-btf','收货','PUR',null,'SYS','/images/icons/package.png','false','4');
Insert into OA.MENUS (MENU_ID,MENU_NAME,MENU_TASKFLOW_URL,MENU_DESC,MENU_CATEGORY,PARENT_MENU_ID,MENU_MASTER_CATEGORY,MENU_ICON_URL,EXPIRED,SEQ) values ('SYS_PUR_PR','采购订单','/WEB-INF/flows/welcome/welcome-btf.xml#welcome-btf','采购订单','PUR',null,'SYS','/images/icons/log.png','false','5');
Insert into OA.MENUS (MENU_ID,MENU_NAME,MENU_TASKFLOW_URL,MENU_DESC,MENU_CATEGORY,PARENT_MENU_ID,MENU_MASTER_CATEGORY,MENU_ICON_URL,EXPIRED,SEQ) values ('SYS_HD_MY_REQ','我的报修','/WEB-INF/flows/helpdesk/MyHdCall.xml#MyHdCall','我的报修','HD',null,'SYS','/images/icons/communicate.png','false','1');
Insert into OA.MENUS (MENU_ID,MENU_NAME,MENU_TASKFLOW_URL,MENU_DESC,MENU_CATEGORY,PARENT_MENU_ID,MENU_MASTER_CATEGORY,MENU_ICON_URL,EXPIRED,SEQ) values ('SYS_HD_REQ','报修单','/WEB-INF/flows/helpdesk/CreateHdCall.xml#CreateHdCall','报修单','HD',null,'SYS','/images/icons/constructor.png','false','3');
Insert into OA.MENUS (MENU_ID,MENU_NAME,MENU_TASKFLOW_URL,MENU_DESC,MENU_CATEGORY,PARENT_MENU_ID,MENU_MASTER_CATEGORY,MENU_ICON_URL,EXPIRED,SEQ) values ('SYS_HD_PROC','报修处理','/WEB-INF/flows/welcome/welcome-btf.xml#welcome-btf','报修处理','HD',null,'SYS','/images/icons/show_failures.png','false','2');
Insert into OA.MENUS (MENU_ID,MENU_NAME,MENU_TASKFLOW_URL,MENU_DESC,MENU_CATEGORY,PARENT_MENU_ID,MENU_MASTER_CATEGORY,MENU_ICON_URL,EXPIRED,SEQ) values ('SYS_CLSRM_CAL','教室日历','/WEB-INF/flows/clsrm/ClsRmCalendar.xml#ClsRmCalendar','教室日历','CLSRM',null,'SYS','/images/icons/chooseDate.png','false','1');
Insert into OA.MENUS (MENU_ID,MENU_NAME,MENU_TASKFLOW_URL,MENU_DESC,MENU_CATEGORY,PARENT_MENU_ID,MENU_MASTER_CATEGORY,MENU_ICON_URL,EXPIRED,SEQ) values ('SYS_CLSRM_BATCH','批量预定','/WEB-INF/flows/clsrm/batch-reservation-btf.xml#batch-reservation-btf','批量预定','CLSRM',null,'SYS','/images/icons/group.png','false','2');
Insert into OA.MENUS (MENU_ID,MENU_NAME,MENU_TASKFLOW_URL,MENU_DESC,MENU_CATEGORY,PARENT_MENU_ID,MENU_MASTER_CATEGORY,MENU_ICON_URL,EXPIRED,SEQ) values ('SYS_CONFRM_CAL','会议室日历','/WEB-INF/flows/confRm/confRm-calendar-btf.xml#confRm-calendar-btf','会议室日历','CONFRM',null,'SYS','/images/icons/chooseDate.png','false','1');
Insert into OA.MENUS (MENU_ID,MENU_NAME,MENU_TASKFLOW_URL,MENU_DESC,MENU_CATEGORY,PARENT_MENU_ID,MENU_MASTER_CATEGORY,MENU_ICON_URL,EXPIRED,SEQ) values ('SYS_CONFRM_REQ','会议室预订','/WEB-INF/flows/confRm/confRm-application-btf.xml#confRm-application-btf','会议室预定','CONFRM',null,'SYS','/images/icons/team.png','false','2');
Insert into OA.MENUS (MENU_ID,MENU_NAME,MENU_TASKFLOW_URL,MENU_DESC,MENU_CATEGORY,PARENT_MENU_ID,MENU_MASTER_CATEGORY,MENU_ICON_URL,EXPIRED,SEQ) values ('SYS_CONFRM_APPROVE','审核','/WEB-INF/flows/confRm/confRm-approval-btf.xml#confRm-approval-btf','审核','CONFRM',null,'SYS','/images/icons/tasks.png','false','3');
Insert into OA.MENUS (MENU_ID,MENU_NAME,MENU_TASKFLOW_URL,MENU_DESC,MENU_CATEGORY,PARENT_MENU_ID,MENU_MASTER_CATEGORY,MENU_ICON_URL,EXPIRED,SEQ) values ('SYS_CAR_CAL','车辆日历','/WEB-INF/flows/vehicle/vehicle-cal-btf.xml#vehicle-cal-btf','车辆日历','CAR',null,'SYS','/images/icons/chooseDate.png','false','1');
Insert into OA.MENUS (MENU_ID,MENU_NAME,MENU_TASKFLOW_URL,MENU_DESC,MENU_CATEGORY,PARENT_MENU_ID,MENU_MASTER_CATEGORY,MENU_ICON_URL,EXPIRED,SEQ) values ('SYS_CAR_REQ','用车申请','/WEB-INF/flows/vehicle/vehicle-application-btf.xml#vehicle-application-btf','用车申请','CAR',null,'SYS','/images/icons/car_arrow.png','false','2');
Insert into OA.MENUS (MENU_ID,MENU_NAME,MENU_TASKFLOW_URL,MENU_DESC,MENU_CATEGORY,PARENT_MENU_ID,MENU_MASTER_CATEGORY,MENU_ICON_URL,EXPIRED,SEQ) values ('SYS_CAR_APPROVE','审核','/WEB-INF/flows/vehicle/vehicle-app-approver-btf.xml#vehicle-app-approver-btf','审核','CAR',null,'SYS','/images/icons/tasks.png','false','3');
Insert into OA.MENUS (MENU_ID,MENU_NAME,MENU_TASKFLOW_URL,MENU_DESC,MENU_CATEGORY,PARENT_MENU_ID,MENU_MASTER_CATEGORY,MENU_ICON_URL,EXPIRED,SEQ) values ('SYS_MEAL_REQ','订餐','/WEB-INF/flows/welcome/welcome-btf.xml#welcome-btf','订餐','MEAL',null,'SYS',null,'false',null);
Insert into OA.MENUS (MENU_ID,MENU_NAME,MENU_TASKFLOW_URL,MENU_DESC,MENU_CATEGORY,PARENT_MENU_ID,MENU_MASTER_CATEGORY,MENU_ICON_URL,EXPIRED,SEQ) values ('SYS_ANCMT_REQ','发通知','/WEB-INF/flows/welcome/welcome-btf.xml#welcome-btf','发通知','ANCMT',null,'SYS',null,'false',null);
Insert into OA.MENUS (MENU_ID,MENU_NAME,MENU_TASKFLOW_URL,MENU_DESC,MENU_CATEGORY,PARENT_MENU_ID,MENU_MASTER_CATEGORY,MENU_ICON_URL,EXPIRED,SEQ) values ('SYS_ANCMT_LIST','通知列表','/WEB-INF/flows/welcome/welcome-btf.xml#welcome-btf','通知列表','ANCMT',null,'SYS',null,'false',null);
Insert into OA.MENUS (MENU_ID,MENU_NAME,MENU_TASKFLOW_URL,MENU_DESC,MENU_CATEGORY,PARENT_MENU_ID,MENU_MASTER_CATEGORY,MENU_ICON_URL,EXPIRED,SEQ) values ('SYS_CAR_TRIP_PLAN','调度','/WEB-INF/flows/vehicle/vehicle-app-planner-btf.xml#vehicle-app-planner-btf','调度','CAR',null,'SYS','/images/icons/unbounded_task_flow.png','false','4');
Insert into OA.MENUS (MENU_ID,MENU_NAME,MENU_TASKFLOW_URL,MENU_DESC,MENU_CATEGORY,PARENT_MENU_ID,MENU_MASTER_CATEGORY,MENU_ICON_URL,EXPIRED,SEQ) values ('ADMIN_DEPT','部门','/WEB-INF/flows/admin/departments-btf.xml#departments-btf','部门','DEPT',null,'ADMIN','/images/icons/node_role.png','false','4');
Insert into OA.MENUS (MENU_ID,MENU_NAME,MENU_TASKFLOW_URL,MENU_DESC,MENU_CATEGORY,PARENT_MENU_ID,MENU_MASTER_CATEGORY,MENU_ICON_URL,EXPIRED,SEQ) values ('ADMIN_EMP','员工','/WEB-INF/flows/admin/employees-btf.xml#employees-btf','员工','EMP',null,'ADMIN','/images/icons/team.png','false','5');
Insert into OA.MENUS (MENU_ID,MENU_NAME,MENU_TASKFLOW_URL,MENU_DESC,MENU_CATEGORY,PARENT_MENU_ID,MENU_MASTER_CATEGORY,MENU_ICON_URL,EXPIRED,SEQ) values ('ADMIN_MENUS','菜单','/WEB-INF/flows/admin/menus-btf.xml#menus-btf','菜单','MENU',null,'ADMIN','/images/icons/tree.png','false','6');
Insert into OA.MENUS (MENU_ID,MENU_NAME,MENU_TASKFLOW_URL,MENU_DESC,MENU_CATEGORY,PARENT_MENU_ID,MENU_MASTER_CATEGORY,MENU_ICON_URL,EXPIRED,SEQ) values ('ADMIN_ROLE','角色','/WEB-INF/flows/admin/roles-btf.xml#roles-btf','角色','ROLE',null,'ADMIN','/images/icons/actor.png','false','7');
Insert into OA.MENUS (MENU_ID,MENU_NAME,MENU_TASKFLOW_URL,MENU_DESC,MENU_CATEGORY,PARENT_MENU_ID,MENU_MASTER_CATEGORY,MENU_ICON_URL,EXPIRED,SEQ) values ('ADMIN_CLASSROOM','教室数据','/WEB-INF/flows/admin/classroom-btf.xml#classroom-btf','教室信息维护','CLSRM',null,'ADMIN','/images/icons/group.png','false','1');
Insert into OA.MENUS (MENU_ID,MENU_NAME,MENU_TASKFLOW_URL,MENU_DESC,MENU_CATEGORY,PARENT_MENU_ID,MENU_MASTER_CATEGORY,MENU_ICON_URL,EXPIRED,SEQ) values ('ADMIN_CONFROOM','会议室数据','/WEB-INF/flows/admin/conference-room-btf.xml#conference-room-btf','会议室数据','CONFRM',null,'ADMIN','/images/icons/team.png','false','2');
Insert into OA.MENUS (MENU_ID,MENU_NAME,MENU_TASKFLOW_URL,MENU_DESC,MENU_CATEGORY,PARENT_MENU_ID,MENU_MASTER_CATEGORY,MENU_ICON_URL,EXPIRED,SEQ) values ('ADMIN_VEHICLE','车辆数据','/WEB-INF/flows/admin/vehicle-btf.xml#vehicle-btf','车辆数据','VEHICLE',null,'ADMIN','/images/icons/car_arrow.png','false','3');
REM INSERTING into OA.NOTIFICATIONS
Insert into OA.NOTIFICATIONS (ID,CATEGORY,PRIORITY,TITLE,CONTENT,EVENT_DATE,IS_SMS_SENT,STATE,TO_USER_ID) values ('31','DEFAULT',0,'您为事由：wwwwwwwwwwww 所做的用车申请已审核完成，等待调度中。 ','审核时间：2013-02-13 04:38:27',to_date('13-FEB-13','DD-MON-RR'),'N','READ','1');
Insert into OA.NOTIFICATIONS (ID,CATEGORY,PRIORITY,TITLE,CONTENT,EVENT_DATE,IS_SMS_SENT,STATE,TO_USER_ID) values ('32','DEFAULT',0,'有新的用车申请已审核完成，等待您调度车辆。',' 事由：wwwwwwwwwwww 申请人： 徐晋',to_date('13-FEB-13','DD-MON-RR'),'N','READ','2');
Insert into OA.NOTIFICATIONS (ID,CATEGORY,PRIORITY,TITLE,CONTENT,EVENT_DATE,IS_SMS_SENT,STATE,TO_USER_ID) values ('33','DEFAULT',0,'您为事由：wwwwwwwwwwww 所做的用车申请已完成调度。 ','完成调度时间：2013-02-13 04:40:56 使用的车辆为：沪A66666',to_date('13-FEB-13','DD-MON-RR'),'N','READ','1');
Insert into OA.NOTIFICATIONS (ID,CATEGORY,PRIORITY,TITLE,CONTENT,EVENT_DATE,IS_SMS_SENT,STATE,TO_USER_ID) values ('34','DEFAULT',0,'您为事由：eeeeeeeeee 所做的用车申请已提交审核 ',' 提交时间：2013-02-13 05:28:32',to_date('13-FEB-13','DD-MON-RR'),'N','READ','1');
Insert into OA.NOTIFICATIONS (ID,CATEGORY,PRIORITY,TITLE,CONTENT,EVENT_DATE,IS_SMS_SENT,STATE,TO_USER_ID) values ('35','DEFAULT',0,'有新的用车申请等待您的审核',' 事由：eeeeeeeeee 申请人： 徐晋',to_date('13-FEB-13','DD-MON-RR'),'N','UNREAD','24');
Insert into OA.NOTIFICATIONS (ID,CATEGORY,PRIORITY,TITLE,CONTENT,EVENT_DATE,IS_SMS_SENT,STATE,TO_USER_ID) values ('36','DEFAULT',0,'有新的用车申请等待您的审核',' 事由：eeeeeeeeee 申请人： 徐晋',to_date('13-FEB-13','DD-MON-RR'),'N','UNREAD','23');
Insert into OA.NOTIFICATIONS (ID,CATEGORY,PRIORITY,TITLE,CONTENT,EVENT_DATE,IS_SMS_SENT,STATE,TO_USER_ID) values ('37','DEFAULT',0,'您为事由：eeeeeeeeee 所做的用车申请已完成调度。 ','完成调度时间：2013-02-13 05:30:04 使用的车辆为：沪A66666',to_date('13-FEB-13','DD-MON-RR'),'N','READ','1');
Insert into OA.NOTIFICATIONS (ID,CATEGORY,PRIORITY,TITLE,CONTENT,EVENT_DATE,IS_SMS_SENT,STATE,TO_USER_ID) values ('38','DEFAULT',0,'您为事由：fasdfsadfsadf 所做的用车申请已提交审核 ',' 提交时间：2013-02-13 05:31:01',to_date('13-FEB-13','DD-MON-RR'),'N','READ','1');
Insert into OA.NOTIFICATIONS (ID,CATEGORY,PRIORITY,TITLE,CONTENT,EVENT_DATE,IS_SMS_SENT,STATE,TO_USER_ID) values ('39','DEFAULT',0,'有新的用车申请等待您的审核',' 事由：fasdfsadfsadf 申请人： 徐晋',to_date('13-FEB-13','DD-MON-RR'),'N','UNREAD','24');
Insert into OA.NOTIFICATIONS (ID,CATEGORY,PRIORITY,TITLE,CONTENT,EVENT_DATE,IS_SMS_SENT,STATE,TO_USER_ID) values ('28','DEFAULT',0,'您为事由：wwwwwwwwwwww 所做的用车申请已提交审核 ',' 提交时间：2013-02-13 04:31:57',to_date('13-FEB-13','DD-MON-RR'),'N','READ','1');
Insert into OA.NOTIFICATIONS (ID,CATEGORY,PRIORITY,TITLE,CONTENT,EVENT_DATE,IS_SMS_SENT,STATE,TO_USER_ID) values ('29','DEFAULT',0,'有新的用车申请等待您的审核',' 事由：wwwwwwwwwwww 申请人： 徐晋',to_date('13-FEB-13','DD-MON-RR'),'N','READ','24');
Insert into OA.NOTIFICATIONS (ID,CATEGORY,PRIORITY,TITLE,CONTENT,EVENT_DATE,IS_SMS_SENT,STATE,TO_USER_ID) values ('30','DEFAULT',0,'有新的用车申请等待您的审核',' 事由：wwwwwwwwwwww 申请人： 徐晋',to_date('13-FEB-13','DD-MON-RR'),'N','UNREAD','23');
Insert into OA.NOTIFICATIONS (ID,CATEGORY,PRIORITY,TITLE,CONTENT,EVENT_DATE,IS_SMS_SENT,STATE,TO_USER_ID) values ('40','DEFAULT',0,'有新的用车申请等待您的审核',' 事由：fasdfsadfsadf 申请人： 徐晋',to_date('13-FEB-13','DD-MON-RR'),'N','UNREAD','23');
Insert into OA.NOTIFICATIONS (ID,CATEGORY,PRIORITY,TITLE,CONTENT,EVENT_DATE,IS_SMS_SENT,STATE,TO_USER_ID) values ('41','DEFAULT',0,'您为事由：fasdfsadfsadf 所做的用车申请已审核完成，等待调度中。 ','审核时间：2013-02-13 05:31:14',to_date('13-FEB-13','DD-MON-RR'),'N','READ','1');
Insert into OA.NOTIFICATIONS (ID,CATEGORY,PRIORITY,TITLE,CONTENT,EVENT_DATE,IS_SMS_SENT,STATE,TO_USER_ID) values ('42','DEFAULT',0,'有新的用车申请已审核完成，等待您调度车辆。',' 事由：fasdfsadfsadf 申请人： 徐晋',to_date('13-FEB-13','DD-MON-RR'),'N','UNREAD','2');
Insert into OA.NOTIFICATIONS (ID,CATEGORY,PRIORITY,TITLE,CONTENT,EVENT_DATE,IS_SMS_SENT,STATE,TO_USER_ID) values ('43','DEFAULT',0,'您为事由：fasdfsadfsadf 所做的用车申请已完成调度。 ','完成调度时间：2013-02-13 05:31:35 使用的车辆为：沪A18188',to_date('13-FEB-13','DD-MON-RR'),'N','READ','1');
Insert into OA.NOTIFICATIONS (ID,CATEGORY,PRIORITY,TITLE,CONTENT,EVENT_DATE,IS_SMS_SENT,STATE,TO_USER_ID) values ('44','DEFAULT',0,'您为会议主题：fffffffff 所做的会议室申请已提交审核。 ',' 提交时间：2013-02-13 05:39:38',to_date('13-FEB-13','DD-MON-RR'),'N','UNREAD','1');
Insert into OA.NOTIFICATIONS (ID,CATEGORY,PRIORITY,TITLE,CONTENT,EVENT_DATE,IS_SMS_SENT,STATE,TO_USER_ID) values ('45','DEFAULT',0,'您为会议主题：fffffffff 所做的会议室申请已通过审核。 ',' 审核时间：2013-02-13 05:59:10',to_date('13-FEB-13','DD-MON-RR'),'N','UNREAD','1');
Insert into OA.NOTIFICATIONS (ID,CATEGORY,PRIORITY,TITLE,CONTENT,EVENT_DATE,IS_SMS_SENT,STATE,TO_USER_ID) values ('46','DEFAULT',0,'您为事由：rrrrrrrrrrrrrrrrrr 所做的用车申请已提交审核 ',' 提交时间：2013-02-14 02:28:44',to_date('14-FEB-13','DD-MON-RR'),'N','READ','1');
Insert into OA.NOTIFICATIONS (ID,CATEGORY,PRIORITY,TITLE,CONTENT,EVENT_DATE,IS_SMS_SENT,STATE,TO_USER_ID) values ('47','DEFAULT',0,'有新的用车申请等待您的审核',' 事由：rrrrrrrrrrrrrrrrrr 申请人： 徐晋',to_date('14-FEB-13','DD-MON-RR'),'N','UNREAD','24');
Insert into OA.NOTIFICATIONS (ID,CATEGORY,PRIORITY,TITLE,CONTENT,EVENT_DATE,IS_SMS_SENT,STATE,TO_USER_ID) values ('48','DEFAULT',0,'有新的用车申请等待您的审核',' 事由：rrrrrrrrrrrrrrrrrr 申请人： 徐晋',to_date('14-FEB-13','DD-MON-RR'),'N','UNREAD','23');
Insert into OA.NOTIFICATIONS (ID,CATEGORY,PRIORITY,TITLE,CONTENT,EVENT_DATE,IS_SMS_SENT,STATE,TO_USER_ID) values ('49','DEFAULT',0,'您为事由：rrrrrrrrrrrrrrrrrr 所做的用车申请已审核完成，等待调度中。 ','审核时间：2013-02-14 02:30:09',to_date('14-FEB-13','DD-MON-RR'),'N','UNREAD','1');
Insert into OA.NOTIFICATIONS (ID,CATEGORY,PRIORITY,TITLE,CONTENT,EVENT_DATE,IS_SMS_SENT,STATE,TO_USER_ID) values ('50','DEFAULT',0,'有新的用车申请已审核完成，等待您调度车辆。',' 事由：rrrrrrrrrrrrrrrrrr 申请人： 徐晋',to_date('14-FEB-13','DD-MON-RR'),'N','UNREAD','2');
Insert into OA.NOTIFICATIONS (ID,CATEGORY,PRIORITY,TITLE,CONTENT,EVENT_DATE,IS_SMS_SENT,STATE,TO_USER_ID) values ('51','DEFAULT',0,'您为事由：rrrrrrrrrrrrrrrrrr 所做的用车申请已完成调度。 ','完成调度时间：2013-02-14 02:30:41 使用的车辆为：沪A18188',to_date('14-FEB-13','DD-MON-RR'),'N','UNREAD','1');
Insert into OA.NOTIFICATIONS (ID,CATEGORY,PRIORITY,TITLE,CONTENT,EVENT_DATE,IS_SMS_SENT,STATE,TO_USER_ID) values ('52','DEFAULT',0,'您为会议主题：eeeeeeeeeee 所做的会议室申请已提交审核。 ',' 提交时间：2013-02-14 02:31:44',to_date('14-FEB-13','DD-MON-RR'),'N','UNREAD','1');
Insert into OA.NOTIFICATIONS (ID,CATEGORY,PRIORITY,TITLE,CONTENT,EVENT_DATE,IS_SMS_SENT,STATE,TO_USER_ID) values ('53','DEFAULT',0,'您为会议主题：eeeeeeeeeee 所做的会议室申请已提交审核。 ',' 会议主题：eeeeeeeeeee 申请人： 徐晋',to_date('14-FEB-13','DD-MON-RR'),'N','UNREAD','24');
Insert into OA.NOTIFICATIONS (ID,CATEGORY,PRIORITY,TITLE,CONTENT,EVENT_DATE,IS_SMS_SENT,STATE,TO_USER_ID) values ('54','DEFAULT',0,'您为会议主题：eeeeeeeeeee 所做的会议室申请已通过审核。 ',' 审核时间：2013-02-14 02:32:09',to_date('14-FEB-13','DD-MON-RR'),'N','UNREAD','1');
Insert into OA.NOTIFICATIONS (ID,CATEGORY,PRIORITY,TITLE,CONTENT,EVENT_DATE,IS_SMS_SENT,STATE,TO_USER_ID) values ('55','DEFAULT',0,'您的车辆预订: 33333333333 已调度完成 ',' 使用的车辆为：沪A66666',to_date('14-FEB-13','DD-MON-RR'),'N','UNREAD','1');
Insert into OA.NOTIFICATIONS (ID,CATEGORY,PRIORITY,TITLE,CONTENT,EVENT_DATE,IS_SMS_SENT,STATE,TO_USER_ID) values ('56','DEFAULT',0,'您的车辆预订: 33333333333 已调度完成 ',' 使用的车辆为：2',to_date('14-FEB-13','DD-MON-RR'),'N','UNREAD','1');
Insert into OA.NOTIFICATIONS (ID,CATEGORY,PRIORITY,TITLE,CONTENT,EVENT_DATE,IS_SMS_SENT,STATE,TO_USER_ID) values ('57','DEFAULT',0,'您为事由：iiiiiiiiiii 所做的用车申请已提交审核 ',' 提交时间：2013-02-14 07:49:17',to_date('14-FEB-13','DD-MON-RR'),'N','UNREAD','1');
Insert into OA.NOTIFICATIONS (ID,CATEGORY,PRIORITY,TITLE,CONTENT,EVENT_DATE,IS_SMS_SENT,STATE,TO_USER_ID) values ('58','DEFAULT',0,'有新的用车申请等待您的审核',' 事由：iiiiiiiiiii 申请人： 徐晋',to_date('14-FEB-13','DD-MON-RR'),'N','UNREAD','24');
Insert into OA.NOTIFICATIONS (ID,CATEGORY,PRIORITY,TITLE,CONTENT,EVENT_DATE,IS_SMS_SENT,STATE,TO_USER_ID) values ('59','DEFAULT',0,'有新的用车申请等待您的审核',' 事由：iiiiiiiiiii 申请人： 徐晋',to_date('14-FEB-13','DD-MON-RR'),'N','UNREAD','23');
Insert into OA.NOTIFICATIONS (ID,CATEGORY,PRIORITY,TITLE,CONTENT,EVENT_DATE,IS_SMS_SENT,STATE,TO_USER_ID) values ('60','DEFAULT',0,'您为事由：iiiiiiiiiii 所做的用车申请已审核完成，等待调度中。 ','审核时间：2013-02-14 07:49:34',to_date('14-FEB-13','DD-MON-RR'),'N','UNREAD','1');
Insert into OA.NOTIFICATIONS (ID,CATEGORY,PRIORITY,TITLE,CONTENT,EVENT_DATE,IS_SMS_SENT,STATE,TO_USER_ID) values ('61','DEFAULT',0,'有新的用车申请已审核完成，等待您调度车辆。',' 事由：iiiiiiiiiii 申请人： 徐晋',to_date('14-FEB-13','DD-MON-RR'),'N','UNREAD','2');
Insert into OA.NOTIFICATIONS (ID,CATEGORY,PRIORITY,TITLE,CONTENT,EVENT_DATE,IS_SMS_SENT,STATE,TO_USER_ID) values ('62','DEFAULT',0,'您为事由：iiiiiiiiiii 所做的用车申请已完成调度。 ','完成调度时间：2013-02-14 07:49:59 使用的车辆为：沪A66666',to_date('14-FEB-13','DD-MON-RR'),'N','UNREAD','1');
Insert into OA.NOTIFICATIONS (ID,CATEGORY,PRIORITY,TITLE,CONTENT,EVENT_DATE,IS_SMS_SENT,STATE,TO_USER_ID) values ('63','DEFAULT',0,'您为会议主题：yyyyyyyyyy 所做的会议室申请已提交审核。 ',' 提交时间：2013-02-14 07:51:06',to_date('14-FEB-13','DD-MON-RR'),'N','UNREAD','1');
Insert into OA.NOTIFICATIONS (ID,CATEGORY,PRIORITY,TITLE,CONTENT,EVENT_DATE,IS_SMS_SENT,STATE,TO_USER_ID) values ('64','DEFAULT',0,'您为会议主题：yyyyyyyyyy 所做的会议室申请已提交审核。 ',' 会议主题：yyyyyyyyyy 申请人： 徐晋',to_date('14-FEB-13','DD-MON-RR'),'N','UNREAD','24');
Insert into OA.NOTIFICATIONS (ID,CATEGORY,PRIORITY,TITLE,CONTENT,EVENT_DATE,IS_SMS_SENT,STATE,TO_USER_ID) values ('65','DEFAULT',0,'您为会议主题：yyyyyyyyyy 所做的会议室申请已通过审核。 ',' 审核时间：2013-02-14 07:51:27',to_date('14-FEB-13','DD-MON-RR'),'N','READ','1');
Insert into OA.NOTIFICATIONS (ID,CATEGORY,PRIORITY,TITLE,CONTENT,EVENT_DATE,IS_SMS_SENT,STATE,TO_USER_ID) values ('66','DEFAULT',0,'您为会议主题：yyyyyyyyyy 所做的会议室申请已通过审核。 ',' 审核时间：2013-02-14 07:53:17',to_date('14-FEB-13','DD-MON-RR'),'N','UNREAD','2');
Insert into OA.NOTIFICATIONS (ID,CATEGORY,PRIORITY,TITLE,CONTENT,EVENT_DATE,IS_SMS_SENT,STATE,TO_USER_ID) values ('67','DEFAULT',0,'您的车辆预订: asdfadsf 已调度完成 ',' 使用的车辆为：沪A88888',to_date('14-FEB-13','DD-MON-RR'),'N','UNREAD','2');
Insert into OA.NOTIFICATIONS (ID,CATEGORY,PRIORITY,TITLE,CONTENT,EVENT_DATE,IS_SMS_SENT,STATE,TO_USER_ID) values ('68','DEFAULT',0,'您的车辆预订: asdfadsf 已调度完成 ',' 使用的车辆为：3',to_date('14-FEB-13','DD-MON-RR'),'N','UNREAD','2');
Insert into OA.NOTIFICATIONS (ID,CATEGORY,PRIORITY,TITLE,CONTENT,EVENT_DATE,IS_SMS_SENT,STATE,TO_USER_ID) values ('69','DEFAULT',0,'您为会议主题：eeeeeeeeeeeee 所做的会议室申请已取消。 ',' 取消时间：2013-02-15 02:23:10',to_date('15-FEB-13','DD-MON-RR'),'N','READ','1');
Insert into OA.NOTIFICATIONS (ID,CATEGORY,PRIORITY,TITLE,CONTENT,EVENT_DATE,IS_SMS_SENT,STATE,TO_USER_ID) values ('70','DEFAULT',0,'您为事由：rrreeeeeeeeee 所做的用车申请已提交审核 ',' 提交时间：2013-02-15 03:43:00',to_date('15-FEB-13','DD-MON-RR'),'N','READ','1');
Insert into OA.NOTIFICATIONS (ID,CATEGORY,PRIORITY,TITLE,CONTENT,EVENT_DATE,IS_SMS_SENT,STATE,TO_USER_ID) values ('71','DEFAULT',0,'有新的用车申请等待您的审核',' 事由：rrreeeeeeeeee 申请人： 徐晋',to_date('15-FEB-13','DD-MON-RR'),'N','UNREAD','24');
Insert into OA.NOTIFICATIONS (ID,CATEGORY,PRIORITY,TITLE,CONTENT,EVENT_DATE,IS_SMS_SENT,STATE,TO_USER_ID) values ('72','DEFAULT',0,'有新的用车申请等待您的审核',' 事由：rrreeeeeeeeee 申请人： 徐晋',to_date('15-FEB-13','DD-MON-RR'),'N','UNREAD','23');
Insert into OA.NOTIFICATIONS (ID,CATEGORY,PRIORITY,TITLE,CONTENT,EVENT_DATE,IS_SMS_SENT,STATE,TO_USER_ID) values ('73','DEFAULT',0,'您为事由：rrreeeeeeeeee 所做的用车申请已审核完成，等待调度中。 ','审核时间：2013-02-15 03:43:59',to_date('15-FEB-13','DD-MON-RR'),'N','UNREAD','1');
Insert into OA.NOTIFICATIONS (ID,CATEGORY,PRIORITY,TITLE,CONTENT,EVENT_DATE,IS_SMS_SENT,STATE,TO_USER_ID) values ('74','DEFAULT',0,'有新的用车申请已审核完成，等待您调度车辆。',' 事由：rrreeeeeeeeee 申请人： 徐晋',to_date('15-FEB-13','DD-MON-RR'),'N','UNREAD','2');
Insert into OA.NOTIFICATIONS (ID,CATEGORY,PRIORITY,TITLE,CONTENT,EVENT_DATE,IS_SMS_SENT,STATE,TO_USER_ID) values ('75','DEFAULT',0,'您为事由：rrreeeeeeeeee 所做的用车申请已完成调度。 ','完成调度时间：2013-02-15 03:45:50 使用的车辆为：沪A66666',to_date('15-FEB-13','DD-MON-RR'),'N','UNREAD','1');
Insert into OA.NOTIFICATIONS (ID,CATEGORY,PRIORITY,TITLE,CONTENT,EVENT_DATE,IS_SMS_SENT,STATE,TO_USER_ID) values ('76','DEFAULT',0,'您为会议主题：uuuuuuuu 所做的会议室申请已通过审核。 ',' 审核时间：2013-02-17 02:51:21',to_date('17-FEB-13','DD-MON-RR'),'N','UNREAD','1');
Insert into OA.NOTIFICATIONS (ID,CATEGORY,PRIORITY,TITLE,CONTENT,EVENT_DATE,IS_SMS_SENT,STATE,TO_USER_ID) values ('77','DEFAULT',0,'您为会议主题：uuuuuuuu 所做的会议室申请已通过审核。 ',' 审核时间：2013-02-17 02:51:29',to_date('17-FEB-13','DD-MON-RR'),'N','UNREAD','3');
Insert into OA.NOTIFICATIONS (ID,CATEGORY,PRIORITY,TITLE,CONTENT,EVENT_DATE,IS_SMS_SENT,STATE,TO_USER_ID) values ('78','DEFAULT',0,'您为会议主题：eeeeeeeeettttttt 所做的会议室申请已提交审核。 ',' 提交时间：2013-02-17 03:39:23',to_date('17-FEB-13','DD-MON-RR'),'N','UNREAD','1');
Insert into OA.NOTIFICATIONS (ID,CATEGORY,PRIORITY,TITLE,CONTENT,EVENT_DATE,IS_SMS_SENT,STATE,TO_USER_ID) values ('79','DEFAULT',0,'您为会议主题：eeeeeeeeettttttt 所做的会议室申请已提交审核。 ',' 会议主题：eeeeeeeeettttttt 申请人： 徐晋',to_date('17-FEB-13','DD-MON-RR'),'N','UNREAD','24');
Insert into OA.NOTIFICATIONS (ID,CATEGORY,PRIORITY,TITLE,CONTENT,EVENT_DATE,IS_SMS_SENT,STATE,TO_USER_ID) values ('80','DEFAULT',0,'您为会议主题：eeeeeeeeettttttt 所做的会议室申请已取消。 ',' 取消时间：2013-02-17 03:39:33',to_date('17-FEB-13','DD-MON-RR'),'N','UNREAD','1');
REM INSERTING into OA.PS_TXN
Insert into OA.PS_TXN (ID,PARENTID,COLLID,CREATION_DATE) values (1,-1,7301,to_date('15-FEB-13','DD-MON-RR'));
Insert into OA.PS_TXN (ID,PARENTID,COLLID,CREATION_DATE) values (1,-1,7401,to_date('15-FEB-13','DD-MON-RR'));
Insert into OA.PS_TXN (ID,PARENTID,COLLID,CREATION_DATE) values (1,-1,7402,to_date('15-FEB-13','DD-MON-RR'));
Insert into OA.PS_TXN (ID,PARENTID,COLLID,CREATION_DATE) values (1,-1,7403,to_date('15-FEB-13','DD-MON-RR'));
Insert into OA.PS_TXN (ID,PARENTID,COLLID,CREATION_DATE) values (1,-1,7601,to_date('15-FEB-13','DD-MON-RR'));
Insert into OA.PS_TXN (ID,PARENTID,COLLID,CREATION_DATE) values (1,-1,7405,to_date('15-FEB-13','DD-MON-RR'));
Insert into OA.PS_TXN (ID,PARENTID,COLLID,CREATION_DATE) values (1,-1,7602,to_date('15-FEB-13','DD-MON-RR'));
Insert into OA.PS_TXN (ID,PARENTID,COLLID,CREATION_DATE) values (1,-1,7501,to_date('15-FEB-13','DD-MON-RR'));
Insert into OA.PS_TXN (ID,PARENTID,COLLID,CREATION_DATE) values (1,-1,7603,to_date('15-FEB-13','DD-MON-RR'));
Insert into OA.PS_TXN (ID,PARENTID,COLLID,CREATION_DATE) values (1,-1,7701,to_date('15-FEB-13','DD-MON-RR'));
Insert into OA.PS_TXN (ID,PARENTID,COLLID,CREATION_DATE) values (1,-1,7702,to_date('15-FEB-13','DD-MON-RR'));
Insert into OA.PS_TXN (ID,PARENTID,COLLID,CREATION_DATE) values (1,-1,7703,to_date('15-FEB-13','DD-MON-RR'));
Insert into OA.PS_TXN (ID,PARENTID,COLLID,CREATION_DATE) values (1,-1,7801,to_date('16-FEB-13','DD-MON-RR'));
Insert into OA.PS_TXN (ID,PARENTID,COLLID,CREATION_DATE) values (1,-1,7802,to_date('16-FEB-13','DD-MON-RR'));
Insert into OA.PS_TXN (ID,PARENTID,COLLID,CREATION_DATE) values (1,-1,7901,to_date('16-FEB-13','DD-MON-RR'));
Insert into OA.PS_TXN (ID,PARENTID,COLLID,CREATION_DATE) values (1,-1,7902,to_date('16-FEB-13','DD-MON-RR'));
Insert into OA.PS_TXN (ID,PARENTID,COLLID,CREATION_DATE) values (1,-1,8001,to_date('17-FEB-13','DD-MON-RR'));
Insert into OA.PS_TXN (ID,PARENTID,COLLID,CREATION_DATE) values (1,-1,8002,to_date('17-FEB-13','DD-MON-RR'));
Insert into OA.PS_TXN (ID,PARENTID,COLLID,CREATION_DATE) values (1,-1,8003,to_date('17-FEB-13','DD-MON-RR'));
Insert into OA.PS_TXN (ID,PARENTID,COLLID,CREATION_DATE) values (1,-1,8004,to_date('17-FEB-13','DD-MON-RR'));
Insert into OA.PS_TXN (ID,PARENTID,COLLID,CREATION_DATE) values (1,-1,8005,to_date('17-FEB-13','DD-MON-RR'));
Insert into OA.PS_TXN (ID,PARENTID,COLLID,CREATION_DATE) values (1,-1,8006,to_date('17-FEB-13','DD-MON-RR'));
Insert into OA.PS_TXN (ID,PARENTID,COLLID,CREATION_DATE) values (1,-1,8007,to_date('17-FEB-13','DD-MON-RR'));
Insert into OA.PS_TXN (ID,PARENTID,COLLID,CREATION_DATE) values (1,-1,8008,to_date('17-FEB-13','DD-MON-RR'));
Insert into OA.PS_TXN (ID,PARENTID,COLLID,CREATION_DATE) values (1,-1,8009,to_date('17-FEB-13','DD-MON-RR'));
Insert into OA.PS_TXN (ID,PARENTID,COLLID,CREATION_DATE) values (1,-1,8010,to_date('17-FEB-13','DD-MON-RR'));
Insert into OA.PS_TXN (ID,PARENTID,COLLID,CREATION_DATE) values (1,-1,8011,to_date('17-FEB-13','DD-MON-RR'));
Insert into OA.PS_TXN (ID,PARENTID,COLLID,CREATION_DATE) values (1,-1,8012,to_date('17-FEB-13','DD-MON-RR'));
Insert into OA.PS_TXN (ID,PARENTID,COLLID,CREATION_DATE) values (1,-1,7201,to_date('12-FEB-13','DD-MON-RR'));
Insert into OA.PS_TXN (ID,PARENTID,COLLID,CREATION_DATE) values (1,-1,7202,to_date('12-FEB-13','DD-MON-RR'));
REM INSERTING into OA.PURCHASE_ORDERS
REM INSERTING into OA.PURCHASE_ORDER_HISTORYS
REM INSERTING into OA.PURCHASE_ORDER_LINES
REM INSERTING into OA.REPAIR_CALLS
REM INSERTING into OA.ROLES
Insert into OA.ROLES (ROLE_ID,ROLE_NAME,ROLE_DESC,CREATED_AT,CREATED_BY,LAST_UPDATED_AT,LAST_UPDATED_BY,EXPIRED) values ('1','系统管理员','系统管理员',null,null,null,null,'N');
Insert into OA.ROLES (ROLE_ID,ROLE_NAME,ROLE_DESC,CREATED_AT,CREATED_BY,LAST_UPDATED_AT,LAST_UPDATED_BY,EXPIRED) values ('2','采购员',null,null,null,null,null,'N');
Insert into OA.ROLES (ROLE_ID,ROLE_NAME,ROLE_DESC,CREATED_AT,CREATED_BY,LAST_UPDATED_AT,LAST_UPDATED_BY,EXPIRED) values ('3','副院长',null,null,null,null,null,'N');
Insert into OA.ROLES (ROLE_ID,ROLE_NAME,ROLE_DESC,CREATED_AT,CREATED_BY,LAST_UPDATED_AT,LAST_UPDATED_BY,EXPIRED) values ('4','采购部主任',null,null,null,null,null,'N');
Insert into OA.ROLES (ROLE_ID,ROLE_NAME,ROLE_DESC,CREATED_AT,CREATED_BY,LAST_UPDATED_AT,LAST_UPDATED_BY,EXPIRED) values ('5','普通用户','普通用户',null,null,null,null,'N');
Insert into OA.ROLES (ROLE_ID,ROLE_NAME,ROLE_DESC,CREATED_AT,CREATED_BY,LAST_UPDATED_AT,LAST_UPDATED_BY,EXPIRED) values ('6','会议室管理员','会议室管理员',null,null,null,null,'N');
Insert into OA.ROLES (ROLE_ID,ROLE_NAME,ROLE_DESC,CREATED_AT,CREATED_BY,LAST_UPDATED_AT,LAST_UPDATED_BY,EXPIRED) values ('7','部门主任','部门主任',null,null,null,null,'N');
Insert into OA.ROLES (ROLE_ID,ROLE_NAME,ROLE_DESC,CREATED_AT,CREATED_BY,LAST_UPDATED_AT,LAST_UPDATED_BY,EXPIRED) values ('8','办公室主任','办公室主任',null,null,null,null,'N');
Insert into OA.ROLES (ROLE_ID,ROLE_NAME,ROLE_DESC,CREATED_AT,CREATED_BY,LAST_UPDATED_AT,LAST_UPDATED_BY,EXPIRED) values ('9','总务处主任','总务处主任',null,null,null,null,'N');
Insert into OA.ROLES (ROLE_ID,ROLE_NAME,ROLE_DESC,CREATED_AT,CREATED_BY,LAST_UPDATED_AT,LAST_UPDATED_BY,EXPIRED) values ('22','超级管理员','超级管理员',to_date('15-FEB-13','DD-MON-RR'),null,null,null,'N');
Insert into OA.ROLES (ROLE_ID,ROLE_NAME,ROLE_DESC,CREATED_AT,CREATED_BY,LAST_UPDATED_AT,LAST_UPDATED_BY,EXPIRED) values ('23','111','1111',to_date('15-FEB-13','DD-MON-RR'),null,null,null,'Y');
REM INSERTING into OA.ROLE_MENUS
Insert into OA.ROLE_MENUS (ROLE_ID,MENU_ID,CREATED_BY,CREATED_AT) values ('22','SYS_PUR_MY_PR',null,to_date('16-FEB-13','DD-MON-RR'));
Insert into OA.ROLE_MENUS (ROLE_ID,MENU_ID,CREATED_BY,CREATED_AT) values ('22','SYS_PUR_APPROVE',null,to_date('16-FEB-13','DD-MON-RR'));
Insert into OA.ROLE_MENUS (ROLE_ID,MENU_ID,CREATED_BY,CREATED_AT) values ('22','SYS_PUR_RECEIVE',null,to_date('16-FEB-13','DD-MON-RR'));
Insert into OA.ROLE_MENUS (ROLE_ID,MENU_ID,CREATED_BY,CREATED_AT) values ('22','SYS_PUR_PR',null,to_date('16-FEB-13','DD-MON-RR'));
Insert into OA.ROLE_MENUS (ROLE_ID,MENU_ID,CREATED_BY,CREATED_AT) values ('22','SYS_HD_MY_REQ',null,to_date('16-FEB-13','DD-MON-RR'));
Insert into OA.ROLE_MENUS (ROLE_ID,MENU_ID,CREATED_BY,CREATED_AT) values ('22','SYS_HD_REQ',null,to_date('16-FEB-13','DD-MON-RR'));
Insert into OA.ROLE_MENUS (ROLE_ID,MENU_ID,CREATED_BY,CREATED_AT) values ('22','SYS_HD_PROC',null,to_date('16-FEB-13','DD-MON-RR'));
Insert into OA.ROLE_MENUS (ROLE_ID,MENU_ID,CREATED_BY,CREATED_AT) values ('22','SYS_CLSRM_CAL',null,to_date('16-FEB-13','DD-MON-RR'));
Insert into OA.ROLE_MENUS (ROLE_ID,MENU_ID,CREATED_BY,CREATED_AT) values ('22','SYS_CLSRM_BATCH',null,to_date('16-FEB-13','DD-MON-RR'));
Insert into OA.ROLE_MENUS (ROLE_ID,MENU_ID,CREATED_BY,CREATED_AT) values ('22','SYS_CONFRM_CAL',null,to_date('16-FEB-13','DD-MON-RR'));
Insert into OA.ROLE_MENUS (ROLE_ID,MENU_ID,CREATED_BY,CREATED_AT) values ('22','SYS_CONFRM_REQ',null,to_date('16-FEB-13','DD-MON-RR'));
Insert into OA.ROLE_MENUS (ROLE_ID,MENU_ID,CREATED_BY,CREATED_AT) values ('22','SYS_CONFRM_APPROVE',null,to_date('16-FEB-13','DD-MON-RR'));
Insert into OA.ROLE_MENUS (ROLE_ID,MENU_ID,CREATED_BY,CREATED_AT) values ('22','SYS_CAR_CAL',null,to_date('16-FEB-13','DD-MON-RR'));
Insert into OA.ROLE_MENUS (ROLE_ID,MENU_ID,CREATED_BY,CREATED_AT) values ('22','SYS_CAR_REQ',null,to_date('16-FEB-13','DD-MON-RR'));
Insert into OA.ROLE_MENUS (ROLE_ID,MENU_ID,CREATED_BY,CREATED_AT) values ('22','SYS_CAR_APPROVE',null,to_date('16-FEB-13','DD-MON-RR'));
Insert into OA.ROLE_MENUS (ROLE_ID,MENU_ID,CREATED_BY,CREATED_AT) values ('22','SYS_MEAL_REQ',null,to_date('16-FEB-13','DD-MON-RR'));
Insert into OA.ROLE_MENUS (ROLE_ID,MENU_ID,CREATED_BY,CREATED_AT) values ('22','SYS_ANCMT_REQ',null,to_date('16-FEB-13','DD-MON-RR'));
Insert into OA.ROLE_MENUS (ROLE_ID,MENU_ID,CREATED_BY,CREATED_AT) values ('22','SYS_ANCMT_LIST',null,to_date('16-FEB-13','DD-MON-RR'));
Insert into OA.ROLE_MENUS (ROLE_ID,MENU_ID,CREATED_BY,CREATED_AT) values ('22','SYS_CAR_TRIP_PLAN',null,to_date('16-FEB-13','DD-MON-RR'));
Insert into OA.ROLE_MENUS (ROLE_ID,MENU_ID,CREATED_BY,CREATED_AT) values ('2','SYS_PUR_MY_PR',null,to_date('01-FEB-13','DD-MON-RR'));
Insert into OA.ROLE_MENUS (ROLE_ID,MENU_ID,CREATED_BY,CREATED_AT) values ('4','SYS_PUR_REVIEW',null,null);
Insert into OA.ROLE_MENUS (ROLE_ID,MENU_ID,CREATED_BY,CREATED_AT) values ('5','SYS_CLSRM_CAL',null,null);
Insert into OA.ROLE_MENUS (ROLE_ID,MENU_ID,CREATED_BY,CREATED_AT) values ('5','SYS_CONFRM_CAL',null,null);
Insert into OA.ROLE_MENUS (ROLE_ID,MENU_ID,CREATED_BY,CREATED_AT) values ('5','SYS_CONFRM_REQ',null,null);
Insert into OA.ROLE_MENUS (ROLE_ID,MENU_ID,CREATED_BY,CREATED_AT) values ('2','SYS_PUR_RECEIVE',null,to_date('01-FEB-13','DD-MON-RR'));
Insert into OA.ROLE_MENUS (ROLE_ID,MENU_ID,CREATED_BY,CREATED_AT) values ('4','SYS_CAR_CAL',null,null);
Insert into OA.ROLE_MENUS (ROLE_ID,MENU_ID,CREATED_BY,CREATED_AT) values ('5','SYS_CAR_CAL',null,null);
Insert into OA.ROLE_MENUS (ROLE_ID,MENU_ID,CREATED_BY,CREATED_AT) values ('6','SYS_CAR_CAL',null,null);
Insert into OA.ROLE_MENUS (ROLE_ID,MENU_ID,CREATED_BY,CREATED_AT) values ('7','SYS_CAR_CAL',null,null);
Insert into OA.ROLE_MENUS (ROLE_ID,MENU_ID,CREATED_BY,CREATED_AT) values ('8','SYS_CAR_CAL',null,null);
Insert into OA.ROLE_MENUS (ROLE_ID,MENU_ID,CREATED_BY,CREATED_AT) values ('7','SYS_CAR_REQ',null,null);
Insert into OA.ROLE_MENUS (ROLE_ID,MENU_ID,CREATED_BY,CREATED_AT) values ('8','SYS_CAR_APPROVE',null,null);
Insert into OA.ROLE_MENUS (ROLE_ID,MENU_ID,CREATED_BY,CREATED_AT) values ('22','ADMIN_DEPT',null,to_date('16-FEB-13','DD-MON-RR'));
Insert into OA.ROLE_MENUS (ROLE_ID,MENU_ID,CREATED_BY,CREATED_AT) values ('22','ADMIN_EMP',null,to_date('16-FEB-13','DD-MON-RR'));
Insert into OA.ROLE_MENUS (ROLE_ID,MENU_ID,CREATED_BY,CREATED_AT) values ('22','ADMIN_MENUS',null,to_date('16-FEB-13','DD-MON-RR'));
Insert into OA.ROLE_MENUS (ROLE_ID,MENU_ID,CREATED_BY,CREATED_AT) values ('22','ADMIN_ROLE',null,to_date('16-FEB-13','DD-MON-RR'));
Insert into OA.ROLE_MENUS (ROLE_ID,MENU_ID,CREATED_BY,CREATED_AT) values ('22','ADMIN_CLASSROOM',null,to_date('16-FEB-13','DD-MON-RR'));
Insert into OA.ROLE_MENUS (ROLE_ID,MENU_ID,CREATED_BY,CREATED_AT) values ('3','SYS_PUR_APPROVE',null,to_date('01-FEB-13','DD-MON-RR'));
Insert into OA.ROLE_MENUS (ROLE_ID,MENU_ID,CREATED_BY,CREATED_AT) values ('3','SYS_CAR_CAL',null,to_date('01-FEB-13','DD-MON-RR'));
Insert into OA.ROLE_MENUS (ROLE_ID,MENU_ID,CREATED_BY,CREATED_AT) values ('3','SYS_PUR_RECEIVE',null,to_date('01-FEB-13','DD-MON-RR'));
Insert into OA.ROLE_MENUS (ROLE_ID,MENU_ID,CREATED_BY,CREATED_AT) values ('2','SYS_CAR_CAL',null,to_date('01-FEB-13','DD-MON-RR'));
Insert into OA.ROLE_MENUS (ROLE_ID,MENU_ID,CREATED_BY,CREATED_AT) values ('2','SYS_CAR_REQ',null,to_date('01-FEB-13','DD-MON-RR'));
Insert into OA.ROLE_MENUS (ROLE_ID,MENU_ID,CREATED_BY,CREATED_AT) values ('2','SYS_MEAL_REQ',null,to_date('01-FEB-13','DD-MON-RR'));
Insert into OA.ROLE_MENUS (ROLE_ID,MENU_ID,CREATED_BY,CREATED_AT) values ('9','SYS_CAR_CAL',null,to_date('01-FEB-13','DD-MON-RR'));
Insert into OA.ROLE_MENUS (ROLE_ID,MENU_ID,CREATED_BY,CREATED_AT) values ('9','SYS_CAR_TRIP_PLAN',null,to_date('01-FEB-13','DD-MON-RR'));
Insert into OA.ROLE_MENUS (ROLE_ID,MENU_ID,CREATED_BY,CREATED_AT) values ('9','SYS_PUR_MY_PR',null,to_date('01-FEB-13','DD-MON-RR'));
Insert into OA.ROLE_MENUS (ROLE_ID,MENU_ID,CREATED_BY,CREATED_AT) values ('9','SYS_PUR_APPROVE',null,to_date('01-FEB-13','DD-MON-RR'));
Insert into OA.ROLE_MENUS (ROLE_ID,MENU_ID,CREATED_BY,CREATED_AT) values ('9','SYS_PUR_REVIEW',null,to_date('01-FEB-13','DD-MON-RR'));
Insert into OA.ROLE_MENUS (ROLE_ID,MENU_ID,CREATED_BY,CREATED_AT) values ('9','SYS_PUR_RECEIVE',null,to_date('01-FEB-13','DD-MON-RR'));
Insert into OA.ROLE_MENUS (ROLE_ID,MENU_ID,CREATED_BY,CREATED_AT) values ('9','SYS_PUR_PR',null,to_date('01-FEB-13','DD-MON-RR'));
Insert into OA.ROLE_MENUS (ROLE_ID,MENU_ID,CREATED_BY,CREATED_AT) values ('9','SYS_HD_MY_REQ',null,to_date('01-FEB-13','DD-MON-RR'));
Insert into OA.ROLE_MENUS (ROLE_ID,MENU_ID,CREATED_BY,CREATED_AT) values ('9','SYS_HD_REQ',null,to_date('01-FEB-13','DD-MON-RR'));
Insert into OA.ROLE_MENUS (ROLE_ID,MENU_ID,CREATED_BY,CREATED_AT) values ('9','SYS_HD_PROC',null,to_date('01-FEB-13','DD-MON-RR'));
Insert into OA.ROLE_MENUS (ROLE_ID,MENU_ID,CREATED_BY,CREATED_AT) values ('9','SYS_CLSRM_CAL',null,to_date('01-FEB-13','DD-MON-RR'));
Insert into OA.ROLE_MENUS (ROLE_ID,MENU_ID,CREATED_BY,CREATED_AT) values ('9','SYS_CLSRM_BATCH',null,to_date('01-FEB-13','DD-MON-RR'));
Insert into OA.ROLE_MENUS (ROLE_ID,MENU_ID,CREATED_BY,CREATED_AT) values ('9','SYS_CONFRM_CAL',null,to_date('01-FEB-13','DD-MON-RR'));
Insert into OA.ROLE_MENUS (ROLE_ID,MENU_ID,CREATED_BY,CREATED_AT) values ('9','SYS_CONFRM_REQ',null,to_date('01-FEB-13','DD-MON-RR'));
Insert into OA.ROLE_MENUS (ROLE_ID,MENU_ID,CREATED_BY,CREATED_AT) values ('9','SYS_CONFRM_APPROVE',null,to_date('01-FEB-13','DD-MON-RR'));
Insert into OA.ROLE_MENUS (ROLE_ID,MENU_ID,CREATED_BY,CREATED_AT) values ('9','SYS_CAR_REQ',null,to_date('01-FEB-13','DD-MON-RR'));
Insert into OA.ROLE_MENUS (ROLE_ID,MENU_ID,CREATED_BY,CREATED_AT) values ('9','SYS_CAR_APPROVE',null,to_date('01-FEB-13','DD-MON-RR'));
Insert into OA.ROLE_MENUS (ROLE_ID,MENU_ID,CREATED_BY,CREATED_AT) values ('9','SYS_MEAL_REQ',null,to_date('01-FEB-13','DD-MON-RR'));
Insert into OA.ROLE_MENUS (ROLE_ID,MENU_ID,CREATED_BY,CREATED_AT) values ('9','SYS_ANCMT_REQ',null,to_date('01-FEB-13','DD-MON-RR'));
Insert into OA.ROLE_MENUS (ROLE_ID,MENU_ID,CREATED_BY,CREATED_AT) values ('9','SYS_ANCMT_LIST',null,to_date('01-FEB-13','DD-MON-RR'));
Insert into OA.ROLE_MENUS (ROLE_ID,MENU_ID,CREATED_BY,CREATED_AT) values ('9','ADMIN_DEPT',null,to_date('01-FEB-13','DD-MON-RR'));
Insert into OA.ROLE_MENUS (ROLE_ID,MENU_ID,CREATED_BY,CREATED_AT) values ('9','ADMIN_EMP',null,to_date('01-FEB-13','DD-MON-RR'));
Insert into OA.ROLE_MENUS (ROLE_ID,MENU_ID,CREATED_BY,CREATED_AT) values ('9','ADMIN_MENUS',null,to_date('01-FEB-13','DD-MON-RR'));
Insert into OA.ROLE_MENUS (ROLE_ID,MENU_ID,CREATED_BY,CREATED_AT) values ('9','ADMIN_ROLE',null,to_date('01-FEB-13','DD-MON-RR'));
Insert into OA.ROLE_MENUS (ROLE_ID,MENU_ID,CREATED_BY,CREATED_AT) values ('22','ADMIN_CONFROOM',null,to_date('16-FEB-13','DD-MON-RR'));
Insert into OA.ROLE_MENUS (ROLE_ID,MENU_ID,CREATED_BY,CREATED_AT) values ('22','ADMIN_VEHICLE',null,to_date('16-FEB-13','DD-MON-RR'));
Insert into OA.ROLE_MENUS (ROLE_ID,MENU_ID,CREATED_BY,CREATED_AT) values ('1','SYS_PUR_MY_PR',null,to_date('15-FEB-13','DD-MON-RR'));
Insert into OA.ROLE_MENUS (ROLE_ID,MENU_ID,CREATED_BY,CREATED_AT) values ('1','SYS_PUR_APPROVE',null,to_date('15-FEB-13','DD-MON-RR'));
Insert into OA.ROLE_MENUS (ROLE_ID,MENU_ID,CREATED_BY,CREATED_AT) values ('1','SYS_PUR_REVIEW',null,to_date('15-FEB-13','DD-MON-RR'));
Insert into OA.ROLE_MENUS (ROLE_ID,MENU_ID,CREATED_BY,CREATED_AT) values ('1','SYS_PUR_RECEIVE',null,to_date('15-FEB-13','DD-MON-RR'));
Insert into OA.ROLE_MENUS (ROLE_ID,MENU_ID,CREATED_BY,CREATED_AT) values ('1','SYS_PUR_PR',null,to_date('15-FEB-13','DD-MON-RR'));
Insert into OA.ROLE_MENUS (ROLE_ID,MENU_ID,CREATED_BY,CREATED_AT) values ('1','SYS_HD_MY_REQ',null,to_date('15-FEB-13','DD-MON-RR'));
Insert into OA.ROLE_MENUS (ROLE_ID,MENU_ID,CREATED_BY,CREATED_AT) values ('1','SYS_HD_REQ',null,to_date('15-FEB-13','DD-MON-RR'));
Insert into OA.ROLE_MENUS (ROLE_ID,MENU_ID,CREATED_BY,CREATED_AT) values ('1','SYS_HD_PROC',null,to_date('15-FEB-13','DD-MON-RR'));
Insert into OA.ROLE_MENUS (ROLE_ID,MENU_ID,CREATED_BY,CREATED_AT) values ('1','SYS_CLSRM_CAL',null,to_date('15-FEB-13','DD-MON-RR'));
Insert into OA.ROLE_MENUS (ROLE_ID,MENU_ID,CREATED_BY,CREATED_AT) values ('1','SYS_CLSRM_BATCH',null,to_date('15-FEB-13','DD-MON-RR'));
Insert into OA.ROLE_MENUS (ROLE_ID,MENU_ID,CREATED_BY,CREATED_AT) values ('1','SYS_CONFRM_CAL',null,to_date('15-FEB-13','DD-MON-RR'));
Insert into OA.ROLE_MENUS (ROLE_ID,MENU_ID,CREATED_BY,CREATED_AT) values ('1','SYS_CONFRM_REQ',null,to_date('15-FEB-13','DD-MON-RR'));
Insert into OA.ROLE_MENUS (ROLE_ID,MENU_ID,CREATED_BY,CREATED_AT) values ('1','SYS_CONFRM_APPROVE',null,to_date('15-FEB-13','DD-MON-RR'));
Insert into OA.ROLE_MENUS (ROLE_ID,MENU_ID,CREATED_BY,CREATED_AT) values ('1','SYS_CAR_CAL',null,to_date('15-FEB-13','DD-MON-RR'));
Insert into OA.ROLE_MENUS (ROLE_ID,MENU_ID,CREATED_BY,CREATED_AT) values ('1','SYS_CAR_REQ',null,to_date('15-FEB-13','DD-MON-RR'));
Insert into OA.ROLE_MENUS (ROLE_ID,MENU_ID,CREATED_BY,CREATED_AT) values ('1','SYS_CAR_APPROVE',null,to_date('15-FEB-13','DD-MON-RR'));
Insert into OA.ROLE_MENUS (ROLE_ID,MENU_ID,CREATED_BY,CREATED_AT) values ('1','SYS_MEAL_REQ',null,to_date('15-FEB-13','DD-MON-RR'));
Insert into OA.ROLE_MENUS (ROLE_ID,MENU_ID,CREATED_BY,CREATED_AT) values ('1','SYS_ANCMT_REQ',null,to_date('15-FEB-13','DD-MON-RR'));
Insert into OA.ROLE_MENUS (ROLE_ID,MENU_ID,CREATED_BY,CREATED_AT) values ('1','SYS_ANCMT_LIST',null,to_date('15-FEB-13','DD-MON-RR'));
Insert into OA.ROLE_MENUS (ROLE_ID,MENU_ID,CREATED_BY,CREATED_AT) values ('1','SYS_CAR_TRIP_PLAN',null,to_date('15-FEB-13','DD-MON-RR'));
Insert into OA.ROLE_MENUS (ROLE_ID,MENU_ID,CREATED_BY,CREATED_AT) values ('1','ADMIN_DEPT',null,to_date('15-FEB-13','DD-MON-RR'));
Insert into OA.ROLE_MENUS (ROLE_ID,MENU_ID,CREATED_BY,CREATED_AT) values ('1','ADMIN_EMP',null,to_date('15-FEB-13','DD-MON-RR'));
Insert into OA.ROLE_MENUS (ROLE_ID,MENU_ID,CREATED_BY,CREATED_AT) values ('1','ADMIN_MENUS',null,to_date('15-FEB-13','DD-MON-RR'));
Insert into OA.ROLE_MENUS (ROLE_ID,MENU_ID,CREATED_BY,CREATED_AT) values ('1','ADMIN_ROLE',null,to_date('15-FEB-13','DD-MON-RR'));
Insert into OA.ROLE_MENUS (ROLE_ID,MENU_ID,CREATED_BY,CREATED_AT) values ('1','ADMIN_CLASSROOM',null,to_date('15-FEB-13','DD-MON-RR'));
Insert into OA.ROLE_MENUS (ROLE_ID,MENU_ID,CREATED_BY,CREATED_AT) values ('22','SYS_PUR_REVIEW',null,to_date('16-FEB-13','DD-MON-RR'));
REM INSERTING into OA.ROLE_USERS
Insert into OA.ROLE_USERS (ROLE_ID,USER_ID,CREATED_AT,CREATED_BY) values ('2','2',null,null);
Insert into OA.ROLE_USERS (ROLE_ID,USER_ID,CREATED_AT,CREATED_BY) values ('3','2',null,null);
Insert into OA.ROLE_USERS (ROLE_ID,USER_ID,CREATED_AT,CREATED_BY) values ('4','2',null,null);
Insert into OA.ROLE_USERS (ROLE_ID,USER_ID,CREATED_AT,CREATED_BY) values ('1','2',null,null);
Insert into OA.ROLE_USERS (ROLE_ID,USER_ID,CREATED_AT,CREATED_BY) values ('5','3',null,null);
Insert into OA.ROLE_USERS (ROLE_ID,USER_ID,CREATED_AT,CREATED_BY) values ('9','2',null,null);
Insert into OA.ROLE_USERS (ROLE_ID,USER_ID,CREATED_AT,CREATED_BY) values ('8','23',null,null);
Insert into OA.ROLE_USERS (ROLE_ID,USER_ID,CREATED_AT,CREATED_BY) values ('7','24',null,null);
Insert into OA.ROLE_USERS (ROLE_ID,USER_ID,CREATED_AT,CREATED_BY) values ('8','24',null,null);
Insert into OA.ROLE_USERS (ROLE_ID,USER_ID,CREATED_AT,CREATED_BY) values ('6','24',null,null);
Insert into OA.ROLE_USERS (ROLE_ID,USER_ID,CREATED_AT,CREATED_BY) values ('1','1',null,null);
Insert into OA.ROLE_USERS (ROLE_ID,USER_ID,CREATED_AT,CREATED_BY) values ('22','1',null,null);
REM INSERTING into OA.TASKS
Insert into OA.TASKS (ID,TITLE,ASSIGNED_DATE,STATE,CONTEXT_OBJECT_TYPE,CONTEXT_OBJECT_ID,ASSIGNEE_ROLE_ID,COMPLETION_DATE,EXECUTOR_ID,EXECUTOR_DISPLAY_NAME) values ('42','有新的用车申请等待您的审核',to_date('13-FEB-13','DD-MON-RR'),'COMPLETED','VEHICLE','41','8',null,null,null);
Insert into OA.TASKS (ID,TITLE,ASSIGNED_DATE,STATE,CONTEXT_OBJECT_TYPE,CONTEXT_OBJECT_ID,ASSIGNEE_ROLE_ID,COMPLETION_DATE,EXECUTOR_ID,EXECUTOR_DISPLAY_NAME) values ('43','有新的用车申请等待您的审核',to_date('13-FEB-13','DD-MON-RR'),'COMPLETED','VEHICLE','42','8',null,null,null);
Insert into OA.TASKS (ID,TITLE,ASSIGNED_DATE,STATE,CONTEXT_OBJECT_TYPE,CONTEXT_OBJECT_ID,ASSIGNEE_ROLE_ID,COMPLETION_DATE,EXECUTOR_ID,EXECUTOR_DISPLAY_NAME) values ('44','有新的用车申请已审核完成，等待您调度车辆。',to_date('13-FEB-13','DD-MON-RR'),'COMPLETED','VEHICLE','42','9',null,null,null);
Insert into OA.TASKS (ID,TITLE,ASSIGNED_DATE,STATE,CONTEXT_OBJECT_TYPE,CONTEXT_OBJECT_ID,ASSIGNEE_ROLE_ID,COMPLETION_DATE,EXECUTOR_ID,EXECUTOR_DISPLAY_NAME) values ('40','有新的用车申请等待您的审核',to_date('13-FEB-13','DD-MON-RR'),'COMPLETED','VEHICLE','40','8',null,null,null);
Insert into OA.TASKS (ID,TITLE,ASSIGNED_DATE,STATE,CONTEXT_OBJECT_TYPE,CONTEXT_OBJECT_ID,ASSIGNEE_ROLE_ID,COMPLETION_DATE,EXECUTOR_ID,EXECUTOR_DISPLAY_NAME) values ('41','有新的用车申请已审核完成，等待您调度车辆。',to_date('13-FEB-13','DD-MON-RR'),'COMPLETED','VEHICLE','40','9',null,null,null);
Insert into OA.TASKS (ID,TITLE,ASSIGNED_DATE,STATE,CONTEXT_OBJECT_TYPE,CONTEXT_OBJECT_ID,ASSIGNEE_ROLE_ID,COMPLETION_DATE,EXECUTOR_ID,EXECUTOR_DISPLAY_NAME) values ('45','有新的会议室申请等待您的审核。',to_date('13-FEB-13','DD-MON-RR'),'COMPLETED','CONFRM','25','6',null,null,null);
Insert into OA.TASKS (ID,TITLE,ASSIGNED_DATE,STATE,CONTEXT_OBJECT_TYPE,CONTEXT_OBJECT_ID,ASSIGNEE_ROLE_ID,COMPLETION_DATE,EXECUTOR_ID,EXECUTOR_DISPLAY_NAME) values ('46','有新的用车申请等待您的审核',to_date('14-FEB-13','DD-MON-RR'),'COMPLETED','VEHICLE','43','8',null,null,null);
Insert into OA.TASKS (ID,TITLE,ASSIGNED_DATE,STATE,CONTEXT_OBJECT_TYPE,CONTEXT_OBJECT_ID,ASSIGNEE_ROLE_ID,COMPLETION_DATE,EXECUTOR_ID,EXECUTOR_DISPLAY_NAME) values ('47','有新的用车申请已审核完成，等待您调度车辆。',to_date('14-FEB-13','DD-MON-RR'),'COMPLETED','VEHICLE','43','9',null,null,null);
Insert into OA.TASKS (ID,TITLE,ASSIGNED_DATE,STATE,CONTEXT_OBJECT_TYPE,CONTEXT_OBJECT_ID,ASSIGNEE_ROLE_ID,COMPLETION_DATE,EXECUTOR_ID,EXECUTOR_DISPLAY_NAME) values ('48','有新的会议室申请等待您的审核。',to_date('14-FEB-13','DD-MON-RR'),'COMPLETED','CONFRM','26','6',null,null,null);
Insert into OA.TASKS (ID,TITLE,ASSIGNED_DATE,STATE,CONTEXT_OBJECT_TYPE,CONTEXT_OBJECT_ID,ASSIGNEE_ROLE_ID,COMPLETION_DATE,EXECUTOR_ID,EXECUTOR_DISPLAY_NAME) values ('49','有新的用车申请等待您的审核',to_date('14-FEB-13','DD-MON-RR'),'COMPLETED','VEHICLE','45','8',null,null,null);
Insert into OA.TASKS (ID,TITLE,ASSIGNED_DATE,STATE,CONTEXT_OBJECT_TYPE,CONTEXT_OBJECT_ID,ASSIGNEE_ROLE_ID,COMPLETION_DATE,EXECUTOR_ID,EXECUTOR_DISPLAY_NAME) values ('50','有新的用车申请已审核完成，等待您调度车辆。',to_date('14-FEB-13','DD-MON-RR'),'COMPLETED','VEHICLE','45','9',null,null,null);
Insert into OA.TASKS (ID,TITLE,ASSIGNED_DATE,STATE,CONTEXT_OBJECT_TYPE,CONTEXT_OBJECT_ID,ASSIGNEE_ROLE_ID,COMPLETION_DATE,EXECUTOR_ID,EXECUTOR_DISPLAY_NAME) values ('51','有新的会议室申请等待您的审核。',to_date('14-FEB-13','DD-MON-RR'),'COMPLETED','CONFRM','27','6',null,null,null);
Insert into OA.TASKS (ID,TITLE,ASSIGNED_DATE,STATE,CONTEXT_OBJECT_TYPE,CONTEXT_OBJECT_ID,ASSIGNEE_ROLE_ID,COMPLETION_DATE,EXECUTOR_ID,EXECUTOR_DISPLAY_NAME) values ('52','有新的用车申请等待您的审核',to_date('15-FEB-13','DD-MON-RR'),'COMPLETED','VEHICLE','47','8',null,null,null);
Insert into OA.TASKS (ID,TITLE,ASSIGNED_DATE,STATE,CONTEXT_OBJECT_TYPE,CONTEXT_OBJECT_ID,ASSIGNEE_ROLE_ID,COMPLETION_DATE,EXECUTOR_ID,EXECUTOR_DISPLAY_NAME) values ('53','有新的用车申请已审核完成，等待您调度车辆。',to_date('15-FEB-13','DD-MON-RR'),'COMPLETED','VEHICLE','47','9',null,null,null);
Insert into OA.TASKS (ID,TITLE,ASSIGNED_DATE,STATE,CONTEXT_OBJECT_TYPE,CONTEXT_OBJECT_ID,ASSIGNEE_ROLE_ID,COMPLETION_DATE,EXECUTOR_ID,EXECUTOR_DISPLAY_NAME) values ('54','有新的会议室申请等待您的审核。',to_date('17-FEB-13','DD-MON-RR'),'PENDING','CONFRM','29','6',null,null,null);
REM INSERTING into OA.VEHICLE_CALENDAR
Insert into OA.VEHICLE_CALENDAR (ID,USER_ID,USER_DISPLAY_NAME,VEHICLE_NAME,VEHICLE_ID,TITLE,CONTACT_ID,CONTACT_NAME,CONTACT_PHONE,STATE,RETURN_TRIP,START_TIME,END_TIME,RETURN_START_TIME,RETURN_END_TIME,TRIP_START,TRIP_DEST,RETURN_TRIP_START,RETURN_TRIP_END,NUM_OF_PEOPLE,COMMENTS) values ('41','1','徐晋','沪A66666','29','eeeeeeeeee','3','普通用户','18621910893','已调度','N',to_timestamp('13-FEB-13 05.28.00.000000000 PM','DD-MON-RR HH.MI.SS.FF AM'),to_timestamp('13-FEB-13 05.28.00.000000000 PM','DD-MON-RR HH.MI.SS.FF AM'),null,null,'uuuuuuuuu','uttttttttttt',null,null,1,'123123');
Insert into OA.VEHICLE_CALENDAR (ID,USER_ID,USER_DISPLAY_NAME,VEHICLE_NAME,VEHICLE_ID,TITLE,CONTACT_ID,CONTACT_NAME,CONTACT_PHONE,STATE,RETURN_TRIP,START_TIME,END_TIME,RETURN_START_TIME,RETURN_END_TIME,TRIP_START,TRIP_DEST,RETURN_TRIP_START,RETURN_TRIP_END,NUM_OF_PEOPLE,COMMENTS) values ('42','1','徐晋','沪A18188','31','fasdfsadfsadf','23','办公室主任','18621910893','已调度','N',to_timestamp('13-FEB-13 05.30.00.000000000 PM','DD-MON-RR HH.MI.SS.FF AM'),to_timestamp('13-FEB-13 05.30.00.000000000 PM','DD-MON-RR HH.MI.SS.FF AM'),null,null,'fsadfasd','fsdfasd',null,null,12,'sadf');
Insert into OA.VEHICLE_CALENDAR (ID,USER_ID,USER_DISPLAY_NAME,VEHICLE_NAME,VEHICLE_ID,TITLE,CONTACT_ID,CONTACT_NAME,CONTACT_PHONE,STATE,RETURN_TRIP,START_TIME,END_TIME,RETURN_START_TIME,RETURN_END_TIME,TRIP_START,TRIP_DEST,RETURN_TRIP_START,RETURN_TRIP_END,NUM_OF_PEOPLE,COMMENTS) values ('43','1','徐晋','沪A18188','31','rrrrrrrrrrrrrrrrrr','3','普通用户','18621910893','已调度','N',to_timestamp('14-FEB-13 02.28.00.000000000 PM','DD-MON-RR HH.MI.SS.FF AM'),to_timestamp('14-FEB-13 08.30.00.000000000 PM','DD-MON-RR HH.MI.SS.FF AM'),null,null,'iiiiiiiiiiii','wwwwwwwwww',null,null,12,'dfdfdfdfdf');
Insert into OA.VEHICLE_CALENDAR (ID,USER_ID,USER_DISPLAY_NAME,VEHICLE_NAME,VEHICLE_ID,TITLE,CONTACT_ID,CONTACT_NAME,CONTACT_PHONE,STATE,RETURN_TRIP,START_TIME,END_TIME,RETURN_START_TIME,RETURN_END_TIME,TRIP_START,TRIP_DEST,RETURN_TRIP_START,RETURN_TRIP_END,NUM_OF_PEOPLE,COMMENTS) values ('44','1','徐晋','沪A66666','29','33333333333','2','总务主任','18621910893','已调度','Y',to_timestamp('14-FEB-13 07.48.00.000000000 PM','DD-MON-RR HH.MI.SS.FF AM'),to_timestamp('14-FEB-13 07.48.00.000000000 PM','DD-MON-RR HH.MI.SS.FF AM'),null,null,'yyyyyyyyyyyy','eeeeeeeeeeeee',null,null,12,'fffffffff');
Insert into OA.VEHICLE_CALENDAR (ID,USER_ID,USER_DISPLAY_NAME,VEHICLE_NAME,VEHICLE_ID,TITLE,CONTACT_ID,CONTACT_NAME,CONTACT_PHONE,STATE,RETURN_TRIP,START_TIME,END_TIME,RETURN_START_TIME,RETURN_END_TIME,TRIP_START,TRIP_DEST,RETURN_TRIP_START,RETURN_TRIP_END,NUM_OF_PEOPLE,COMMENTS) values ('45','1','徐晋','沪A66666','29','iiiiiiiiiii','3','普通用户','18621910893','已调度','N',to_timestamp('14-FEB-13 07.49.00.000000000 PM','DD-MON-RR HH.MI.SS.FF AM'),to_timestamp('14-FEB-13 07.49.00.000000000 PM','DD-MON-RR HH.MI.SS.FF AM'),null,null,'iiiiiiiii','iiiiiiii',null,null,12,'2112');
Insert into OA.VEHICLE_CALENDAR (ID,USER_ID,USER_DISPLAY_NAME,VEHICLE_NAME,VEHICLE_ID,TITLE,CONTACT_ID,CONTACT_NAME,CONTACT_PHONE,STATE,RETURN_TRIP,START_TIME,END_TIME,RETURN_START_TIME,RETURN_END_TIME,TRIP_START,TRIP_DEST,RETURN_TRIP_START,RETURN_TRIP_END,NUM_OF_PEOPLE,COMMENTS) values ('46','2','总务主任','沪A88888','28','asdfadsf','3','普通用户','18621910893','已调度','Y',to_timestamp('14-FEB-13 08.25.00.000000000 PM','DD-MON-RR HH.MI.SS.FF AM'),to_timestamp('14-FEB-13 08.25.00.000000000 PM','DD-MON-RR HH.MI.SS.FF AM'),null,null,'rfffffff','1213123',null,null,12,null);
Insert into OA.VEHICLE_CALENDAR (ID,USER_ID,USER_DISPLAY_NAME,VEHICLE_NAME,VEHICLE_ID,TITLE,CONTACT_ID,CONTACT_NAME,CONTACT_PHONE,STATE,RETURN_TRIP,START_TIME,END_TIME,RETURN_START_TIME,RETURN_END_TIME,TRIP_START,TRIP_DEST,RETURN_TRIP_START,RETURN_TRIP_END,NUM_OF_PEOPLE,COMMENTS) values ('47','1','徐晋','沪A66666','29','rrreeeeeeeeee','2','总务主任','18621910893','已调度','N',to_timestamp('15-FEB-13 03.42.00.000000000 PM','DD-MON-RR HH.MI.SS.FF AM'),to_timestamp('15-FEB-13 03.42.00.000000000 PM','DD-MON-RR HH.MI.SS.FF AM'),null,null,'gggggggggggggg','rrrrrrrrr',null,null,12,'123');
Insert into OA.VEHICLE_CALENDAR (ID,USER_ID,USER_DISPLAY_NAME,VEHICLE_NAME,VEHICLE_ID,TITLE,CONTACT_ID,CONTACT_NAME,CONTACT_PHONE,STATE,RETURN_TRIP,START_TIME,END_TIME,RETURN_START_TIME,RETURN_END_TIME,TRIP_START,TRIP_DEST,RETURN_TRIP_START,RETURN_TRIP_END,NUM_OF_PEOPLE,COMMENTS) values ('40','1','徐晋','沪A66666','29','wwwwwwwwwwww','3','普通用户','18621910893','已调度','Y',to_timestamp('13-FEB-13 04.31.00.000000000 PM','DD-MON-RR HH.MI.SS.FF AM'),to_timestamp('13-FEB-13 04.31.00.000000000 PM','DD-MON-RR HH.MI.SS.FF AM'),null,null,'eeeeeeeeeeeee','rrrrrrrrrrr',null,null,12,'fffffffffff');
--------------------------------------------------------
--  DDL for Index VEHICLE_ALENDAR_PK
--------------------------------------------------------

  CREATE UNIQUE INDEX "OA"."VEHICLE_ALENDAR_PK" ON "OA"."VEHICLE_CALENDAR" ("ID") 
  ;
--------------------------------------------------------
--  DDL for Index DEPARTMENT_PK
--------------------------------------------------------

  CREATE UNIQUE INDEX "OA"."DEPARTMENT_PK" ON "OA"."DEPARTMENTS" ("DEPT_ID") 
  ;
--------------------------------------------------------
--  DDL for Index TASKS_PK
--------------------------------------------------------

  CREATE UNIQUE INDEX "OA"."TASKS_PK" ON "OA"."TASKS" ("ID") 
  ;
--------------------------------------------------------
--  DDL for Index CLASSROOM_BATCH_RESERVATI_PK
--------------------------------------------------------

  CREATE UNIQUE INDEX "OA"."CLASSROOM_BATCH_RESERVATI_PK" ON "OA"."CLASSROOM_BATCH_RESERVATION" ("ID") 
  ;
--------------------------------------------------------
--  DDL for Index LOCATIONS_PK
--------------------------------------------------------

  CREATE UNIQUE INDEX "OA"."LOCATIONS_PK" ON "OA"."LOCATIONS" ("LOCATION_ID") 
  ;
--------------------------------------------------------
--  DDL for Index HELPDESK_CALLS_PK
--------------------------------------------------------

  CREATE UNIQUE INDEX "OA"."HELPDESK_CALLS_PK" ON "OA"."HELPDESK_CALLS" ("CALL_ID") 
  ;
--------------------------------------------------------
--  DDL for Index PS_TXN_IDX
--------------------------------------------------------

  CREATE INDEX "OA"."PS_TXN_IDX" ON "OA"."PS_TXN" ("COLLID", "ID") REVERSE 
  ;
--------------------------------------------------------
--  DDL for Index ROLE_MENUS_PK
--------------------------------------------------------

  CREATE UNIQUE INDEX "OA"."ROLE_MENUS_PK" ON "OA"."ROLE_MENUS" ("ROLE_ID", "MENU_ID") 
  ;
--------------------------------------------------------
--  DDL for Index NOTIFICATIONS_PK
--------------------------------------------------------

  CREATE UNIQUE INDEX "OA"."NOTIFICATIONS_PK" ON "OA"."NOTIFICATIONS" ("ID") 
  ;
--------------------------------------------------------
--  DDL for Index EMPLOYEES_PK
--------------------------------------------------------

  CREATE UNIQUE INDEX "OA"."EMPLOYEES_PK" ON "OA"."EMPLOYEES" ("ID") 
  ;
--------------------------------------------------------
--  DDL for Index CLASSROOM_BATCH_RESERVATI_UK1
--------------------------------------------------------

  CREATE UNIQUE INDEX "OA"."CLASSROOM_BATCH_RESERVATI_UK1" ON "OA"."CLASSROOM_BATCH_RESERVATION" ("BATCH_NO") 
  ;
--------------------------------------------------------
--  DDL for Index PURCHASE_ORDERS_PK
--------------------------------------------------------

  CREATE UNIQUE INDEX "OA"."PURCHASE_ORDERS_PK" ON "OA"."PURCHASE_ORDERS" ("ORDER_ID") 
  ;
--------------------------------------------------------
--  DDL for Index ROLE_USERS_PK
--------------------------------------------------------

  CREATE UNIQUE INDEX "OA"."ROLE_USERS_PK" ON "OA"."ROLE_USERS" ("ROLE_ID", "USER_ID") 
  ;
--------------------------------------------------------
--  DDL for Index ANNOUNCEMENTS_PK
--------------------------------------------------------

  CREATE UNIQUE INDEX "OA"."ANNOUNCEMENTS_PK" ON "OA"."ANNOUNCEMENTS" ("ID") 
  ;
--------------------------------------------------------
--  DDL for Index LOVS_PK
--------------------------------------------------------

  CREATE UNIQUE INDEX "OA"."LOVS_PK" ON "OA"."LOVS" ("ID") 
  ;
--------------------------------------------------------
--  DDL for Index PURCHASE_ORDER_ITEMS_PK
--------------------------------------------------------

  CREATE UNIQUE INDEX "OA"."PURCHASE_ORDER_ITEMS_PK" ON "OA"."PURCHASE_ORDER_LINES" ("ORDER_LINE_ID") 
  ;
--------------------------------------------------------
--  DDL for Index REPAIR_CALLS_PK
--------------------------------------------------------

  CREATE UNIQUE INDEX "OA"."REPAIR_CALLS_PK" ON "OA"."REPAIR_CALLS" ("CALL_ID") 
  ;
--------------------------------------------------------
--  DDL for Index ROLES_PK
--------------------------------------------------------

  CREATE UNIQUE INDEX "OA"."ROLES_PK" ON "OA"."ROLES" ("ROLE_ID") 
  ;
--------------------------------------------------------
--  DDL for Index MENUS_PK
--------------------------------------------------------

  CREATE UNIQUE INDEX "OA"."MENUS_PK" ON "OA"."MENUS" ("MENU_ID") 
  ;
--------------------------------------------------------
--  DDL for Index PURCHASE_ORDER_HISTORYS_PK
--------------------------------------------------------

  CREATE UNIQUE INDEX "OA"."PURCHASE_ORDER_HISTORYS_PK" ON "OA"."PURCHASE_ORDER_HISTORYS" ("ORDER_HISTORY_ID") 
  ;
--------------------------------------------------------
--  DDL for Index CLASSROOM_CALENDAR_PK
--------------------------------------------------------

  CREATE UNIQUE INDEX "OA"."CLASSROOM_CALENDAR_PK" ON "OA"."CLASSROOM_CALENDAR" ("ID") 
  ;
--------------------------------------------------------
--  Constraints for Table DEPARTMENTS
--------------------------------------------------------

  ALTER TABLE "OA"."DEPARTMENTS" ADD CONSTRAINT "DEPARTMENT_PK" PRIMARY KEY ("DEPT_ID") ENABLE;
  ALTER TABLE "OA"."DEPARTMENTS" MODIFY ("DEPT_ID" NOT NULL ENABLE);
--------------------------------------------------------
--  Constraints for Table ANNOUNCEMENTS
--------------------------------------------------------

  ALTER TABLE "OA"."ANNOUNCEMENTS" ADD CONSTRAINT "ANNOUNCEMENTS_PK" PRIMARY KEY ("ID") ENABLE;
  ALTER TABLE "OA"."ANNOUNCEMENTS" MODIFY ("ID" NOT NULL ENABLE);
--------------------------------------------------------
--  Constraints for Table NOTIFICATIONS
--------------------------------------------------------

  ALTER TABLE "OA"."NOTIFICATIONS" ADD CONSTRAINT "NOTIFICATIONS_PK" PRIMARY KEY ("ID") ENABLE;
  ALTER TABLE "OA"."NOTIFICATIONS" MODIFY ("ID" NOT NULL ENABLE);
--------------------------------------------------------
--  Constraints for Table EMPLOYEES
--------------------------------------------------------

  ALTER TABLE "OA"."EMPLOYEES" ADD CONSTRAINT "EMPLOYEES_PK" PRIMARY KEY ("ID") ENABLE;
  ALTER TABLE "OA"."EMPLOYEES" MODIFY ("ID" NOT NULL ENABLE);
  ALTER TABLE "OA"."EMPLOYEES" MODIFY ("PASSWORD" NOT NULL ENABLE);
  ALTER TABLE "OA"."EMPLOYEES" MODIFY ("USER_NAME" NOT NULL ENABLE);
--------------------------------------------------------
--  Constraints for Table LOCATIONS
--------------------------------------------------------

  ALTER TABLE "OA"."LOCATIONS" ADD CONSTRAINT "LOCATIONS_PK" PRIMARY KEY ("LOCATION_ID") ENABLE;
  ALTER TABLE "OA"."LOCATIONS" MODIFY ("LOCATION_ID" NOT NULL ENABLE);
--------------------------------------------------------
--  Constraints for Table PURCHASE_ORDER_LINES
--------------------------------------------------------

  ALTER TABLE "OA"."PURCHASE_ORDER_LINES" ADD CONSTRAINT "PURCHASE_ORDER_ITEMS_PK" PRIMARY KEY ("ORDER_LINE_ID") ENABLE;
  ALTER TABLE "OA"."PURCHASE_ORDER_LINES" MODIFY ("ORDER_LINE_ID" NOT NULL ENABLE);
--------------------------------------------------------
--  Constraints for Table PURCHASE_ORDER_HISTORYS
--------------------------------------------------------

  ALTER TABLE "OA"."PURCHASE_ORDER_HISTORYS" ADD CONSTRAINT "PURCHASE_ORDER_HISTORYS_PK" PRIMARY KEY ("ORDER_HISTORY_ID") ENABLE;
  ALTER TABLE "OA"."PURCHASE_ORDER_HISTORYS" MODIFY ("ORDER_HISTORY_ID" NOT NULL ENABLE);
--------------------------------------------------------
--  Constraints for Table TASKS
--------------------------------------------------------

  ALTER TABLE "OA"."TASKS" ADD CONSTRAINT "TASKS_PK" PRIMARY KEY ("ID") ENABLE;
  ALTER TABLE "OA"."TASKS" MODIFY ("ID" NOT NULL ENABLE);
--------------------------------------------------------
--  Constraints for Table CLASSROOM_BATCH_RESERVATION
--------------------------------------------------------

  ALTER TABLE "OA"."CLASSROOM_BATCH_RESERVATION" ADD CONSTRAINT "CLASSROOM_BATCH_RESERVATI_UK1" UNIQUE ("BATCH_NO") ENABLE;
  ALTER TABLE "OA"."CLASSROOM_BATCH_RESERVATION" ADD CONSTRAINT "CLASSROOM_BATCH_RESERVATI_PK" PRIMARY KEY ("ID") ENABLE;
  ALTER TABLE "OA"."CLASSROOM_BATCH_RESERVATION" MODIFY ("ID" NOT NULL ENABLE);
--------------------------------------------------------
--  Constraints for Table ROLES
--------------------------------------------------------

  ALTER TABLE "OA"."ROLES" ADD CONSTRAINT "ROLES_PK" PRIMARY KEY ("ROLE_ID") ENABLE;
  ALTER TABLE "OA"."ROLES" MODIFY ("ROLE_ID" NOT NULL ENABLE);
--------------------------------------------------------
--  Constraints for Table LOVS
--------------------------------------------------------

  ALTER TABLE "OA"."LOVS" ADD CONSTRAINT "LOVS_PK" PRIMARY KEY ("ID") ENABLE;
  ALTER TABLE "OA"."LOVS" MODIFY ("ID" NOT NULL ENABLE);
--------------------------------------------------------
--  Constraints for Table HELPDESK_CALLS
--------------------------------------------------------

  ALTER TABLE "OA"."HELPDESK_CALLS" ADD CONSTRAINT "HELPDESK_CALLS_PK" PRIMARY KEY ("CALL_ID") ENABLE;
  ALTER TABLE "OA"."HELPDESK_CALLS" MODIFY ("CALL_ID" NOT NULL ENABLE);
  ALTER TABLE "OA"."HELPDESK_CALLS" MODIFY ("CALL_READABLE_ID" NOT NULL ENABLE);
--------------------------------------------------------
--  Constraints for Table MENUS
--------------------------------------------------------

  ALTER TABLE "OA"."MENUS" ADD CONSTRAINT "MENUS_PK" PRIMARY KEY ("MENU_ID") ENABLE;
  ALTER TABLE "OA"."MENUS" MODIFY ("MENU_ID" NOT NULL ENABLE);
--------------------------------------------------------
--  Constraints for Table PURCHASE_ORDERS
--------------------------------------------------------

  ALTER TABLE "OA"."PURCHASE_ORDERS" ADD CONSTRAINT "PURCHASE_ORDERS_PK" PRIMARY KEY ("ORDER_ID") ENABLE;
  ALTER TABLE "OA"."PURCHASE_ORDERS" MODIFY ("ORDER_READABLE_ID" NOT NULL ENABLE);
  ALTER TABLE "OA"."PURCHASE_ORDERS" MODIFY ("ORDER_ID" NOT NULL ENABLE);
--------------------------------------------------------
--  Constraints for Table REPAIR_CALLS
--------------------------------------------------------

  ALTER TABLE "OA"."REPAIR_CALLS" MODIFY ("CALL_READABLE_ID" NOT NULL ENABLE);
  ALTER TABLE "OA"."REPAIR_CALLS" MODIFY ("CALL_ID" NOT NULL ENABLE);
  ALTER TABLE "OA"."REPAIR_CALLS" ADD CONSTRAINT "REPAIR_CALLS_PK" PRIMARY KEY ("CALL_ID") ENABLE;
--------------------------------------------------------
--  Constraints for Table ROLE_USERS
--------------------------------------------------------

  ALTER TABLE "OA"."ROLE_USERS" ADD CONSTRAINT "ROLE_USERS_PK" PRIMARY KEY ("ROLE_ID", "USER_ID") ENABLE;
  ALTER TABLE "OA"."ROLE_USERS" MODIFY ("USER_ID" NOT NULL ENABLE);
  ALTER TABLE "OA"."ROLE_USERS" MODIFY ("ROLE_ID" NOT NULL ENABLE);
--------------------------------------------------------
--  Constraints for Table ROLE_MENUS
--------------------------------------------------------

  ALTER TABLE "OA"."ROLE_MENUS" ADD CONSTRAINT "ROLE_MENUS_PK" PRIMARY KEY ("ROLE_ID", "MENU_ID") ENABLE;
  ALTER TABLE "OA"."ROLE_MENUS" MODIFY ("MENU_ID" NOT NULL ENABLE);
  ALTER TABLE "OA"."ROLE_MENUS" MODIFY ("ROLE_ID" NOT NULL ENABLE);
--------------------------------------------------------
--  Constraints for Table CLASSROOM_CALENDAR
--------------------------------------------------------

  ALTER TABLE "OA"."CLASSROOM_CALENDAR" ADD CONSTRAINT "CLASSROOM_CALENDAR_PK" PRIMARY KEY ("ID") ENABLE;
  ALTER TABLE "OA"."CLASSROOM_CALENDAR" MODIFY ("ID" NOT NULL ENABLE);
--------------------------------------------------------
--  Constraints for Table VEHICLE_CALENDAR
--------------------------------------------------------

  ALTER TABLE "OA"."VEHICLE_CALENDAR" MODIFY ("ID" NOT NULL ENABLE);
  ALTER TABLE "OA"."VEHICLE_CALENDAR" ADD CONSTRAINT "VEHICLE_ALENDAR_PK" PRIMARY KEY ("ID") ENABLE;
--------------------------------------------------------
--  Constraints for Table PS_TXN
--------------------------------------------------------

  ALTER TABLE "OA"."PS_TXN" ADD CONSTRAINT "PS_TXN_PK" PRIMARY KEY ("COLLID", "ID") ENABLE;
--------------------------------------------------------
--  DDL for Trigger ANNOUNCEMENTS_TRG
--------------------------------------------------------

  CREATE OR REPLACE TRIGGER "OA"."ANNOUNCEMENTS_TRG" BEFORE INSERT ON "OA"."ANNOUNCEMENTS"
FOR EACH ROW 
BEGIN
  <<COLUMN_SEQUENCES>>
  BEGIN
    IF :NEW.ID IS NULL THEN
      SELECT ANNOUNCEMENTS_SEQ.NEXTVAL INTO :NEW.ID FROM DUAL;
    END IF;
  END COLUMN_SEQUENCES;
END;
/
ALTER TRIGGER "OA"."ANNOUNCEMENTS_TRG" ENABLE;
--------------------------------------------------------
--  DDL for Trigger CLASSROOM_BATCH_RESERVATI_TRG
--------------------------------------------------------

  CREATE OR REPLACE TRIGGER "OA"."CLASSROOM_BATCH_RESERVATI_TRG" BEFORE INSERT ON "OA"."CLASSROOM_BATCH_RESERVATION" 
FOR EACH ROW 
BEGIN
  <<COLUMN_SEQUENCES>>
  BEGIN
    IF :NEW.ID IS NULL THEN
      SELECT CLASSROOM_BATCH_RESERVATI_SEQ.NEXTVAL INTO :NEW.ID FROM DUAL;
    END IF;
  END COLUMN_SEQUENCES;
END;
/
ALTER TRIGGER "OA"."CLASSROOM_BATCH_RESERVATI_TRG" ENABLE;
--------------------------------------------------------
--  DDL for Trigger CLASSROOM_CALENDAR_TRG
--------------------------------------------------------

  CREATE OR REPLACE TRIGGER "OA"."CLASSROOM_CALENDAR_TRG" BEFORE INSERT ON "OA"."CLASSROOM_CALENDAR" 
FOR EACH ROW 
BEGIN
  <<COLUMN_SEQUENCES>>
  BEGIN
    IF :NEW.ID IS NULL THEN
      SELECT CLASSROOM_CALENDAR_SEQ.NEXTVAL INTO :NEW.ID FROM DUAL;
    END IF;
  END COLUMN_SEQUENCES;
END;
/
ALTER TRIGGER "OA"."CLASSROOM_CALENDAR_TRG" ENABLE;
--------------------------------------------------------
--  DDL for Trigger CONF_ROOM_CALENDAR_TRG
--------------------------------------------------------

  CREATE OR REPLACE TRIGGER "OA"."CONF_ROOM_CALENDAR_TRG" BEFORE INSERT ON "OA"."CONF_ROOM_CALENDAR" 
FOR EACH ROW 
BEGIN
  <<COLUMN_SEQUENCES>>
  BEGIN
    IF :NEW.ID IS NULL THEN
      SELECT CONF_ROOM_CALENDAR_SEQ.NEXTVAL INTO :NEW.ID FROM DUAL;
    END IF;
  END COLUMN_SEQUENCES;
END;
/
ALTER TRIGGER "OA"."CONF_ROOM_CALENDAR_TRG" ENABLE;
--------------------------------------------------------
--  DDL for Trigger DEPARTMENT_TRG
--------------------------------------------------------

  CREATE OR REPLACE TRIGGER "OA"."DEPARTMENT_TRG" BEFORE INSERT ON "OA"."DEPARTMENTS" 
FOR EACH ROW 
BEGIN
  <<COLUMN_SEQUENCES>>
  BEGIN
    IF :NEW.DEPT_ID IS NULL THEN
      SELECT DEPARTMENT_SEQ.NEXTVAL INTO :NEW.DEPT_ID FROM DUAL;
    END IF;
  END COLUMN_SEQUENCES;
END;
/
ALTER TRIGGER "OA"."DEPARTMENT_TRG" ENABLE;
--------------------------------------------------------
--  DDL for Trigger EMPLOYEES_TRG
--------------------------------------------------------

  CREATE OR REPLACE TRIGGER "OA"."EMPLOYEES_TRG" BEFORE INSERT ON "OA"."EMPLOYEES" 
FOR EACH ROW 
BEGIN
  <<COLUMN_SEQUENCES>>
  BEGIN
    IF :NEW.ID IS NULL THEN
      SELECT EMPLOYEES_SEQ.NEXTVAL INTO :NEW.ID FROM DUAL;
    END IF;
  END COLUMN_SEQUENCES;
END;
/
ALTER TRIGGER "OA"."EMPLOYEES_TRG" ENABLE;
--------------------------------------------------------
--  DDL for Trigger HELPDESK_CALLS_TRG
--------------------------------------------------------

  CREATE OR REPLACE TRIGGER "OA"."HELPDESK_CALLS_TRG" BEFORE INSERT ON "OA"."HELPDESK_CALLS"
FOR EACH ROW
declare
  seqid varchar2(20);
BEGIN
  <<COLUMN_SEQUENCES>>
  BEGIN
    IF :NEW.CALL_ID IS NULL THEN
      SELECT HELPDESK_CALLS_SEQ.NEXTVAL INTO seqid FROM DUAL;
      SELECT seqid INTO :NEW.CALL_ID FROM DUAL;
      SELECT 'BX-' || seqid INTO :NEW.CALL_READABLE_ID FROM DUAL;
    END IF;
  END COLUMN_SEQUENCES;
END;
/
ALTER TRIGGER "OA"."HELPDESK_CALLS_TRG" ENABLE;
--------------------------------------------------------
--  DDL for Trigger LOCATIONS_TRG
--------------------------------------------------------

  CREATE OR REPLACE TRIGGER "OA"."LOCATIONS_TRG" BEFORE INSERT ON "OA"."LOCATIONS" 
FOR EACH ROW 
BEGIN
  <<COLUMN_SEQUENCES>>
  BEGIN
    IF :NEW.LOCATION_ID IS NULL THEN
      SELECT 'LOC-'||LOCATIONS_SEQ.NEXTVAL INTO :NEW.LOCATION_ID FROM DUAL;
    END IF;
  END COLUMN_SEQUENCES;
END;
/
ALTER TRIGGER "OA"."LOCATIONS_TRG" ENABLE;
--------------------------------------------------------
--  DDL for Trigger LOVS_TRG
--------------------------------------------------------

  CREATE OR REPLACE TRIGGER "OA"."LOVS_TRG" BEFORE INSERT ON "OA"."LOVS" 
FOR EACH ROW 
BEGIN
  <<COLUMN_SEQUENCES>>
  BEGIN
    IF :NEW.ID IS NULL THEN
      SELECT LOVS_SEQ.NEXTVAL INTO :NEW.ID FROM DUAL;
    END IF;
  END COLUMN_SEQUENCES;
END;
/
ALTER TRIGGER "OA"."LOVS_TRG" ENABLE;
--------------------------------------------------------
--  DDL for Trigger NOTIFICATIONS_TRG
--------------------------------------------------------

  CREATE OR REPLACE TRIGGER "OA"."NOTIFICATIONS_TRG" BEFORE INSERT ON "OA"."NOTIFICATIONS" 
FOR EACH ROW 
BEGIN
  <<COLUMN_SEQUENCES>>
  BEGIN
    IF :NEW.ID IS NULL THEN
      SELECT NOTIFICATIONS_SEQ.NEXTVAL INTO :NEW.ID FROM DUAL;
    END IF;
  END COLUMN_SEQUENCES;
END;
/
ALTER TRIGGER "OA"."NOTIFICATIONS_TRG" ENABLE;
--------------------------------------------------------
--  DDL for Trigger PURCHASE_ORDERS_TRG
--------------------------------------------------------

  CREATE OR REPLACE TRIGGER "OA"."PURCHASE_ORDERS_TRG" BEFORE INSERT ON "OA"."PURCHASE_ORDERS"
FOR EACH ROW
declare
  seqid varchar2(20);
BEGIN
  <<COLUMN_SEQUENCES>>
  BEGIN
    IF :NEW.ORDER_ID IS NULL THEN
      SELECT PURCHASE_ORDERS_SEQ.NEXTVAL INTO seqid FROM DUAL;
      SELECT seqid INTO :NEW.ORDER_ID FROM DUAL;
      SELECT 'CG-' || seqid INTO :NEW.ORDER_READABLE_ID FROM DUAL;
    END IF;
  END COLUMN_SEQUENCES;
END;
/
ALTER TRIGGER "OA"."PURCHASE_ORDERS_TRG" ENABLE;
--------------------------------------------------------
--  DDL for Trigger PURCHASE_ORDER_HISTORYS_TRG
--------------------------------------------------------

  CREATE OR REPLACE TRIGGER "OA"."PURCHASE_ORDER_HISTORYS_TRG" BEFORE INSERT ON "OA"."PURCHASE_ORDER_HISTORYS"
FOR EACH ROW
BEGIN
  <<COLUMN_SEQUENCES>>
  BEGIN
    IF :NEW.ORDER_HISTORY_ID IS NULL THEN
      SELECT PURCHASE_ORDER_HISTORYS_SEQ.NEXTVAL INTO :NEW.ORDER_HISTORY_ID FROM DUAL;
    END IF;
  END COLUMN_SEQUENCES;
END;
/
ALTER TRIGGER "OA"."PURCHASE_ORDER_HISTORYS_TRG" ENABLE;
--------------------------------------------------------
--  DDL for Trigger PURCHASE_ORDER_LINES_TRG
--------------------------------------------------------

  CREATE OR REPLACE TRIGGER "OA"."PURCHASE_ORDER_LINES_TRG" BEFORE INSERT ON "OA"."PURCHASE_ORDER_LINES"
FOR EACH ROW
BEGIN
  <<COLUMN_SEQUENCES>>
  BEGIN
    IF :NEW.ORDER_LINE_ID IS NULL THEN
      SELECT PURCHASE_ORDER_LINES_SEQ.NEXTVAL INTO :NEW.ORDER_LINE_ID FROM DUAL;
    END IF;
  END COLUMN_SEQUENCES;
END;
/
ALTER TRIGGER "OA"."PURCHASE_ORDER_LINES_TRG" ENABLE;
--------------------------------------------------------
--  DDL for Trigger REPAIR_CALLS_TRG
--------------------------------------------------------

  CREATE OR REPLACE TRIGGER "OA"."REPAIR_CALLS_TRG" BEFORE INSERT ON "OA"."REPAIR_CALLS"
FOR EACH ROW
declare
  seqid varchar2(20);
BEGIN
  <<COLUMN_SEQUENCES>>
  BEGIN
    IF :NEW.CALL_ID IS NULL THEN
      SELECT REPAIR_CALLS_SEQ.NEXTVAL INTO seqid FROM DUAL;
      SELECT seqid INTO :NEW.CALL_ID FROM DUAL;
      SELECT 'BX-' || seqid INTO :NEW.CALL_READABLE_ID FROM DUAL;
    END IF;
  END COLUMN_SEQUENCES;
END;
/
ALTER TRIGGER "OA"."REPAIR_CALLS_TRG" ENABLE;
--------------------------------------------------------
--  DDL for Trigger ROLES_TRG
--------------------------------------------------------

  CREATE OR REPLACE TRIGGER "OA"."ROLES_TRG" BEFORE INSERT ON "OA"."ROLES" 
FOR EACH ROW 
BEGIN
  <<COLUMN_SEQUENCES>>
  BEGIN
    IF :NEW.ROLE_ID IS NULL THEN
      SELECT ROLES_SEQ.NEXTVAL INTO :NEW.ROLE_ID FROM DUAL;
    END IF;
  END COLUMN_SEQUENCES;
END;
/
ALTER TRIGGER "OA"."ROLES_TRG" ENABLE;
--------------------------------------------------------
--  DDL for Trigger TASKS_TRG
--------------------------------------------------------

  CREATE OR REPLACE TRIGGER "OA"."TASKS_TRG" BEFORE INSERT ON "OA"."TASKS" 
FOR EACH ROW 
BEGIN
  <<COLUMN_SEQUENCES>>
  BEGIN
    IF :NEW.ID IS NULL THEN
      SELECT TASKS_SEQ.NEXTVAL INTO :NEW.ID FROM DUAL;
    END IF;
  END COLUMN_SEQUENCES;
END;
/
ALTER TRIGGER "OA"."TASKS_TRG" ENABLE;
--------------------------------------------------------
--  DDL for Trigger VEHICLE_ALENDAR_TRG
--------------------------------------------------------

  CREATE OR REPLACE TRIGGER "OA"."VEHICLE_ALENDAR_TRG" BEFORE INSERT ON "OA"."VEHICLE_CALENDAR" 
FOR EACH ROW 
BEGIN
  <<COLUMN_SEQUENCES>>
  BEGIN
    IF :NEW.ID IS NULL THEN
      SELECT VEHICLE_ALENDAR_SEQ.NEXTVAL INTO :NEW.ID FROM DUAL;
    END IF;
  END COLUMN_SEQUENCES;
END;
/
ALTER TRIGGER "OA"."VEHICLE_ALENDAR_TRG" ENABLE;



commit;
