ALTER SESSION SET NLS_LANGUAGE='AMERICAN';
--------------------------------------------------------
--  File created - Friday-March-01-2013   
--------------------------------------------------------
  DROP TABLE "OA"."ANNOUNCEMENTS";
  DROP TABLE "OA"."CLASSROOM_BATCH_RESERVATION";
  DROP TABLE "OA"."CLASSROOM_CALENDAR";
  DROP TABLE "OA"."CONF_ROOM_CALENDAR";
  DROP TABLE "OA"."DEPARTMENTS";
  DROP TABLE "OA"."EMPLOYEES";
  DROP TABLE "OA"."HELPDESK_CALLS";
  DROP TABLE "OA"."HELPDESK_ROLES";
  DROP TABLE "OA"."ITEM_CATEGORY_APPROVAL";
  DROP TABLE "OA"."LOCATIONS";
  DROP TABLE "OA"."LOVS";
  DROP TABLE "OA"."MENUS";
  DROP TABLE "OA"."NOTIFICATIONS";
  DROP TABLE "OA"."PS_TXN";
  DROP TABLE "OA"."PURCHASE_ORDERS";
  DROP TABLE "OA"."PURCHASE_ORDER_HISTORYS";
  DROP TABLE "OA"."PURCHASE_ORDER_LINES";
  DROP TABLE "OA"."REPAIR_CALLS";
  DROP TABLE "OA"."ROLES";
  DROP TABLE "OA"."ROLE_MENUS";
  DROP TABLE "OA"."ROLE_USERS";
  DROP TABLE "OA"."TASKS";
  DROP TABLE "OA"."VEHICLE_CALENDAR";
  DROP SEQUENCE "OA"."ANNOUNCEMENTS_SEQ";
  DROP SEQUENCE "OA"."CLASSROOM_BATCH_RESERVATI_SEQ";
  DROP SEQUENCE "OA"."CLASSROOM_CALENDAR_SEQ";
  DROP SEQUENCE "OA"."CONF_ROOM_CALENDAR_SEQ";
  DROP SEQUENCE "OA"."DEPARTMENT_SEQ";
  DROP SEQUENCE "OA"."EMPLOYEES_SEQ";
  DROP SEQUENCE "OA"."HELPDESK_CALLS_SEQ";
  DROP SEQUENCE "OA"."LOCATIONS_SEQ";
  DROP SEQUENCE "OA"."LOVS_SEQ";
  DROP SEQUENCE "OA"."NOTIFICATIONS_SEQ";
  DROP SEQUENCE "OA"."PS_TXN_SEQ";
  DROP SEQUENCE "OA"."PURCHASE_ORDERS_SEQ";
  DROP SEQUENCE "OA"."PURCHASE_ORDER_HISTORYS_SEQ";
  DROP SEQUENCE "OA"."PURCHASE_ORDER_LINES_SEQ";
  DROP SEQUENCE "OA"."REPAIR_CALLS_SEQ";
  DROP SEQUENCE "OA"."ROLES_SEQ";
  DROP SEQUENCE "OA"."TASKS_SEQ";
  DROP SEQUENCE "OA"."VEHICLE_ALENDAR_SEQ";
  DROP TYPE "OA"."CHARTABLETYPE";
--------------------------------------------------------
--  DDL for Type CHARTABLETYPE
--------------------------------------------------------

  CREATE OR REPLACE TYPE "OA"."CHARTABLETYPE" as table of varchar2(4000);

/

--------------------------------------------------------
--  DDL for Sequence ANNOUNCEMENTS_SEQ
--------------------------------------------------------

   CREATE SEQUENCE  "OA"."ANNOUNCEMENTS_SEQ"  MINVALUE 1 MAXVALUE 9999999999999999999999999999 INCREMENT BY 1 START WITH 1 CACHE 20 NOORDER  NOCYCLE ;
--------------------------------------------------------
--  DDL for Sequence CLASSROOM_BATCH_RESERVATI_SEQ
--------------------------------------------------------

   CREATE SEQUENCE  "OA"."CLASSROOM_BATCH_RESERVATI_SEQ"  MINVALUE 1 MAXVALUE 9999999999999999999999999999 INCREMENT BY 1 START WITH 65 CACHE 20 NOORDER  NOCYCLE ;
--------------------------------------------------------
--  DDL for Sequence CLASSROOM_CALENDAR_SEQ
--------------------------------------------------------

   CREATE SEQUENCE  "OA"."CLASSROOM_CALENDAR_SEQ"  MINVALUE 1 MAXVALUE 9999999999999999999999999999 INCREMENT BY 1 START WITH 526 CACHE 20 NOORDER  NOCYCLE ;
--------------------------------------------------------
--  DDL for Sequence CONF_ROOM_CALENDAR_SEQ
--------------------------------------------------------

   CREATE SEQUENCE  "OA"."CONF_ROOM_CALENDAR_SEQ"  MINVALUE 1 MAXVALUE 9999999999999999999999999999 INCREMENT BY 1 START WITH 104 CACHE 20 NOORDER  NOCYCLE ;
--------------------------------------------------------
--  DDL for Sequence DEPARTMENT_SEQ
--------------------------------------------------------

   CREATE SEQUENCE  "OA"."DEPARTMENT_SEQ"  MINVALUE 1 MAXVALUE 9999999999999999999999999999 INCREMENT BY 1 START WITH 45 CACHE 20 NOORDER  NOCYCLE ;
--------------------------------------------------------
--  DDL for Sequence EMPLOYEES_SEQ
--------------------------------------------------------

   CREATE SEQUENCE  "OA"."EMPLOYEES_SEQ"  MINVALUE 1 MAXVALUE 9999999999999999999999999999 INCREMENT BY 1 START WITH 500 CACHE 20 NOORDER  NOCYCLE ;
--------------------------------------------------------
--  DDL for Sequence HELPDESK_CALLS_SEQ
--------------------------------------------------------

   CREATE SEQUENCE  "OA"."HELPDESK_CALLS_SEQ"  MINVALUE 1 MAXVALUE 9999999999999999999999999999 INCREMENT BY 1 START WITH 61 CACHE 20 NOORDER  NOCYCLE ;
--------------------------------------------------------
--  DDL for Sequence LOCATIONS_SEQ
--------------------------------------------------------

   CREATE SEQUENCE  "OA"."LOCATIONS_SEQ"  MINVALUE 1 MAXVALUE 9999999999999999999999999999 INCREMENT BY 1 START WITH 1 CACHE 20 NOORDER  NOCYCLE ;
--------------------------------------------------------
--  DDL for Sequence LOVS_SEQ
--------------------------------------------------------

   CREATE SEQUENCE  "OA"."LOVS_SEQ"  MINVALUE 1 MAXVALUE 9999999999999999999999999999 INCREMENT BY 1 START WITH 101 CACHE 20 NOORDER  NOCYCLE ;
--------------------------------------------------------
--  DDL for Sequence NOTIFICATIONS_SEQ
--------------------------------------------------------

   CREATE SEQUENCE  "OA"."NOTIFICATIONS_SEQ"  MINVALUE 1 MAXVALUE 9999999999999999999999999999 INCREMENT BY 1 START WITH 363 CACHE 20 NOORDER  NOCYCLE ;
--------------------------------------------------------
--  DDL for Sequence PS_TXN_SEQ
--------------------------------------------------------

   CREATE SEQUENCE  "OA"."PS_TXN_SEQ"  MINVALUE 1 MAXVALUE 9999999999999999999999999999 INCREMENT BY 50 START WITH 13701 CACHE 20 NOORDER  NOCYCLE ;
--------------------------------------------------------
--  DDL for Sequence PURCHASE_ORDERS_SEQ
--------------------------------------------------------

   CREATE SEQUENCE  "OA"."PURCHASE_ORDERS_SEQ"  MINVALUE 1 MAXVALUE 9999999999999999999999999999 INCREMENT BY 1 START WITH 1 CACHE 20 NOORDER  NOCYCLE ;
--------------------------------------------------------
--  DDL for Sequence PURCHASE_ORDER_HISTORYS_SEQ
--------------------------------------------------------

   CREATE SEQUENCE  "OA"."PURCHASE_ORDER_HISTORYS_SEQ"  MINVALUE 1 MAXVALUE 9999999999999999999999999999 INCREMENT BY 1 START WITH 1 CACHE 20 NOORDER  NOCYCLE ;
--------------------------------------------------------
--  DDL for Sequence PURCHASE_ORDER_LINES_SEQ
--------------------------------------------------------

   CREATE SEQUENCE  "OA"."PURCHASE_ORDER_LINES_SEQ"  MINVALUE 1 MAXVALUE 9999999999999999999999999999 INCREMENT BY 1 START WITH 1 CACHE 20 NOORDER  NOCYCLE ;
--------------------------------------------------------
--  DDL for Sequence REPAIR_CALLS_SEQ
--------------------------------------------------------

   CREATE SEQUENCE  "OA"."REPAIR_CALLS_SEQ"  MINVALUE 1 MAXVALUE 9999999999999999999999999999 INCREMENT BY 1 START WITH 1 CACHE 20 NOORDER  NOCYCLE ;
--------------------------------------------------------
--  DDL for Sequence ROLES_SEQ
--------------------------------------------------------

   CREATE SEQUENCE  "OA"."ROLES_SEQ"  MINVALUE 1 MAXVALUE 9999999999999999999999999999 INCREMENT BY 1 START WITH 62 CACHE 20 NOORDER  NOCYCLE ;
--------------------------------------------------------
--  DDL for Sequence TASKS_SEQ
--------------------------------------------------------

   CREATE SEQUENCE  "OA"."TASKS_SEQ"  MINVALUE 1 MAXVALUE 9999999999999999999999999999 INCREMENT BY 1 START WITH 174 CACHE 20 NOORDER  NOCYCLE ;
--------------------------------------------------------
--  DDL for Sequence VEHICLE_ALENDAR_SEQ
--------------------------------------------------------

   CREATE SEQUENCE  "OA"."VEHICLE_ALENDAR_SEQ"  MINVALUE 1 MAXVALUE 9999999999999999999999999999 INCREMENT BY 1 START WITH 123 CACHE 20 NOORDER  NOCYCLE ;
--------------------------------------------------------
--  DDL for Table ANNOUNCEMENTS
--------------------------------------------------------

  CREATE TABLE "OA"."ANNOUNCEMENTS" 
   (	"ID" VARCHAR2(20 BYTE), 
	"SENDER_ID" VARCHAR2(20 BYTE), 
	"SENDER_NAME" VARCHAR2(20 BYTE), 
	"TITLE" VARCHAR2(200 BYTE), 
	"CONTENT" VARCHAR2(2000 BYTE), 
	"ATTACHMENT_PATH" VARCHAR2(100 BYTE), 
	"SENT_DATE" DATE, 
	"EXPIRE_DATE" DATE, 
	"CATEGORY" VARCHAR2(20 BYTE), 
	"IMPORTANCE" VARCHAR2(20 BYTE)
   ) ;
--------------------------------------------------------
--  DDL for Table CLASSROOM_BATCH_RESERVATION
--------------------------------------------------------

  CREATE TABLE "OA"."CLASSROOM_BATCH_RESERVATION" 
   (	"ID" VARCHAR2(20 BYTE), 
	"BATCH_NO" VARCHAR2(20 BYTE), 
	"ACT_TITLE" VARCHAR2(200 BYTE), 
	"ACT_START_TIME" TIMESTAMP (6), 
	"ACT_END_TIME" TIMESTAMP (6), 
	"USER_ID" VARCHAR2(20 BYTE), 
	"USER_DISPLAY_NAME" VARCHAR2(20 BYTE), 
	"NUM_OF_PEOPLE" NUMBER(*,0), 
	"CLASSROOM" VARCHAR2(20 BYTE), 
	"COMMENTS" VARCHAR2(200 BYTE), 
	"BATCH_EFFECTIVE_DATE" DATE, 
	"BATCH_EXPIRE_DATE" DATE, 
	"RECURRENCE_TYPE" VARCHAR2(20 BYTE), 
	"FST_WK_MON" VARCHAR2(20 BYTE), 
	"FST_WK_TUE" VARCHAR2(20 BYTE), 
	"FST_WK_WED" VARCHAR2(20 BYTE), 
	"FST_WK_THU" VARCHAR2(20 BYTE), 
	"FST_WK_FRI" VARCHAR2(20 BYTE), 
	"FST_WK_SAT" VARCHAR2(20 BYTE), 
	"FST_WK_SUN" VARCHAR2(20 BYTE), 
	"SND_WK_MON" VARCHAR2(20 BYTE), 
	"SND_WK_TUE" VARCHAR2(20 BYTE), 
	"SND_WK_WED" VARCHAR2(20 BYTE), 
	"SND_WK_THU" VARCHAR2(20 BYTE), 
	"SND_WK_FRI" VARCHAR2(20 BYTE), 
	"SND_WK_SAT" VARCHAR2(20 BYTE), 
	"SND_WK_SUN" VARCHAR2(20 BYTE), 
	"LOCATION_ID" VARCHAR2(20 BYTE), 
	"LOCATION_NAME" VARCHAR2(20 BYTE), 
	"CLASSROOM_ID" VARCHAR2(20 BYTE), 
	"ALL_DAY" VARCHAR2(10 BYTE)
   ) ;
--------------------------------------------------------
--  DDL for Table CLASSROOM_CALENDAR
--------------------------------------------------------

  CREATE TABLE "OA"."CLASSROOM_CALENDAR" 
   (	"ID" VARCHAR2(20 BYTE), 
	"ACT_TITLE" VARCHAR2(200 BYTE), 
	"ACT_START_TIME" TIMESTAMP (6), 
	"ACT_END_TIME" TIMESTAMP (6), 
	"USER_ID" VARCHAR2(20 BYTE), 
	"USER_DISPLAY_NAME" VARCHAR2(20 BYTE), 
	"NUM_OF_PEOPLE" NUMBER(*,0), 
	"CLASSROOM" VARCHAR2(50 BYTE), 
	"COMMENTS" VARCHAR2(200 BYTE), 
	"CREATED_AT" DATE, 
	"BATCH_ID" VARCHAR2(20 BYTE), 
	"BATCH_NO" VARCHAR2(20 BYTE), 
	"LOCATION_ID" VARCHAR2(20 BYTE), 
	"LOCATION_NAME" VARCHAR2(20 BYTE), 
	"CLASSROOM_ID" VARCHAR2(20 BYTE), 
	"ALL_DAY" VARCHAR2(10 BYTE)
   ) ;
--------------------------------------------------------
--  DDL for Table CONF_ROOM_CALENDAR
--------------------------------------------------------

  CREATE TABLE "OA"."CONF_ROOM_CALENDAR" 
   (	"ID" VARCHAR2(20 BYTE), 
	"USER_ID" VARCHAR2(20 BYTE), 
	"USER_DISPLAY_NAME" VARCHAR2(20 BYTE), 
	"LOCATION_ID" VARCHAR2(20 BYTE), 
	"LOCATION_NAME" VARCHAR2(20 BYTE), 
	"MEETING_ROOM" VARCHAR2(20 BYTE), 
	"MEETING_ROOM_ID" VARCHAR2(20 BYTE), 
	"TITLE" VARCHAR2(50 BYTE), 
	"PARTICIPANTS" VARCHAR2(100 BYTE), 
	"START_TIME" TIMESTAMP (6), 
	"END_TIME" TIMESTAMP (6), 
	"COMMENTS" VARCHAR2(500 BYTE), 
	"NEED_PROJECTOR" VARCHAR2(5 BYTE), 
	"NEED_LOUDSPEAKER" VARCHAR2(5 BYTE), 
	"NEED_BEVERAGE" VARCHAR2(5 BYTE), 
	"NEED_FRUITS" VARCHAR2(5 BYTE), 
	"NEED_SNACKS" VARCHAR2(5 BYTE), 
	"SNACK_LEVEL" VARCHAR2(20 BYTE), 
	"NUM_OF_PEOPLE" NUMBER, 
	"STATE" VARCHAR2(20 BYTE), 
	"PR_ID" VARCHAR2(20 BYTE), 
	"ALLDAY" VARCHAR2(20 BYTE), 
	"SUBMIT_DATE" DATE
   ) ;
--------------------------------------------------------
--  DDL for Table DEPARTMENTS
--------------------------------------------------------

  CREATE TABLE "OA"."DEPARTMENTS" 
   (	"DEPT_ID" VARCHAR2(20 BYTE), 
	"DEPT_NAME" VARCHAR2(50 BYTE), 
	"LOCATION_ID" VARCHAR2(20 BYTE), 
	"MGR_ID" VARCHAR2(20 BYTE), 
	"CREATED_AT" DATE, 
	"CREATED_BY" VARCHAR2(20 BYTE), 
	"LAST_UPDATED_AT" DATE, 
	"LAST_UPDATED_BY" VARCHAR2(20 BYTE), 
	"MGR_NAME" VARCHAR2(20 BYTE), 
	"EXPIRED" VARCHAR2(20 BYTE)
   ) ;
--------------------------------------------------------
--  DDL for Table EMPLOYEES
--------------------------------------------------------

  CREATE TABLE "OA"."EMPLOYEES" 
   (	"USER_NAME" VARCHAR2(20 BYTE), 
	"PASSWORD" VARCHAR2(20 BYTE), 
	"FIRST_NAME" VARCHAR2(20 BYTE), 
	"LAST_NAME" VARCHAR2(20 BYTE), 
	"GENDER" VARCHAR2(20 BYTE), 
	"MGR_ID" VARCHAR2(20 BYTE), 
	"DEPT_ID" VARCHAR2(20 BYTE), 
	"EMAIL" VARCHAR2(100 BYTE), 
	"MOBILE" VARCHAR2(20 BYTE), 
	"OFFICE_PHONE" VARCHAR2(40 BYTE), 
	"HOME_PHONE" VARCHAR2(20 BYTE), 
	"FAX" VARCHAR2(20 BYTE), 
	"LOCATION_ID" VARCHAR2(20 BYTE), 
	"HOME_ADDRESS" VARCHAR2(20 BYTE), 
	"OFFICE_ADDRESS" VARCHAR2(20 BYTE), 
	"PHOTO" BLOB, 
	"LAST_UPDATED_BY" VARCHAR2(20 BYTE), 
	"LAST_UPDATED_AT" DATE, 
	"CREATED_BY" VARCHAR2(20 BYTE), 
	"CREATED_AT" DATE, 
	"TITLE" VARCHAR2(20 BYTE), 
	"ID" VARCHAR2(20 BYTE), 
	"MGR_NAME" VARCHAR2(20 BYTE), 
	"DEPT_NAME" VARCHAR2(20 BYTE), 
	"EXPIRED" VARCHAR2(20 BYTE)
   ) 
 LOB ("PHOTO") STORE AS BASICFILE "SYS_LOB0000020052C00016$$"(ENABLE STORAGE IN ROW CHUNK 8192 RETENTION 
  NOCACHE LOGGING ) ;
--------------------------------------------------------
--  DDL for Table HELPDESK_CALLS
--------------------------------------------------------

  CREATE TABLE "OA"."HELPDESK_CALLS" 
   (	"CALL_ID" VARCHAR2(20 BYTE), 
	"CALL_READABLE_ID" VARCHAR2(30 BYTE), 
	"CALLER_ID" VARCHAR2(20 BYTE), 
	"CALLEE_ID" VARCHAR2(20 BYTE), 
	"LOCATION_ID" VARCHAR2(20 BYTE), 
	"LOCATION_DETAIL" VARCHAR2(200 BYTE), 
	"CREATE_BY" VARCHAR2(20 BYTE), 
	"CREATE_AT" DATE, 
	"LAST_UPDATED_BY" VARCHAR2(20 BYTE), 
	"LAST_UPDATED_AT" DATE, 
	"STATE" VARCHAR2(20 BYTE), 
	"CALL_RESULT" VARCHAR2(20 BYTE), 
	"CALL_RESULT_DETAIL" VARCHAR2(500 BYTE), 
	"CALL_EVAL" VARCHAR2(20 BYTE), 
	"CALL_EVAL_DETAIL" VARCHAR2(20 BYTE), 
	"REASON_LEVEL_1" VARCHAR2(40 BYTE), 
	"REASON_LEVEL_2" VARCHAR2(40 BYTE), 
	"REASON_LEVEL_3" VARCHAR2(40 BYTE), 
	"REASON_DETAIL" VARCHAR2(500 BYTE), 
	"SUBMIT_AT" DATE, 
	"CALLEE_DISPLAY_NAME" VARCHAR2(20 BYTE)
   ) ;
--------------------------------------------------------
--  DDL for Table HELPDESK_ROLES
--------------------------------------------------------

  CREATE TABLE "OA"."HELPDESK_ROLES" 
   (	"LOCATION_ID" VARCHAR2(20 BYTE), 
	"HELPDESK_REASON" VARCHAR2(40 BYTE), 
	"ROLE_NAME" VARCHAR2(50 BYTE), 
	"CREATED_AT" DATE, 
	"CREATED_BY" VARCHAR2(20 BYTE)
   ) ;
--------------------------------------------------------
--  DDL for Table ITEM_CATEGORY_APPROVAL
--------------------------------------------------------

  CREATE TABLE "OA"."ITEM_CATEGORY_APPROVAL" 
   (	"ITEM_CATEGORY" VARCHAR2(20 BYTE), 
	"APPROVAL_LIMIT" NUMBER(12,2)
   ) ;
--------------------------------------------------------
--  DDL for Table LOCATIONS
--------------------------------------------------------

  CREATE TABLE "OA"."LOCATIONS" 
   (	"LOCATION_ID" VARCHAR2(20 BYTE), 
	"FAX" VARCHAR2(20 BYTE), 
	"STREET_ADDRESS" VARCHAR2(200 BYTE), 
	"POSTAL_CODE" VARCHAR2(20 BYTE), 
	"LOCATION_NAME" VARCHAR2(20 BYTE), 
	"FRONT_DESK_PHONE" VARCHAR2(20 BYTE), 
	"CREATED_AT" DATE, 
	"CREATED_BY" VARCHAR2(20 BYTE), 
	"LAST_UPDATED_AT" DATE, 
	"LAST_UPDATED_BY" VARCHAR2(20 BYTE), 
	"EXPIRED" VARCHAR2(20 BYTE)
   ) ;
--------------------------------------------------------
--  DDL for Table LOVS
--------------------------------------------------------

  CREATE TABLE "OA"."LOVS" 
   (	"ID" VARCHAR2(20 BYTE), 
	"CODE" VARCHAR2(20 BYTE), 
	"LOV_DESC" VARCHAR2(200 BYTE), 
	"PARENT_CODE" VARCHAR2(20 BYTE), 
	"VALUE" VARCHAR2(20 BYTE), 
	"CREATED_AT" DATE, 
	"CREATED_BY" VARCHAR2(20 BYTE), 
	"LAST_UPDATED_BY" VARCHAR2(20 BYTE), 
	"LAST_UPDATED_AT" DATE, 
	"FLEX_COL1" VARCHAR2(200 BYTE), 
	"FLEX_COL2" VARCHAR2(200 BYTE), 
	"FLEX_COL3" VARCHAR2(200 BYTE), 
	"EXPIRED" VARCHAR2(20 BYTE)
   ) ;
--------------------------------------------------------
--  DDL for Table MENUS
--------------------------------------------------------

  CREATE TABLE "OA"."MENUS" 
   (	"MENU_ID" VARCHAR2(20 BYTE), 
	"MENU_NAME" VARCHAR2(20 BYTE), 
	"MENU_TASKFLOW_URL" VARCHAR2(500 BYTE), 
	"MENU_DESC" VARCHAR2(20 BYTE), 
	"MENU_CATEGORY" VARCHAR2(20 BYTE), 
	"PARENT_MENU_ID" VARCHAR2(20 BYTE), 
	"MENU_MASTER_CATEGORY" VARCHAR2(20 BYTE), 
	"MENU_ICON_URL" VARCHAR2(100 BYTE), 
	"EXPIRED" VARCHAR2(20 BYTE), 
	"SEQ" VARCHAR2(20 BYTE)
   ) ;
--------------------------------------------------------
--  DDL for Table NOTIFICATIONS
--------------------------------------------------------

  CREATE TABLE "OA"."NOTIFICATIONS" 
   (	"ID" VARCHAR2(20 BYTE), 
	"CATEGORY" VARCHAR2(20 BYTE), 
	"PRIORITY" NUMBER(*,0), 
	"TITLE" VARCHAR2(200 BYTE), 
	"CONTENT" VARCHAR2(2000 BYTE), 
	"EVENT_DATE" DATE, 
	"IS_SMS_SENT" VARCHAR2(1 BYTE), 
	"STATE" VARCHAR2(20 BYTE), 
	"TO_USER_ID" VARCHAR2(20 BYTE)
   ) ;
--------------------------------------------------------
--  DDL for Table PS_TXN
--------------------------------------------------------

  CREATE TABLE "OA"."PS_TXN" 
   (	"ID" NUMBER(20,0), 
	"PARENTID" NUMBER(20,0), 
	"COLLID" NUMBER(10,0), 
	"CONTENT" BLOB, 
	"CREATION_DATE" DATE DEFAULT sysdate
   ) ;
--------------------------------------------------------
--  DDL for Table PURCHASE_ORDERS
--------------------------------------------------------

  CREATE TABLE "OA"."PURCHASE_ORDERS" 
   (	"ORDER_ID" VARCHAR2(20 BYTE), 
	"ORDER_READABLE_ID" VARCHAR2(30 BYTE), 
	"SUBMITTER_ID" VARCHAR2(20 BYTE), 
	"ITEM_CATEGORY_ID" VARCHAR2(20 BYTE), 
	"CREATE_BY" VARCHAR2(20 BYTE), 
	"CREATE_AT" DATE, 
	"SUBMIT_AT" DATE, 
	"LAST_UPDATED_BY" VARCHAR2(20 BYTE), 
	"LAST_UPDATED_AT" DATE, 
	"STATE" VARCHAR2(20 BYTE), 
	"SUBMIT_TOTAL" NUMBER(12,2), 
	"VERIFY_TOTAL" NUMBER(12,2), 
	"ORDER_NOTE" VARCHAR2(500 BYTE),
  "CURRENT_APPROVER" VARCHAR2(20 BYTE),
  "CURRENT_EXECUTOR" VARCHAR2(20 BYTE)
   ) ;
--------------------------------------------------------
--  DDL for Table PURCHASE_ORDER_HISTORYS
--------------------------------------------------------

  CREATE TABLE "OA"."PURCHASE_ORDER_HISTORYS" 
   (	"ORDER_HISTORY_ID" VARCHAR2(20 BYTE), 
	"ORDER_ID" VARCHAR2(20 BYTE), 
	"OPERATOR_ID" VARCHAR2(20 BYTE), 
	"OPERATION_DETAIL" VARCHAR2(40 BYTE), 
	"OPERATION_DATE" DATE
   ) ;
--------------------------------------------------------
--  DDL for Table PURCHASE_ORDER_LINES
--------------------------------------------------------

  CREATE TABLE "OA"."PURCHASE_ORDER_LINES" 
   (	"ORDER_LINE_ID" VARCHAR2(20 BYTE), 
	"ORDER_ID" VARCHAR2(20 BYTE), 
	"ITEM_ID" VARCHAR2(20 BYTE), 
	"ITEM_DESCRIPTION" VARCHAR2(200 BYTE), 
	"SUBMIT_QUANTITY" NUMBER, 
	"SUBMIT_UNIT" VARCHAR2(20 BYTE), 
	"SUBMIT_PRICE" NUMBER(12,2), 
	"SUBMIT_TOTAL" NUMBER(12,2), 
	"EXPECTED_DATE" DATE, 
	"SUBMIT_NOTE" VARCHAR2(500 BYTE), 
	"STATE" VARCHAR2(20 BYTE), 
	"PURCHASE_QUANTITY" NUMBER, 
	"ACTUAL_PRICE" NUMBER(12,2), 
	"ACTUAL_TOTAL" NUMBER(12,2), 
	"VERIFY_NOTE" VARCHAR2(500 BYTE), 
	"RECEIVE_QUANTITY" NUMBER,
  "CANCELLED" VARCHAR2(20 BYTE)
   ) ;
--------------------------------------------------------
--  DDL for Table REPAIR_CALLS
--------------------------------------------------------

  CREATE TABLE "OA"."REPAIR_CALLS" 
   (	"CALL_ID" VARCHAR2(20 BYTE), 
	"CALL_READABLE_ID" VARCHAR2(30 BYTE), 
	"CALLER_ID" VARCHAR2(20 BYTE), 
	"CALLEE_ID" VARCHAR2(20 BYTE), 
	"LOCATION_ID" VARCHAR2(20 BYTE), 
	"LOCATION_DETAIL" VARCHAR2(200 BYTE), 
	"CREATE_BY" VARCHAR2(20 BYTE), 
	"CREATE_AT" DATE, 
	"LAST_UPDATED_BY" VARCHAR2(20 BYTE), 
	"LAST_UPDATED_AT" DATE, 
	"STATE" VARCHAR2(20 BYTE), 
	"CALL_RESULT" VARCHAR2(20 BYTE), 
	"CALL_RESULT_DETAIL" VARCHAR2(500 BYTE), 
	"CALL_EVAL" VARCHAR2(20 BYTE), 
	"CALL_EVAL_DETAIL" VARCHAR2(20 BYTE), 
	"REASON_LEVEL_1" VARCHAR2(40 BYTE), 
	"REASON_LEVEL_2" VARCHAR2(40 BYTE), 
	"REASON_LEVEL_3" VARCHAR2(40 BYTE), 
	"REASON_DETAIL" VARCHAR2(500 BYTE)
   ) ;
--------------------------------------------------------
--  DDL for Table ROLES
--------------------------------------------------------

  CREATE TABLE "OA"."ROLES" 
   (	"ROLE_ID" VARCHAR2(20 BYTE), 
	"ROLE_NAME" VARCHAR2(50 BYTE), 
	"ROLE_DESC" VARCHAR2(200 BYTE), 
	"CREATED_AT" DATE, 
	"CREATED_BY" VARCHAR2(20 BYTE), 
	"LAST_UPDATED_AT" DATE, 
	"LAST_UPDATED_BY" VARCHAR2(20 BYTE), 
	"EXPIRED" VARCHAR2(20 BYTE)
   ) ;
--------------------------------------------------------
--  DDL for Table ROLE_MENUS
--------------------------------------------------------

  CREATE TABLE "OA"."ROLE_MENUS" 
   (	"ROLE_ID" VARCHAR2(20 BYTE), 
	"MENU_ID" VARCHAR2(20 BYTE), 
	"CREATED_BY" VARCHAR2(20 BYTE), 
	"CREATED_AT" DATE
   ) ;
--------------------------------------------------------
--  DDL for Table ROLE_USERS
--------------------------------------------------------

  CREATE TABLE "OA"."ROLE_USERS" 
   (	"ROLE_ID" VARCHAR2(20 BYTE), 
	"USER_ID" VARCHAR2(20 BYTE), 
	"CREATED_AT" DATE, 
	"CREATED_BY" VARCHAR2(20 BYTE)
   ) ;
--------------------------------------------------------
--  DDL for Table TASKS
--------------------------------------------------------

  CREATE TABLE "OA"."TASKS" 
   (	"ID" VARCHAR2(20 BYTE), 
	"TITLE" VARCHAR2(500 BYTE), 
	"ASSIGNED_DATE" DATE, 
	"STATE" VARCHAR2(20 BYTE), 
	"CONTEXT_OBJECT_TYPE" VARCHAR2(20 BYTE), 
	"CONTEXT_OBJECT_ID" VARCHAR2(20 BYTE), 
	"ASSIGNEE_ROLE_ID" VARCHAR2(20 BYTE), 
	"ASSIGNEE_USER_ID" VARCHAR2(20 BYTE), 
	"COMPLETION_DATE" DATE, 
	"EXECUTOR_ID" VARCHAR2(20 BYTE), 
	"EXECUTOR_DISPLAY_NAME" VARCHAR2(20 BYTE), 
	"CONTEXT_TITLE" VARCHAR2(20 BYTE)
   ) ;
--------------------------------------------------------
--  DDL for Table VEHICLE_CALENDAR
--------------------------------------------------------

  CREATE TABLE "OA"."VEHICLE_CALENDAR" 
   (	"ID" VARCHAR2(20 BYTE), 
	"USER_ID" VARCHAR2(20 BYTE), 
	"USER_DISPLAY_NAME" VARCHAR2(20 BYTE), 
	"VEHICLE_NAME" VARCHAR2(40 BYTE), 
	"VEHICLE_ID" VARCHAR2(20 BYTE), 
	"TITLE" VARCHAR2(20 BYTE), 
	"CONTACT_ID" VARCHAR2(20 BYTE), 
	"CONTACT_NAME" VARCHAR2(20 BYTE), 
	"CONTACT_PHONE" VARCHAR2(20 BYTE), 
	"STATE" VARCHAR2(20 BYTE), 
	"RETURN_TRIP" VARCHAR2(20 BYTE), 
	"START_TIME" TIMESTAMP (6), 
	"END_TIME" TIMESTAMP (6), 
	"RETURN_START_TIME" TIMESTAMP (6), 
	"RETURN_END_TIME" TIMESTAMP (6), 
	"TRIP_START" VARCHAR2(200 BYTE), 
	"TRIP_DEST" VARCHAR2(200 BYTE), 
	"RETURN_TRIP_START" VARCHAR2(200 BYTE), 
	"RETURN_TRIP_END" VARCHAR2(200 BYTE), 
	"NUM_OF_PEOPLE" NUMBER, 
	"COMMENTS" VARCHAR2(400 BYTE), 
	"SUBMIT_DATE" DATE
   ) ;
REM INSERTING into OA.ANNOUNCEMENTS
REM INSERTING into OA.CLASSROOM_BATCH_RESERVATION
REM INSERTING into OA.CLASSROOM_CALENDAR
REM INSERTING into OA.CONF_ROOM_CALENDAR
REM INSERTING into OA.DEPARTMENTS
Insert into OA.DEPARTMENTS (DEPT_ID,DEPT_NAME,LOCATION_ID,MGR_ID,CREATED_AT,CREATED_BY,LAST_UPDATED_AT,LAST_UPDATED_BY,MGR_NAME,EXPIRED) values ('1','党总支',null,null,null,null,null,null,null,'N');
Insert into OA.DEPARTMENTS (DEPT_ID,DEPT_NAME,LOCATION_ID,MGR_ID,CREATED_AT,CREATED_BY,LAST_UPDATED_AT,LAST_UPDATED_BY,MGR_NAME,EXPIRED) values ('2','院长室',null,null,null,null,null,null,null,'N');
Insert into OA.DEPARTMENTS (DEPT_ID,DEPT_NAME,LOCATION_ID,MGR_ID,CREATED_AT,CREATED_BY,LAST_UPDATED_AT,LAST_UPDATED_BY,MGR_NAME,EXPIRED) values ('3','中教研室',null,null,null,null,null,null,null,'N');
Insert into OA.DEPARTMENTS (DEPT_ID,DEPT_NAME,LOCATION_ID,MGR_ID,CREATED_AT,CREATED_BY,LAST_UPDATED_AT,LAST_UPDATED_BY,MGR_NAME,EXPIRED) values ('4','小幼教研室',null,null,null,null,null,null,null,'N');
Insert into OA.DEPARTMENTS (DEPT_ID,DEPT_NAME,LOCATION_ID,MGR_ID,CREATED_AT,CREATED_BY,LAST_UPDATED_AT,LAST_UPDATED_BY,MGR_NAME,EXPIRED) values ('5','科研室',null,null,null,null,null,null,null,'N');
Insert into OA.DEPARTMENTS (DEPT_ID,DEPT_NAME,LOCATION_ID,MGR_ID,CREATED_AT,CREATED_BY,LAST_UPDATED_AT,LAST_UPDATED_BY,MGR_NAME,EXPIRED) values ('6','德研室',null,null,null,null,null,null,null,'N');
Insert into OA.DEPARTMENTS (DEPT_ID,DEPT_NAME,LOCATION_ID,MGR_ID,CREATED_AT,CREATED_BY,LAST_UPDATED_AT,LAST_UPDATED_BY,MGR_NAME,EXPIRED) values ('7','师训部',null,null,null,null,null,null,null,'N');
Insert into OA.DEPARTMENTS (DEPT_ID,DEPT_NAME,LOCATION_ID,MGR_ID,CREATED_AT,CREATED_BY,LAST_UPDATED_AT,LAST_UPDATED_BY,MGR_NAME,EXPIRED) values ('8','干训部',null,null,null,null,null,null,null,'N');
Insert into OA.DEPARTMENTS (DEPT_ID,DEPT_NAME,LOCATION_ID,MGR_ID,CREATED_AT,CREATED_BY,LAST_UPDATED_AT,LAST_UPDATED_BY,MGR_NAME,EXPIRED) values ('9','编辑部',null,null,null,null,null,null,null,'N');
Insert into OA.DEPARTMENTS (DEPT_ID,DEPT_NAME,LOCATION_ID,MGR_ID,CREATED_AT,CREATED_BY,LAST_UPDATED_AT,LAST_UPDATED_BY,MGR_NAME,EXPIRED) values ('10','发展部',null,null,null,null,null,null,null,'N');
Insert into OA.DEPARTMENTS (DEPT_ID,DEPT_NAME,LOCATION_ID,MGR_ID,CREATED_AT,CREATED_BY,LAST_UPDATED_AT,LAST_UPDATED_BY,MGR_NAME,EXPIRED) values ('11','信息技术部',null,null,null,null,null,null,null,'N');
Insert into OA.DEPARTMENTS (DEPT_ID,DEPT_NAME,LOCATION_ID,MGR_ID,CREATED_AT,CREATED_BY,LAST_UPDATED_AT,LAST_UPDATED_BY,MGR_NAME,EXPIRED) values ('12','院务办公室',null,null,null,null,null,null,null,'N');
Insert into OA.DEPARTMENTS (DEPT_ID,DEPT_NAME,LOCATION_ID,MGR_ID,CREATED_AT,CREATED_BY,LAST_UPDATED_AT,LAST_UPDATED_BY,MGR_NAME,EXPIRED) values ('13','人事室',null,null,null,null,null,null,null,'N');
Insert into OA.DEPARTMENTS (DEPT_ID,DEPT_NAME,LOCATION_ID,MGR_ID,CREATED_AT,CREATED_BY,LAST_UPDATED_AT,LAST_UPDATED_BY,MGR_NAME,EXPIRED) values ('14','总务处',null,null,null,null,null,null,null,'N');
Insert into OA.DEPARTMENTS (DEPT_ID,DEPT_NAME,LOCATION_ID,MGR_ID,CREATED_AT,CREATED_BY,LAST_UPDATED_AT,LAST_UPDATED_BY,MGR_NAME,EXPIRED) values ('15','监测中心',null,null,null,null,null,null,null,'N');
Insert into OA.DEPARTMENTS (DEPT_ID,DEPT_NAME,LOCATION_ID,MGR_ID,CREATED_AT,CREATED_BY,LAST_UPDATED_AT,LAST_UPDATED_BY,MGR_NAME,EXPIRED) values ('16','国交中心',null,null,null,null,null,null,null,'N');
REM INSERTING into OA.LOCATIONS
Insert into OA.LOCATIONS (LOCATION_ID,FAX,STREET_ADDRESS,POSTAL_CODE,LOCATION_NAME,FRONT_DESK_PHONE,CREATED_AT,CREATED_BY,LAST_UPDATED_AT,LAST_UPDATED_BY,EXPIRED) values ('LOC-1',null,null,null,'丽园',null,null,null,null,null,'N');
Insert into OA.LOCATIONS (LOCATION_ID,FAX,STREET_ADDRESS,POSTAL_CODE,LOCATION_NAME,FRONT_DESK_PHONE,CREATED_AT,CREATED_BY,LAST_UPDATED_AT,LAST_UPDATED_BY,EXPIRED) values ('LOC-2',null,null,null,'自忠',null,null,null,null,null,'N');
REM INSERTING into OA.EMPLOYEES
Insert into OA.EMPLOYEES (USER_NAME,PASSWORD,FIRST_NAME,LAST_NAME,GENDER,MGR_ID,DEPT_ID,EMAIL,MOBILE,OFFICE_PHONE,HOME_PHONE,FAX,LOCATION_ID,HOME_ADDRESS,OFFICE_ADDRESS,LAST_UPDATED_BY,LAST_UPDATED_AT,CREATED_BY,CREATED_AT,TITLE,ID,MGR_NAME,DEPT_NAME,EXPIRED) values ('zhaoqk','welcome1','其坤','赵','男','151','1','zhaoqikun@jyxy.lwedu.sh.cn','13701819679','63879323',null,null,'LOC-2',null,'自忠路3-401',null,null,null,null,null,'151','赵其坤','党总支','N');
Insert into OA.EMPLOYEES (USER_NAME,PASSWORD,FIRST_NAME,LAST_NAME,GENDER,MGR_ID,DEPT_ID,EMAIL,MOBILE,OFFICE_PHONE,HOME_PHONE,FAX,LOCATION_ID,HOME_ADDRESS,OFFICE_ADDRESS,LAST_UPDATED_BY,LAST_UPDATED_AT,CREATED_BY,CREATED_AT,TITLE,ID,MGR_NAME,DEPT_NAME,EXPIRED) values ('xixj','welcome1','晓晶','奚','女','152','2','xixiaojing1111@126.com','13916543333','61769333',null,null,'LOC-1',null,'丽园路501',null,null,null,null,null,'152','奚晓晶','院长室','N');
Insert into OA.EMPLOYEES (USER_NAME,PASSWORD,FIRST_NAME,LAST_NAME,GENDER,MGR_ID,DEPT_ID,EMAIL,MOBILE,OFFICE_PHONE,HOME_PHONE,FAX,LOCATION_ID,HOME_ADDRESS,OFFICE_ADDRESS,LAST_UPDATED_BY,LAST_UPDATED_AT,CREATED_BY,CREATED_AT,TITLE,ID,MGR_NAME,DEPT_NAME,EXPIRED) values ('panym','welcome1','裕民','潘','男','152','2','panyumin@hpe.cn','13818111068','60130181',null,null,'LOC-2',null,'自忠路3-301',null,null,null,null,null,'153','奚晓晶','院长室','N');
Insert into OA.EMPLOYEES (USER_NAME,PASSWORD,FIRST_NAME,LAST_NAME,GENDER,MGR_ID,DEPT_ID,EMAIL,MOBILE,OFFICE_PHONE,HOME_PHONE,FAX,LOCATION_ID,HOME_ADDRESS,OFFICE_ADDRESS,LAST_UPDATED_BY,LAST_UPDATED_AT,CREATED_BY,CREATED_AT,TITLE,ID,MGR_NAME,DEPT_NAME,EXPIRED) values ('xingzh','welcome1','至晖','邢','男','152','2','xing@hpe.cn','13501884177','61769366',null,null,'LOC-1',null,'丽园路504',null,null,null,null,null,'154','奚晓晶','院长室','N');
Insert into OA.EMPLOYEES (USER_NAME,PASSWORD,FIRST_NAME,LAST_NAME,GENDER,MGR_ID,DEPT_ID,EMAIL,MOBILE,OFFICE_PHONE,HOME_PHONE,FAX,LOCATION_ID,HOME_ADDRESS,OFFICE_ADDRESS,LAST_UPDATED_BY,LAST_UPDATED_AT,CREATED_BY,CREATED_AT,TITLE,ID,MGR_NAME,DEPT_NAME,EXPIRED) values ('zhousf','welcome1','树发','周','男','152','2',null,'18918968968','60130182',null,null,'LOC-2',null,'自忠路3-302',null,null,null,null,null,'155','奚晓晶','院长室','N');
Insert into OA.EMPLOYEES (USER_NAME,PASSWORD,FIRST_NAME,LAST_NAME,GENDER,MGR_ID,DEPT_ID,EMAIL,MOBILE,OFFICE_PHONE,HOME_PHONE,FAX,LOCATION_ID,HOME_ADDRESS,OFFICE_ADDRESS,LAST_UPDATED_BY,LAST_UPDATED_AT,CREATED_BY,CREATED_AT,TITLE,ID,MGR_NAME,DEPT_NAME,EXPIRED) values ('fengq','welcome1','强','冯','男','152','2','xmfq2011@163.com','18018678177','61769276',null,null,'LOC-1',null,'丽园路504',null,null,null,null,null,'156','奚晓晶','院长室','N');
Insert into OA.EMPLOYEES (USER_NAME,PASSWORD,FIRST_NAME,LAST_NAME,GENDER,MGR_ID,DEPT_ID,EMAIL,MOBILE,OFFICE_PHONE,HOME_PHONE,FAX,LOCATION_ID,HOME_ADDRESS,OFFICE_ADDRESS,LAST_UPDATED_BY,LAST_UPDATED_AT,CREATED_BY,CREATED_AT,TITLE,ID,MGR_NAME,DEPT_NAME,EXPIRED) values ('lij','welcome1','峻','李','女','152','2','lj11110@163.com','13671907501','60130186',null,null,'LOC-2',null,'自忠路3-303',null,null,null,null,null,'157','奚晓晶','院长室','N');
Insert into OA.EMPLOYEES (USER_NAME,PASSWORD,FIRST_NAME,LAST_NAME,GENDER,MGR_ID,DEPT_ID,EMAIL,MOBILE,OFFICE_PHONE,HOME_PHONE,FAX,LOCATION_ID,HOME_ADDRESS,OFFICE_ADDRESS,LAST_UPDATED_BY,LAST_UPDATED_AT,CREATED_BY,CREATED_AT,TITLE,ID,MGR_NAME,DEPT_NAME,EXPIRED) values ('chenzs','welcome1','兆施','陈','男','154','3','2880czs@sina.com','13641767138','61769307',null,null,'LOC-1',null,'丽园路401',null,null,null,null,null,'158','邢至晖','中教研室','N');
Insert into OA.EMPLOYEES (USER_NAME,PASSWORD,FIRST_NAME,LAST_NAME,GENDER,MGR_ID,DEPT_ID,EMAIL,MOBILE,OFFICE_PHONE,HOME_PHONE,FAX,LOCATION_ID,HOME_ADDRESS,OFFICE_ADDRESS,LAST_UPDATED_BY,LAST_UPDATED_AT,CREATED_BY,CREATED_AT,TITLE,ID,MGR_NAME,DEPT_NAME,EXPIRED) values ('xiaxd','welcome1','向东','夏','男','154','3','xxd8952@163.com','15800857896','61769303',null,null,'LOC-1',null,'丽园路401',null,null,null,null,null,'159','邢至晖','中教研室','N');
Insert into OA.EMPLOYEES (USER_NAME,PASSWORD,FIRST_NAME,LAST_NAME,GENDER,MGR_ID,DEPT_ID,EMAIL,MOBILE,OFFICE_PHONE,HOME_PHONE,FAX,LOCATION_ID,HOME_ADDRESS,OFFICE_ADDRESS,LAST_UPDATED_BY,LAST_UPDATED_AT,CREATED_BY,CREATED_AT,TITLE,ID,MGR_NAME,DEPT_NAME,EXPIRED) values ('pingzw','welcome1','智炜','平','女','154','3',null,'13916707042','61769302',null,null,'LOC-1',null,'丽园路401',null,null,null,null,null,'160','邢至晖','中教研室','N');
Insert into OA.EMPLOYEES (USER_NAME,PASSWORD,FIRST_NAME,LAST_NAME,GENDER,MGR_ID,DEPT_ID,EMAIL,MOBILE,OFFICE_PHONE,HOME_PHONE,FAX,LOCATION_ID,HOME_ADDRESS,OFFICE_ADDRESS,LAST_UPDATED_BY,LAST_UPDATED_AT,CREATED_BY,CREATED_AT,TITLE,ID,MGR_NAME,DEPT_NAME,EXPIRED) values ('guyp','welcome1','跃平','顾','男','154','3','guyueping68420@sina.com','13661980204','61769305',null,null,'LOC-1',null,'丽园路401',null,null,null,null,null,'161','邢至晖','中教研室','N');
Insert into OA.EMPLOYEES (USER_NAME,PASSWORD,FIRST_NAME,LAST_NAME,GENDER,MGR_ID,DEPT_ID,EMAIL,MOBILE,OFFICE_PHONE,HOME_PHONE,FAX,LOCATION_ID,HOME_ADDRESS,OFFICE_ADDRESS,LAST_UPDATED_BY,LAST_UPDATED_AT,CREATED_BY,CREATED_AT,TITLE,ID,MGR_NAME,DEPT_NAME,EXPIRED) values ('pengwx','welcome1','万侠','彭','女','154','3',null,'13681743938','61769370',null,null,'LOC-1',null,'丽园路408',null,null,null,null,null,'162','邢至晖','中教研室','N');
Insert into OA.EMPLOYEES (USER_NAME,PASSWORD,FIRST_NAME,LAST_NAME,GENDER,MGR_ID,DEPT_ID,EMAIL,MOBILE,OFFICE_PHONE,HOME_PHONE,FAX,LOCATION_ID,HOME_ADDRESS,OFFICE_ADDRESS,LAST_UPDATED_BY,LAST_UPDATED_AT,CREATED_BY,CREATED_AT,TITLE,ID,MGR_NAME,DEPT_NAME,EXPIRED) values ('yangy','welcome1','勇','杨','男','154','3',null,'13611894686','61769371',null,null,'LOC-1',null,'丽园路408',null,null,null,null,null,'163','邢至晖','中教研室','N');
Insert into OA.EMPLOYEES (USER_NAME,PASSWORD,FIRST_NAME,LAST_NAME,GENDER,MGR_ID,DEPT_ID,EMAIL,MOBILE,OFFICE_PHONE,HOME_PHONE,FAX,LOCATION_ID,HOME_ADDRESS,OFFICE_ADDRESS,LAST_UPDATED_BY,LAST_UPDATED_AT,CREATED_BY,CREATED_AT,TITLE,ID,MGR_NAME,DEPT_NAME,EXPIRED) values ('xux','welcome1','侠','徐','男','154','3','xuxia1@hpe.cn','13916921128','61769375',null,null,'LOC-1',null,'丽园路408',null,null,null,null,null,'164','邢至晖','中教研室','N');
Insert into OA.EMPLOYEES (USER_NAME,PASSWORD,FIRST_NAME,LAST_NAME,GENDER,MGR_ID,DEPT_ID,EMAIL,MOBILE,OFFICE_PHONE,HOME_PHONE,FAX,LOCATION_ID,HOME_ADDRESS,OFFICE_ADDRESS,LAST_UPDATED_BY,LAST_UPDATED_AT,CREATED_BY,CREATED_AT,TITLE,ID,MGR_NAME,DEPT_NAME,EXPIRED) values ('wuy','welcome1','勇','吴','男','154','3',null,'13501817954','61769376',null,null,'LOC-1',null,'丽园路408',null,null,null,null,null,'165','邢至晖','中教研室','N');
Insert into OA.EMPLOYEES (USER_NAME,PASSWORD,FIRST_NAME,LAST_NAME,GENDER,MGR_ID,DEPT_ID,EMAIL,MOBILE,OFFICE_PHONE,HOME_PHONE,FAX,LOCATION_ID,HOME_ADDRESS,OFFICE_ADDRESS,LAST_UPDATED_BY,LAST_UPDATED_AT,CREATED_BY,CREATED_AT,TITLE,ID,MGR_NAME,DEPT_NAME,EXPIRED) values ('zhaow','welcome1','伟','赵','男','154','3','zhaoweidata@hpe.cn','13386232772','61769308',null,null,'LOC-1',null,'丽园路403',null,null,null,null,null,'166','邢至晖','中教研室','N');
Insert into OA.EMPLOYEES (USER_NAME,PASSWORD,FIRST_NAME,LAST_NAME,GENDER,MGR_ID,DEPT_ID,EMAIL,MOBILE,OFFICE_PHONE,HOME_PHONE,FAX,LOCATION_ID,HOME_ADDRESS,OFFICE_ADDRESS,LAST_UPDATED_BY,LAST_UPDATED_AT,CREATED_BY,CREATED_AT,TITLE,ID,MGR_NAME,DEPT_NAME,EXPIRED) values ('kouhq','welcome1','恒清','寇','男','154','3',null,'13761531895','61769312',null,null,'LOC-1',null,'丽园路403',null,null,null,null,null,'167','邢至晖','中教研室','N');
Insert into OA.EMPLOYEES (USER_NAME,PASSWORD,FIRST_NAME,LAST_NAME,GENDER,MGR_ID,DEPT_ID,EMAIL,MOBILE,OFFICE_PHONE,HOME_PHONE,FAX,LOCATION_ID,HOME_ADDRESS,OFFICE_ADDRESS,LAST_UPDATED_BY,LAST_UPDATED_AT,CREATED_BY,CREATED_AT,TITLE,ID,MGR_NAME,DEPT_NAME,EXPIRED) values ('liyq','welcome1','燕琴','李','女','154','3',null,'13564246720','61769317',null,null,'LOC-1',null,'丽园路403',null,null,null,null,null,'168','邢至晖','中教研室','N');
Insert into OA.EMPLOYEES (USER_NAME,PASSWORD,FIRST_NAME,LAST_NAME,GENDER,MGR_ID,DEPT_ID,EMAIL,MOBILE,OFFICE_PHONE,HOME_PHONE,FAX,LOCATION_ID,HOME_ADDRESS,OFFICE_ADDRESS,LAST_UPDATED_BY,LAST_UPDATED_AT,CREATED_BY,CREATED_AT,TITLE,ID,MGR_NAME,DEPT_NAME,EXPIRED) values ('gaoy','welcome1','炎','高','男','154','3','highgy@hpe.cn','13817865850','61769290',null,null,'LOC-1',null,'丽园路301',null,null,null,null,null,'169','邢至晖','中教研室','N');
Insert into OA.EMPLOYEES (USER_NAME,PASSWORD,FIRST_NAME,LAST_NAME,GENDER,MGR_ID,DEPT_ID,EMAIL,MOBILE,OFFICE_PHONE,HOME_PHONE,FAX,LOCATION_ID,HOME_ADDRESS,OFFICE_ADDRESS,LAST_UPDATED_BY,LAST_UPDATED_AT,CREATED_BY,CREATED_AT,TITLE,ID,MGR_NAME,DEPT_NAME,EXPIRED) values ('jinm','welcome1','敏','金','女','154','3','minjin441@hotmail.com','13611927840','61769332',null,null,'LOC-1',null,'丽园路405',null,null,null,null,null,'170','邢至晖','中教研室','N');
Insert into OA.EMPLOYEES (USER_NAME,PASSWORD,FIRST_NAME,LAST_NAME,GENDER,MGR_ID,DEPT_ID,EMAIL,MOBILE,OFFICE_PHONE,HOME_PHONE,FAX,LOCATION_ID,HOME_ADDRESS,OFFICE_ADDRESS,LAST_UPDATED_BY,LAST_UPDATED_AT,CREATED_BY,CREATED_AT,TITLE,ID,MGR_NAME,DEPT_NAME,EXPIRED) values ('chensy','welcome1','双艳','陈','女','154','3','wengwx@sh163.net','13671636191','61769328',null,null,'LOC-1',null,'丽园路405',null,null,null,null,null,'171','邢至晖','中教研室','N');
Insert into OA.EMPLOYEES (USER_NAME,PASSWORD,FIRST_NAME,LAST_NAME,GENDER,MGR_ID,DEPT_ID,EMAIL,MOBILE,OFFICE_PHONE,HOME_PHONE,FAX,LOCATION_ID,HOME_ADDRESS,OFFICE_ADDRESS,LAST_UPDATED_BY,LAST_UPDATED_AT,CREATED_BY,CREATED_AT,TITLE,ID,MGR_NAME,DEPT_NAME,EXPIRED) values ('caijx','welcome1','金香','蔡','女','154','3',null,'13641845468','61769331',null,null,'LOC-1',null,'丽园路405',null,null,null,null,null,'172','邢至晖','中教研室','N');
Insert into OA.EMPLOYEES (USER_NAME,PASSWORD,FIRST_NAME,LAST_NAME,GENDER,MGR_ID,DEPT_ID,EMAIL,MOBILE,OFFICE_PHONE,HOME_PHONE,FAX,LOCATION_ID,HOME_ADDRESS,OFFICE_ADDRESS,LAST_UPDATED_BY,LAST_UPDATED_AT,CREATED_BY,CREATED_AT,TITLE,ID,MGR_NAME,DEPT_NAME,EXPIRED) values ('zhoujy','welcome1','加有','周','男','154','3','joefoxzjy@hotmail.com','13661407289','61769329',null,null,'LOC-1',null,'丽园路405',null,null,null,null,null,'173','邢至晖','中教研室','N');
Insert into OA.EMPLOYEES (USER_NAME,PASSWORD,FIRST_NAME,LAST_NAME,GENDER,MGR_ID,DEPT_ID,EMAIL,MOBILE,OFFICE_PHONE,HOME_PHONE,FAX,LOCATION_ID,HOME_ADDRESS,OFFICE_ADDRESS,LAST_UPDATED_BY,LAST_UPDATED_AT,CREATED_BY,CREATED_AT,TITLE,ID,MGR_NAME,DEPT_NAME,EXPIRED) values ('yangmh','welcome1','鸣华','杨','女','154','3','yangminghua1971@sina.com','18616500050','61769310',null,null,'LOC-1',null,'丽园路403',null,null,null,null,null,'174','邢至晖','中教研室','N');
Insert into OA.EMPLOYEES (USER_NAME,PASSWORD,FIRST_NAME,LAST_NAME,GENDER,MGR_ID,DEPT_ID,EMAIL,MOBILE,OFFICE_PHONE,HOME_PHONE,FAX,LOCATION_ID,HOME_ADDRESS,OFFICE_ADDRESS,LAST_UPDATED_BY,LAST_UPDATED_AT,CREATED_BY,CREATED_AT,TITLE,ID,MGR_NAME,DEPT_NAME,EXPIRED) values ('gugd','welcome1','国东','顾','男','154','3','guodong2684@sina.com','13621988180','61769316',null,null,'LOC-1',null,'丽园路403',null,null,null,null,null,'175','邢至晖','中教研室','N');
Insert into OA.EMPLOYEES (USER_NAME,PASSWORD,FIRST_NAME,LAST_NAME,GENDER,MGR_ID,DEPT_ID,EMAIL,MOBILE,OFFICE_PHONE,HOME_PHONE,FAX,LOCATION_ID,HOME_ADDRESS,OFFICE_ADDRESS,LAST_UPDATED_BY,LAST_UPDATED_AT,CREATED_BY,CREATED_AT,TITLE,ID,MGR_NAME,DEPT_NAME,EXPIRED) values ('chengxj','welcome1','晓俊','成','男','154','3','xjc19742003@yahoo.com.cn','15026981178','61769315',null,null,'LOC-1',null,'丽园路403',null,null,null,null,null,'176','邢至晖','中教研室','N');
Insert into OA.EMPLOYEES (USER_NAME,PASSWORD,FIRST_NAME,LAST_NAME,GENDER,MGR_ID,DEPT_ID,EMAIL,MOBILE,OFFICE_PHONE,HOME_PHONE,FAX,LOCATION_ID,HOME_ADDRESS,OFFICE_ADDRESS,LAST_UPDATED_BY,LAST_UPDATED_AT,CREATED_BY,CREATED_AT,TITLE,ID,MGR_NAME,DEPT_NAME,EXPIRED) values ('liufc','welcome1','发初','刘','男','154','3','liufachu@hpe.cn','15000301639','61769325',null,null,'LOC-1',null,'丽园路404',null,null,null,null,null,'177','邢至晖','中教研室','N');
Insert into OA.EMPLOYEES (USER_NAME,PASSWORD,FIRST_NAME,LAST_NAME,GENDER,MGR_ID,DEPT_ID,EMAIL,MOBILE,OFFICE_PHONE,HOME_PHONE,FAX,LOCATION_ID,HOME_ADDRESS,OFFICE_ADDRESS,LAST_UPDATED_BY,LAST_UPDATED_AT,CREATED_BY,CREATED_AT,TITLE,ID,MGR_NAME,DEPT_NAME,EXPIRED) values ('yangj','welcome1','捷','杨','女','154','3','yangjie001@hpe.cn','13636685280','61769326',null,null,'LOC-1',null,'丽园路404',null,null,null,null,null,'178','邢至晖','中教研室','N');
Insert into OA.EMPLOYEES (USER_NAME,PASSWORD,FIRST_NAME,LAST_NAME,GENDER,MGR_ID,DEPT_ID,EMAIL,MOBILE,OFFICE_PHONE,HOME_PHONE,FAX,LOCATION_ID,HOME_ADDRESS,OFFICE_ADDRESS,LAST_UPDATED_BY,LAST_UPDATED_AT,CREATED_BY,CREATED_AT,TITLE,ID,MGR_NAME,DEPT_NAME,EXPIRED) values ('huangy','welcome1','莹','黄','女','154','3','hphy2012@163.com','13764213151','61769320',null,null,'LOC-1',null,'丽园路404',null,null,null,null,null,'179','邢至晖','中教研室','N');
Insert into OA.EMPLOYEES (USER_NAME,PASSWORD,FIRST_NAME,LAST_NAME,GENDER,MGR_ID,DEPT_ID,EMAIL,MOBILE,OFFICE_PHONE,HOME_PHONE,FAX,LOCATION_ID,HOME_ADDRESS,OFFICE_ADDRESS,LAST_UPDATED_BY,LAST_UPDATED_AT,CREATED_BY,CREATED_AT,TITLE,ID,MGR_NAME,DEPT_NAME,EXPIRED) values ('zhangrx','welcome1','如欣','张','女','154','3',null,'13501872158','61769319',null,null,'LOC-1',null,'丽园路404',null,null,null,null,null,'180','邢至晖','中教研室','N');
Insert into OA.EMPLOYEES (USER_NAME,PASSWORD,FIRST_NAME,LAST_NAME,GENDER,MGR_ID,DEPT_ID,EMAIL,MOBILE,OFFICE_PHONE,HOME_PHONE,FAX,LOCATION_ID,HOME_ADDRESS,OFFICE_ADDRESS,LAST_UPDATED_BY,LAST_UPDATED_AT,CREATED_BY,CREATED_AT,TITLE,ID,MGR_NAME,DEPT_NAME,EXPIRED) values ('lij','welcome1','君','李','男','154','3',null,'18917982469','61769323',null,null,'LOC-1',null,'丽园路404',null,null,null,null,null,'181','邢至晖','中教研室','N');
Insert into OA.EMPLOYEES (USER_NAME,PASSWORD,FIRST_NAME,LAST_NAME,GENDER,MGR_ID,DEPT_ID,EMAIL,MOBILE,OFFICE_PHONE,HOME_PHONE,FAX,LOCATION_ID,HOME_ADDRESS,OFFICE_ADDRESS,LAST_UPDATED_BY,LAST_UPDATED_AT,CREATED_BY,CREATED_AT,TITLE,ID,MGR_NAME,DEPT_NAME,EXPIRED) values ('shanzf','welcome1','志芳','单','女','154','3',null,'13641873632','61769321',null,null,'LOC-1',null,'丽园路404',null,null,null,null,null,'182','邢至晖','中教研室','N');
Insert into OA.EMPLOYEES (USER_NAME,PASSWORD,FIRST_NAME,LAST_NAME,GENDER,MGR_ID,DEPT_ID,EMAIL,MOBILE,OFFICE_PHONE,HOME_PHONE,FAX,LOCATION_ID,HOME_ADDRESS,OFFICE_ADDRESS,LAST_UPDATED_BY,LAST_UPDATED_AT,CREATED_BY,CREATED_AT,TITLE,ID,MGR_NAME,DEPT_NAME,EXPIRED) values ('wangsq','welcome1','素青','汪','女','154','3','wangsuqing@hpe.cn','13761090480','61769350',null,null,'LOC-1',null,'丽园路406',null,null,null,null,null,'183','邢至晖','中教研室','N');
Insert into OA.EMPLOYEES (USER_NAME,PASSWORD,FIRST_NAME,LAST_NAME,GENDER,MGR_ID,DEPT_ID,EMAIL,MOBILE,OFFICE_PHONE,HOME_PHONE,FAX,LOCATION_ID,HOME_ADDRESS,OFFICE_ADDRESS,LAST_UPDATED_BY,LAST_UPDATED_AT,CREATED_BY,CREATED_AT,TITLE,ID,MGR_NAME,DEPT_NAME,EXPIRED) values ('wulh','welcome1','立宏','吴','男','154','3',null,'13916004366','61769336',null,null,'LOC-1',null,'丽园路406',null,null,null,null,null,'184','邢至晖','中教研室','N');
Insert into OA.EMPLOYEES (USER_NAME,PASSWORD,FIRST_NAME,LAST_NAME,GENDER,MGR_ID,DEPT_ID,EMAIL,MOBILE,OFFICE_PHONE,HOME_PHONE,FAX,LOCATION_ID,HOME_ADDRESS,OFFICE_ADDRESS,LAST_UPDATED_BY,LAST_UPDATED_AT,CREATED_BY,CREATED_AT,TITLE,ID,MGR_NAME,DEPT_NAME,EXPIRED) values ('wangsy','welcome1','爽英','王','女','154','3',null,'13651759881','61769339',null,null,'LOC-1',null,'丽园路406',null,null,null,null,null,'185','邢至晖','中教研室','N');
Insert into OA.EMPLOYEES (USER_NAME,PASSWORD,FIRST_NAME,LAST_NAME,GENDER,MGR_ID,DEPT_ID,EMAIL,MOBILE,OFFICE_PHONE,HOME_PHONE,FAX,LOCATION_ID,HOME_ADDRESS,OFFICE_ADDRESS,LAST_UPDATED_BY,LAST_UPDATED_AT,CREATED_BY,CREATED_AT,TITLE,ID,MGR_NAME,DEPT_NAME,EXPIRED) values ('hen','welcome1','宁','何','女','154','3','hening1220@163.com','13918692963','61769338',null,null,'LOC-1',null,'丽园路406',null,null,null,null,null,'186','邢至晖','中教研室','N');
Insert into OA.EMPLOYEES (USER_NAME,PASSWORD,FIRST_NAME,LAST_NAME,GENDER,MGR_ID,DEPT_ID,EMAIL,MOBILE,OFFICE_PHONE,HOME_PHONE,FAX,LOCATION_ID,HOME_ADDRESS,OFFICE_ADDRESS,LAST_UPDATED_BY,LAST_UPDATED_AT,CREATED_BY,CREATED_AT,TITLE,ID,MGR_NAME,DEPT_NAME,EXPIRED) values ('renl','welcome1','琍','任','女','154','3','renli218@163.com','13636689062','61769335',null,null,'LOC-1',null,'丽园路406',null,null,null,null,null,'187','邢至晖','中教研室','N');
Insert into OA.EMPLOYEES (USER_NAME,PASSWORD,FIRST_NAME,LAST_NAME,GENDER,MGR_ID,DEPT_ID,EMAIL,MOBILE,OFFICE_PHONE,HOME_PHONE,FAX,LOCATION_ID,HOME_ADDRESS,OFFICE_ADDRESS,LAST_UPDATED_BY,LAST_UPDATED_AT,CREATED_BY,CREATED_AT,TITLE,ID,MGR_NAME,DEPT_NAME,EXPIRED) values ('wangbj','welcome1','步坚','王','女','154','3',null,'13621961511','61769337',null,null,'LOC-1',null,'丽园路406',null,null,null,null,null,'188','邢至晖','中教研室','N');
Insert into OA.EMPLOYEES (USER_NAME,PASSWORD,FIRST_NAME,LAST_NAME,GENDER,MGR_ID,DEPT_ID,EMAIL,MOBILE,OFFICE_PHONE,HOME_PHONE,FAX,LOCATION_ID,HOME_ADDRESS,OFFICE_ADDRESS,LAST_UPDATED_BY,LAST_UPDATED_AT,CREATED_BY,CREATED_AT,TITLE,ID,MGR_NAME,DEPT_NAME,EXPIRED) values ('zhulm','welcome1','丽敏','朱','女','154','3','zzllmm09@126.com','13661887468','61769373',null,null,'LOC-1',null,'丽园路408',null,null,null,null,null,'189','邢至晖','中教研室','N');
Insert into OA.EMPLOYEES (USER_NAME,PASSWORD,FIRST_NAME,LAST_NAME,GENDER,MGR_ID,DEPT_ID,EMAIL,MOBILE,OFFICE_PHONE,HOME_PHONE,FAX,LOCATION_ID,HOME_ADDRESS,OFFICE_ADDRESS,LAST_UPDATED_BY,LAST_UPDATED_AT,CREATED_BY,CREATED_AT,TITLE,ID,MGR_NAME,DEPT_NAME,EXPIRED) values ('zhangzg','welcome1','智国','张','男','154','3',null,'13621672600','61769372',null,null,'LOC-1',null,'丽园路408',null,null,null,null,null,'190','邢至晖','中教研室','N');
Insert into OA.EMPLOYEES (USER_NAME,PASSWORD,FIRST_NAME,LAST_NAME,GENDER,MGR_ID,DEPT_ID,EMAIL,MOBILE,OFFICE_PHONE,HOME_PHONE,FAX,LOCATION_ID,HOME_ADDRESS,OFFICE_ADDRESS,LAST_UPDATED_BY,LAST_UPDATED_AT,CREATED_BY,CREATED_AT,TITLE,ID,MGR_NAME,DEPT_NAME,EXPIRED) values ('wanghj','welcome1','慧洁','王','女','154','3','whj17107@126.com','13916408307','61769365',null,null,'LOC-1',null,'丽园路407',null,null,null,null,null,'191','邢至晖','中教研室','N');
Insert into OA.EMPLOYEES (USER_NAME,PASSWORD,FIRST_NAME,LAST_NAME,GENDER,MGR_ID,DEPT_ID,EMAIL,MOBILE,OFFICE_PHONE,HOME_PHONE,FAX,LOCATION_ID,HOME_ADDRESS,OFFICE_ADDRESS,LAST_UPDATED_BY,LAST_UPDATED_AT,CREATED_BY,CREATED_AT,TITLE,ID,MGR_NAME,DEPT_NAME,EXPIRED) values ('gub','welcome1','斌','顾','男','154','3',null,'13391157660','61769362',null,null,'LOC-1',null,'丽园路407',null,null,null,null,null,'192','邢至晖','中教研室','N');
Insert into OA.EMPLOYEES (USER_NAME,PASSWORD,FIRST_NAME,LAST_NAME,GENDER,MGR_ID,DEPT_ID,EMAIL,MOBILE,OFFICE_PHONE,HOME_PHONE,FAX,LOCATION_ID,HOME_ADDRESS,OFFICE_ADDRESS,LAST_UPDATED_BY,LAST_UPDATED_AT,CREATED_BY,CREATED_AT,TITLE,ID,MGR_NAME,DEPT_NAME,EXPIRED) values ('wucq','welcome1','琛琦','吴','女','154','3','wcq1638@126.com','13916030306','61769351',null,null,'LOC-1',null,'丽园路407',null,null,null,null,null,'193','邢至晖','中教研室','N');
Insert into OA.EMPLOYEES (USER_NAME,PASSWORD,FIRST_NAME,LAST_NAME,GENDER,MGR_ID,DEPT_ID,EMAIL,MOBILE,OFFICE_PHONE,HOME_PHONE,FAX,LOCATION_ID,HOME_ADDRESS,OFFICE_ADDRESS,LAST_UPDATED_BY,LAST_UPDATED_AT,CREATED_BY,CREATED_AT,TITLE,ID,MGR_NAME,DEPT_NAME,EXPIRED) values ('xiax','welcome1','昕','夏','女','154','3',null,'13564651688','61769352',null,null,'LOC-1',null,'丽园路407',null,null,null,null,null,'194','邢至晖','中教研室','N');
Insert into OA.EMPLOYEES (USER_NAME,PASSWORD,FIRST_NAME,LAST_NAME,GENDER,MGR_ID,DEPT_ID,EMAIL,MOBILE,OFFICE_PHONE,HOME_PHONE,FAX,LOCATION_ID,HOME_ADDRESS,OFFICE_ADDRESS,LAST_UPDATED_BY,LAST_UPDATED_AT,CREATED_BY,CREATED_AT,TITLE,ID,MGR_NAME,DEPT_NAME,EXPIRED) values ('wangch','welcome1','朝红','王','女','154','3','duoduo9184@hotmail.com','13764938484','61769353',null,null,'LOC-1',null,'丽园路407',null,null,null,null,null,'195','邢至晖','中教研室','N');
Insert into OA.EMPLOYEES (USER_NAME,PASSWORD,FIRST_NAME,LAST_NAME,GENDER,MGR_ID,DEPT_ID,EMAIL,MOBILE,OFFICE_PHONE,HOME_PHONE,FAX,LOCATION_ID,HOME_ADDRESS,OFFICE_ADDRESS,LAST_UPDATED_BY,LAST_UPDATED_AT,CREATED_BY,CREATED_AT,TITLE,ID,MGR_NAME,DEPT_NAME,EXPIRED) values ('shenh','welcome1','菡','沈','女','154','3',null,'13601852454','61769363',null,null,'LOC-1',null,'丽园路407',null,null,null,null,null,'196','邢至晖','中教研室','N');
Insert into OA.EMPLOYEES (USER_NAME,PASSWORD,FIRST_NAME,LAST_NAME,GENDER,MGR_ID,DEPT_ID,EMAIL,MOBILE,OFFICE_PHONE,HOME_PHONE,FAX,LOCATION_ID,HOME_ADDRESS,OFFICE_ADDRESS,LAST_UPDATED_BY,LAST_UPDATED_AT,CREATED_BY,CREATED_AT,TITLE,ID,MGR_NAME,DEPT_NAME,EXPIRED) values ('chenl','welcome1','路','陈','女','154','3','chenlu1966@hotmail.com','13621738568','61769286',null,null,'LOC-1',null,'丽园路407',null,null,null,null,null,'197','邢至晖','中教研室','N');
Insert into OA.EMPLOYEES (USER_NAME,PASSWORD,FIRST_NAME,LAST_NAME,GENDER,MGR_ID,DEPT_ID,EMAIL,MOBILE,OFFICE_PHONE,HOME_PHONE,FAX,LOCATION_ID,HOME_ADDRESS,OFFICE_ADDRESS,LAST_UPDATED_BY,LAST_UPDATED_AT,CREATED_BY,CREATED_AT,TITLE,ID,MGR_NAME,DEPT_NAME,EXPIRED) values ('yanm','welcome1','敏','阎','女','154','3',null,'13901770997','61769367',null,null,'LOC-1',null,'丽园路407',null,null,null,null,null,'198','邢至晖','中教研室','N');
Insert into OA.EMPLOYEES (USER_NAME,PASSWORD,FIRST_NAME,LAST_NAME,GENDER,MGR_ID,DEPT_ID,EMAIL,MOBILE,OFFICE_PHONE,HOME_PHONE,FAX,LOCATION_ID,HOME_ADDRESS,OFFICE_ADDRESS,LAST_UPDATED_BY,LAST_UPDATED_AT,CREATED_BY,CREATED_AT,TITLE,ID,MGR_NAME,DEPT_NAME,EXPIRED) values ('hanlf','welcome1','立芬','韩','女','154','3','hphan@hpe.cn','13671686297','61769271',null,null,'LOC-1',null,'丽园路208',null,null,null,null,null,'199','邢至晖','中教研室','N');
Insert into OA.EMPLOYEES (USER_NAME,PASSWORD,FIRST_NAME,LAST_NAME,GENDER,MGR_ID,DEPT_ID,EMAIL,MOBILE,OFFICE_PHONE,HOME_PHONE,FAX,LOCATION_ID,HOME_ADDRESS,OFFICE_ADDRESS,LAST_UPDATED_BY,LAST_UPDATED_AT,CREATED_BY,CREATED_AT,TITLE,ID,MGR_NAME,DEPT_NAME,EXPIRED) values ('liy','welcome1','艳','李','女','154','3','hpliyan@sina.cn','13024130444','61769301',null,null,'LOC-1',null,'丽园路401',null,null,null,null,null,'200','邢至晖','中教研室','N');
Insert into OA.EMPLOYEES (USER_NAME,PASSWORD,FIRST_NAME,LAST_NAME,GENDER,MGR_ID,DEPT_ID,EMAIL,MOBILE,OFFICE_PHONE,HOME_PHONE,FAX,LOCATION_ID,HOME_ADDRESS,OFFICE_ADDRESS,LAST_UPDATED_BY,LAST_UPDATED_AT,CREATED_BY,CREATED_AT,TITLE,ID,MGR_NAME,DEPT_NAME,EXPIRED) values ('yanxh','welcome1','晓宏','严','男','201','4','yxh1119@189.cn','18964638060','60130136',null,null,'LOC-2',null,'自忠路2-404',null,null,null,null,null,'201','严晓宏','小幼教研室','N');
Insert into OA.EMPLOYEES (USER_NAME,PASSWORD,FIRST_NAME,LAST_NAME,GENDER,MGR_ID,DEPT_ID,EMAIL,MOBILE,OFFICE_PHONE,HOME_PHONE,FAX,LOCATION_ID,HOME_ADDRESS,OFFICE_ADDRESS,LAST_UPDATED_BY,LAST_UPDATED_AT,CREATED_BY,CREATED_AT,TITLE,ID,MGR_NAME,DEPT_NAME,EXPIRED) values ('wangym','welcome1','愉敏','王','女','201','4','hpxxyw@hpe.cn','13641670984','61769272',null,null,'LOC-1',null,'丽园路208',null,null,null,null,null,'202','严晓宏','小幼教研室','N');
Insert into OA.EMPLOYEES (USER_NAME,PASSWORD,FIRST_NAME,LAST_NAME,GENDER,MGR_ID,DEPT_ID,EMAIL,MOBILE,OFFICE_PHONE,HOME_PHONE,FAX,LOCATION_ID,HOME_ADDRESS,OFFICE_ADDRESS,LAST_UPDATED_BY,LAST_UPDATED_AT,CREATED_BY,CREATED_AT,TITLE,ID,MGR_NAME,DEPT_NAME,EXPIRED) values ('zhanggy','welcome1','桂英','张','女','201','4',null,'13917271697','60130209',null,null,'LOC-2',null,'自忠路2-406',null,null,null,null,null,'203','严晓宏','小幼教研室','N');
Insert into OA.EMPLOYEES (USER_NAME,PASSWORD,FIRST_NAME,LAST_NAME,GENDER,MGR_ID,DEPT_ID,EMAIL,MOBILE,OFFICE_PHONE,HOME_PHONE,FAX,LOCATION_ID,HOME_ADDRESS,OFFICE_ADDRESS,LAST_UPDATED_BY,LAST_UPDATED_AT,CREATED_BY,CREATED_AT,TITLE,ID,MGR_NAME,DEPT_NAME,EXPIRED) values ('wupz','welcome1','佩珍','吴','女','201','4','wupeizhen65@163.com','13818943220','60130223',null,null,'LOC-2',null,'自忠路2-406',null,null,null,null,null,'204','严晓宏','小幼教研室','N');
Insert into OA.EMPLOYEES (USER_NAME,PASSWORD,FIRST_NAME,LAST_NAME,GENDER,MGR_ID,DEPT_ID,EMAIL,MOBILE,OFFICE_PHONE,HOME_PHONE,FAX,LOCATION_ID,HOME_ADDRESS,OFFICE_ADDRESS,LAST_UPDATED_BY,LAST_UPDATED_AT,CREATED_BY,CREATED_AT,TITLE,ID,MGR_NAME,DEPT_NAME,EXPIRED) values ('zhengkd','welcome1','开达','郑','男','201','4','zhengkaida1957@yahoo.com.cn','13482645036','60130203',null,null,'LOC-2',null,'自忠路2-407',null,null,null,null,null,'205','严晓宏','小幼教研室','N');
Insert into OA.EMPLOYEES (USER_NAME,PASSWORD,FIRST_NAME,LAST_NAME,GENDER,MGR_ID,DEPT_ID,EMAIL,MOBILE,OFFICE_PHONE,HOME_PHONE,FAX,LOCATION_ID,HOME_ADDRESS,OFFICE_ADDRESS,LAST_UPDATED_BY,LAST_UPDATED_AT,CREATED_BY,CREATED_AT,TITLE,ID,MGR_NAME,DEPT_NAME,EXPIRED) values ('donghp','welcome1','红平','董','女','201','4','dhp-hp@hotmail.com','13671696155','60130217',null,null,'LOC-2',null,'自忠路2-407',null,null,null,null,null,'206','严晓宏','小幼教研室','N');
Insert into OA.EMPLOYEES (USER_NAME,PASSWORD,FIRST_NAME,LAST_NAME,GENDER,MGR_ID,DEPT_ID,EMAIL,MOBILE,OFFICE_PHONE,HOME_PHONE,FAX,LOCATION_ID,HOME_ADDRESS,OFFICE_ADDRESS,LAST_UPDATED_BY,LAST_UPDATED_AT,CREATED_BY,CREATED_AT,TITLE,ID,MGR_NAME,DEPT_NAME,EXPIRED) values ('daizq','welcome1','正青','戴','女','201','4','daiziqing@hotmail.com','13641666465','60130126',null,null,'LOC-2',null,'自忠路2-406',null,null,null,null,null,'207','严晓宏','小幼教研室','N');
Insert into OA.EMPLOYEES (USER_NAME,PASSWORD,FIRST_NAME,LAST_NAME,GENDER,MGR_ID,DEPT_ID,EMAIL,MOBILE,OFFICE_PHONE,HOME_PHONE,FAX,LOCATION_ID,HOME_ADDRESS,OFFICE_ADDRESS,LAST_UPDATED_BY,LAST_UPDATED_AT,CREATED_BY,CREATED_AT,TITLE,ID,MGR_NAME,DEPT_NAME,EXPIRED) values ('fuj','welcome1','璟','傅','女','201','4','maggiefzh@hotmail.com','13611893994','60130201',null,null,'LOC-2',null,'自忠路2-404',null,null,null,null,null,'208','严晓宏','小幼教研室','N');
Insert into OA.EMPLOYEES (USER_NAME,PASSWORD,FIRST_NAME,LAST_NAME,GENDER,MGR_ID,DEPT_ID,EMAIL,MOBILE,OFFICE_PHONE,HOME_PHONE,FAX,LOCATION_ID,HOME_ADDRESS,OFFICE_ADDRESS,LAST_UPDATED_BY,LAST_UPDATED_AT,CREATED_BY,CREATED_AT,TITLE,ID,MGR_NAME,DEPT_NAME,EXPIRED) values ('taol','welcome1','磊','陶','男','201','4','tlok0553@sina.com','13901861358','60130225',null,null,'LOC-2',null,'自忠路2-402',null,null,null,null,null,'209','严晓宏','小幼教研室','N');
Insert into OA.EMPLOYEES (USER_NAME,PASSWORD,FIRST_NAME,LAST_NAME,GENDER,MGR_ID,DEPT_ID,EMAIL,MOBILE,OFFICE_PHONE,HOME_PHONE,FAX,LOCATION_ID,HOME_ADDRESS,OFFICE_ADDRESS,LAST_UPDATED_BY,LAST_UPDATED_AT,CREATED_BY,CREATED_AT,TITLE,ID,MGR_NAME,DEPT_NAME,EXPIRED) values ('wangmy','welcome1','鸣一','汪','男','201','4',null,'13901681145','60130152',null,null,'LOC-2',null,'自忠路2-405',null,null,null,null,null,'210','严晓宏','小幼教研室','N');
Insert into OA.EMPLOYEES (USER_NAME,PASSWORD,FIRST_NAME,LAST_NAME,GENDER,MGR_ID,DEPT_ID,EMAIL,MOBILE,OFFICE_PHONE,HOME_PHONE,FAX,LOCATION_ID,HOME_ADDRESS,OFFICE_ADDRESS,LAST_UPDATED_BY,LAST_UPDATED_AT,CREATED_BY,CREATED_AT,TITLE,ID,MGR_NAME,DEPT_NAME,EXPIRED) values ('songw','welcome1','伟','宋','女','201','4',null,'13816374972','60130213',null,null,'LOC-2',null,'自忠路2-405',null,null,null,null,null,'211','严晓宏','小幼教研室','N');
Insert into OA.EMPLOYEES (USER_NAME,PASSWORD,FIRST_NAME,LAST_NAME,GENDER,MGR_ID,DEPT_ID,EMAIL,MOBILE,OFFICE_PHONE,HOME_PHONE,FAX,LOCATION_ID,HOME_ADDRESS,OFFICE_ADDRESS,LAST_UPDATED_BY,LAST_UPDATED_AT,CREATED_BY,CREATED_AT,TITLE,ID,MGR_NAME,DEPT_NAME,EXPIRED) values ('zhangrf','welcome1','瑞芳','张','女','201','4','zhangruifang@163.com','13651875500','60130222',null,null,'LOC-2',null,'自忠路2-407',null,null,null,null,null,'212','严晓宏','小幼教研室','N');
Insert into OA.EMPLOYEES (USER_NAME,PASSWORD,FIRST_NAME,LAST_NAME,GENDER,MGR_ID,DEPT_ID,EMAIL,MOBILE,OFFICE_PHONE,HOME_PHONE,FAX,LOCATION_ID,HOME_ADDRESS,OFFICE_ADDRESS,LAST_UPDATED_BY,LAST_UPDATED_AT,CREATED_BY,CREATED_AT,TITLE,ID,MGR_NAME,DEPT_NAME,EXPIRED) values ('qianl','welcome1','蕾','钱','女','201','4','rrclara@hpe.cn','13681743364','60130219',null,null,'LOC-2',null,'自忠路2-405',null,null,null,null,null,'213','严晓宏','小幼教研室','N');
Insert into OA.EMPLOYEES (USER_NAME,PASSWORD,FIRST_NAME,LAST_NAME,GENDER,MGR_ID,DEPT_ID,EMAIL,MOBILE,OFFICE_PHONE,HOME_PHONE,FAX,LOCATION_ID,HOME_ADDRESS,OFFICE_ADDRESS,LAST_UPDATED_BY,LAST_UPDATED_AT,CREATED_BY,CREATED_AT,TITLE,ID,MGR_NAME,DEPT_NAME,EXPIRED) values ('wangy','welcome1','嬿','王','女','201','4','xiao.wangyan@yahoo.com.cn','13611867401','60130100',null,null,'LOC-2',null,'自忠路2-406',null,null,null,null,null,'214','严晓宏','小幼教研室','N');
Insert into OA.EMPLOYEES (USER_NAME,PASSWORD,FIRST_NAME,LAST_NAME,GENDER,MGR_ID,DEPT_ID,EMAIL,MOBILE,OFFICE_PHONE,HOME_PHONE,FAX,LOCATION_ID,HOME_ADDRESS,OFFICE_ADDRESS,LAST_UPDATED_BY,LAST_UPDATED_AT,CREATED_BY,CREATED_AT,TITLE,ID,MGR_NAME,DEPT_NAME,EXPIRED) values ('xiaoyp','welcome1','燕萍','肖','女','201','4',null,'13918962366','60130227',null,null,'LOC-2',null,'自忠路2-403',null,null,null,null,null,'215','严晓宏','小幼教研室','N');
Insert into OA.EMPLOYEES (USER_NAME,PASSWORD,FIRST_NAME,LAST_NAME,GENDER,MGR_ID,DEPT_ID,EMAIL,MOBILE,OFFICE_PHONE,HOME_PHONE,FAX,LOCATION_ID,HOME_ADDRESS,OFFICE_ADDRESS,LAST_UPDATED_BY,LAST_UPDATED_AT,CREATED_BY,CREATED_AT,TITLE,ID,MGR_NAME,DEPT_NAME,EXPIRED) values ('zhangxf','welcome1','校芳','张','女','201','4','zhangxiaofang1964@hotmail.com','13916329327','60130133',null,null,'LOC-2',null,'自忠路2-403',null,null,null,null,null,'216','严晓宏','小幼教研室','N');
Insert into OA.EMPLOYEES (USER_NAME,PASSWORD,FIRST_NAME,LAST_NAME,GENDER,MGR_ID,DEPT_ID,EMAIL,MOBILE,OFFICE_PHONE,HOME_PHONE,FAX,LOCATION_ID,HOME_ADDRESS,OFFICE_ADDRESS,LAST_UPDATED_BY,LAST_UPDATED_AT,CREATED_BY,CREATED_AT,TITLE,ID,MGR_NAME,DEPT_NAME,EXPIRED) values ('zhangh','welcome1','红','张','女','201','4','redhong7@hotmail.com','13816204358','60130220',null,null,'LOC-2',null,'自忠路2-403',null,null,null,null,null,'217','严晓宏','小幼教研室','N');
Insert into OA.EMPLOYEES (USER_NAME,PASSWORD,FIRST_NAME,LAST_NAME,GENDER,MGR_ID,DEPT_ID,EMAIL,MOBILE,OFFICE_PHONE,HOME_PHONE,FAX,LOCATION_ID,HOME_ADDRESS,OFFICE_ADDRESS,LAST_UPDATED_BY,LAST_UPDATED_AT,CREATED_BY,CREATED_AT,TITLE,ID,MGR_NAME,DEPT_NAME,EXPIRED) values ('lijz','welcome1','金钊','李','男','218','5','ljzemail@163.com','13651854413','61769397',null,null,'LOC-1',null,'丽园路304',null,null,null,null,null,'218','李金钊','科研室','N');
Insert into OA.EMPLOYEES (USER_NAME,PASSWORD,FIRST_NAME,LAST_NAME,GENDER,MGR_ID,DEPT_ID,EMAIL,MOBILE,OFFICE_PHONE,HOME_PHONE,FAX,LOCATION_ID,HOME_ADDRESS,OFFICE_ADDRESS,LAST_UPDATED_BY,LAST_UPDATED_AT,CREATED_BY,CREATED_AT,TITLE,ID,MGR_NAME,DEPT_NAME,EXPIRED) values ('chenyh','welcome1','玉华','陈','女','218','5',null,'13301968887','61769228',null,null,'LOC-1',null,'丽园路305',null,null,null,null,null,'219','李金钊','科研室','N');
Insert into OA.EMPLOYEES (USER_NAME,PASSWORD,FIRST_NAME,LAST_NAME,GENDER,MGR_ID,DEPT_ID,EMAIL,MOBILE,OFFICE_PHONE,HOME_PHONE,FAX,LOCATION_ID,HOME_ADDRESS,OFFICE_ADDRESS,LAST_UPDATED_BY,LAST_UPDATED_AT,CREATED_BY,CREATED_AT,TITLE,ID,MGR_NAME,DEPT_NAME,EXPIRED) values ('weiyf','welcome1','耀发','魏','男','218','5','weiyaofa@hpe.cn','15000548490','61769385',null,null,'LOC-1',null,'丽园路301',null,null,null,null,null,'220','李金钊','科研室','N');
Insert into OA.EMPLOYEES (USER_NAME,PASSWORD,FIRST_NAME,LAST_NAME,GENDER,MGR_ID,DEPT_ID,EMAIL,MOBILE,OFFICE_PHONE,HOME_PHONE,FAX,LOCATION_ID,HOME_ADDRESS,OFFICE_ADDRESS,LAST_UPDATED_BY,LAST_UPDATED_AT,CREATED_BY,CREATED_AT,TITLE,ID,MGR_NAME,DEPT_NAME,EXPIRED) values ('zhucf','welcome1','崇福','朱','男','218','5',null,'13916940267','61769258',null,null,'LOC-1',null,'丽园路305',null,null,null,null,null,'221','李金钊','科研室','N');
Insert into OA.EMPLOYEES (USER_NAME,PASSWORD,FIRST_NAME,LAST_NAME,GENDER,MGR_ID,DEPT_ID,EMAIL,MOBILE,OFFICE_PHONE,HOME_PHONE,FAX,LOCATION_ID,HOME_ADDRESS,OFFICE_ADDRESS,LAST_UPDATED_BY,LAST_UPDATED_AT,CREATED_BY,CREATED_AT,TITLE,ID,MGR_NAME,DEPT_NAME,EXPIRED) values ('tangj','welcome1','军','唐','男','218','5','tjnzh@hotmail.com','13611798189','61769396',null,null,'LOC-1',null,'丽园路304',null,null,null,null,null,'222','李金钊','科研室','N');
Insert into OA.EMPLOYEES (USER_NAME,PASSWORD,FIRST_NAME,LAST_NAME,GENDER,MGR_ID,DEPT_ID,EMAIL,MOBILE,OFFICE_PHONE,HOME_PHONE,FAX,LOCATION_ID,HOME_ADDRESS,OFFICE_ADDRESS,LAST_UPDATED_BY,LAST_UPDATED_AT,CREATED_BY,CREATED_AT,TITLE,ID,MGR_NAME,DEPT_NAME,EXPIRED) values ('zhoubj','welcome1','冰洁','周','女','218','5','zhoubingjie666@yahoo.cn','13641862086','61769202',null,null,'LOC-1',null,'丽园路304',null,null,null,null,null,'223','李金钊','科研室','N');
Insert into OA.EMPLOYEES (USER_NAME,PASSWORD,FIRST_NAME,LAST_NAME,GENDER,MGR_ID,DEPT_ID,EMAIL,MOBILE,OFFICE_PHONE,HOME_PHONE,FAX,LOCATION_ID,HOME_ADDRESS,OFFICE_ADDRESS,LAST_UPDATED_BY,LAST_UPDATED_AT,CREATED_BY,CREATED_AT,TITLE,ID,MGR_NAME,DEPT_NAME,EXPIRED) values ('wuxf','welcome1','晓芬','吴','女','218','5','wuxiaofen2002@hotmail.com','13761046168','61769238',null,null,'LOC-1',null,'丽园路305',null,null,null,null,null,'224','李金钊','科研室','N');
Insert into OA.EMPLOYEES (USER_NAME,PASSWORD,FIRST_NAME,LAST_NAME,GENDER,MGR_ID,DEPT_ID,EMAIL,MOBILE,OFFICE_PHONE,HOME_PHONE,FAX,LOCATION_ID,HOME_ADDRESS,OFFICE_ADDRESS,LAST_UPDATED_BY,LAST_UPDATED_AT,CREATED_BY,CREATED_AT,TITLE,ID,MGR_NAME,DEPT_NAME,EXPIRED) values ('liyl','welcome1','艳璐','李','女','218','5','13681863296@163.com','13681863296','61769398',null,null,'LOC-1',null,'丽园路304',null,null,null,null,null,'225','李金钊','科研室','N');
Insert into OA.EMPLOYEES (USER_NAME,PASSWORD,FIRST_NAME,LAST_NAME,GENDER,MGR_ID,DEPT_ID,EMAIL,MOBILE,OFFICE_PHONE,HOME_PHONE,FAX,LOCATION_ID,HOME_ADDRESS,OFFICE_ADDRESS,LAST_UPDATED_BY,LAST_UPDATED_AT,CREATED_BY,CREATED_AT,TITLE,ID,MGR_NAME,DEPT_NAME,EXPIRED) values ('jiangxy','welcome1','欣怿','江','女','218','5','jianggem@hotmail.com','15921612669','61769233',null,null,'LOC-1',null,'丽园路305',null,null,null,null,null,'226','李金钊','科研室','N');
Insert into OA.EMPLOYEES (USER_NAME,PASSWORD,FIRST_NAME,LAST_NAME,GENDER,MGR_ID,DEPT_ID,EMAIL,MOBILE,OFFICE_PHONE,HOME_PHONE,FAX,LOCATION_ID,HOME_ADDRESS,OFFICE_ADDRESS,LAST_UPDATED_BY,LAST_UPDATED_AT,CREATED_BY,CREATED_AT,TITLE,ID,MGR_NAME,DEPT_NAME,EXPIRED) values ('huqx','welcome1','琼霞','呼','女','218','5','huqiongxia@yahoo.com.cn','13816228542','60130170',null,null,'LOC-2',null,'自忠路4号楼',null,null,null,null,null,'227','李金钊','科研室','N');
Insert into OA.EMPLOYEES (USER_NAME,PASSWORD,FIRST_NAME,LAST_NAME,GENDER,MGR_ID,DEPT_ID,EMAIL,MOBILE,OFFICE_PHONE,HOME_PHONE,FAX,LOCATION_ID,HOME_ADDRESS,OFFICE_ADDRESS,LAST_UPDATED_BY,LAST_UPDATED_AT,CREATED_BY,CREATED_AT,TITLE,ID,MGR_NAME,DEPT_NAME,EXPIRED) values ('caojq','welcome1','婕琼','曹','女','218','5','caojieqiong@yahoo.com.cn','13916103841','60130107',null,null,'LOC-2',null,'自忠路4号楼',null,null,null,null,null,'228','李金钊','科研室','N');
Insert into OA.EMPLOYEES (USER_NAME,PASSWORD,FIRST_NAME,LAST_NAME,GENDER,MGR_ID,DEPT_ID,EMAIL,MOBILE,OFFICE_PHONE,HOME_PHONE,FAX,LOCATION_ID,HOME_ADDRESS,OFFICE_ADDRESS,LAST_UPDATED_BY,LAST_UPDATED_AT,CREATED_BY,CREATED_AT,TITLE,ID,MGR_NAME,DEPT_NAME,EXPIRED) values ('fengqm','welcome1','秋萌','冯','女','229','6',null,'13801802868','60130135',null,null,'LOC-2',null,'自忠路1-504',null,null,null,null,null,'229','冯秋萌','德研室','N');
Insert into OA.EMPLOYEES (USER_NAME,PASSWORD,FIRST_NAME,LAST_NAME,GENDER,MGR_ID,DEPT_ID,EMAIL,MOBILE,OFFICE_PHONE,HOME_PHONE,FAX,LOCATION_ID,HOME_ADDRESS,OFFICE_ADDRESS,LAST_UPDATED_BY,LAST_UPDATED_AT,CREATED_BY,CREATED_AT,TITLE,ID,MGR_NAME,DEPT_NAME,EXPIRED) values ('sungc','welcome1','公策','孙','男','229','6','sgcb_927144@126.com','13681802346','60130221',null,null,'LOC-2',null,'自忠路1-504',null,null,null,null,null,'230','冯秋萌','德研室','N');
Insert into OA.EMPLOYEES (USER_NAME,PASSWORD,FIRST_NAME,LAST_NAME,GENDER,MGR_ID,DEPT_ID,EMAIL,MOBILE,OFFICE_PHONE,HOME_PHONE,FAX,LOCATION_ID,HOME_ADDRESS,OFFICE_ADDRESS,LAST_UPDATED_BY,LAST_UPDATED_AT,CREATED_BY,CREATED_AT,TITLE,ID,MGR_NAME,DEPT_NAME,EXPIRED) values ('wangdm','welcome1','冬梅','王','女','229','6','xinyang1818@sina.com','13901859680','60130161',null,null,'LOC-2',null,'自忠路3-101',null,null,null,null,null,'231','冯秋萌','德研室','N');
Insert into OA.EMPLOYEES (USER_NAME,PASSWORD,FIRST_NAME,LAST_NAME,GENDER,MGR_ID,DEPT_ID,EMAIL,MOBILE,OFFICE_PHONE,HOME_PHONE,FAX,LOCATION_ID,HOME_ADDRESS,OFFICE_ADDRESS,LAST_UPDATED_BY,LAST_UPDATED_AT,CREATED_BY,CREATED_AT,TITLE,ID,MGR_NAME,DEPT_NAME,EXPIRED) values ('liyh','welcome1','燕华','李','女','229','6','lyh523@163.com','13918507396','60130160',null,null,'LOC-2',null,'自忠路1-504',null,null,null,null,null,'232','冯秋萌','德研室','N');
Insert into OA.EMPLOYEES (USER_NAME,PASSWORD,FIRST_NAME,LAST_NAME,GENDER,MGR_ID,DEPT_ID,EMAIL,MOBILE,OFFICE_PHONE,HOME_PHONE,FAX,LOCATION_ID,HOME_ADDRESS,OFFICE_ADDRESS,LAST_UPDATED_BY,LAST_UPDATED_AT,CREATED_BY,CREATED_AT,TITLE,ID,MGR_NAME,DEPT_NAME,EXPIRED) values ('zhangj','welcome1','俊','张','男','229','6','yinhudage@163.com','13651879761','60130172',null,null,'LOC-2',null,'自忠路1-504',null,null,null,null,null,'233','冯秋萌','德研室','N');
Insert into OA.EMPLOYEES (USER_NAME,PASSWORD,FIRST_NAME,LAST_NAME,GENDER,MGR_ID,DEPT_ID,EMAIL,MOBILE,OFFICE_PHONE,HOME_PHONE,FAX,LOCATION_ID,HOME_ADDRESS,OFFICE_ADDRESS,LAST_UPDATED_BY,LAST_UPDATED_AT,CREATED_BY,CREATED_AT,TITLE,ID,MGR_NAME,DEPT_NAME,EXPIRED) values ('qianj','welcome1','锦','钱','女','229','6',null,'13621892232','60130128',null,null,'LOC-2',null,'自忠路1-504',null,null,null,null,null,'234','冯秋萌','德研室','N');
Insert into OA.EMPLOYEES (USER_NAME,PASSWORD,FIRST_NAME,LAST_NAME,GENDER,MGR_ID,DEPT_ID,EMAIL,MOBILE,OFFICE_PHONE,HOME_PHONE,FAX,LOCATION_ID,HOME_ADDRESS,OFFICE_ADDRESS,LAST_UPDATED_BY,LAST_UPDATED_AT,CREATED_BY,CREATED_AT,TITLE,ID,MGR_NAME,DEPT_NAME,EXPIRED) values ('huangjl','welcome1','金丽','黄','女','237','7','goldnicejl11@hotmail.com','13661902809','60130228',null,null,'LOC-2',null,'自忠路2-202',null,null,null,null,null,'235','黄金丽','师训部','N');
Insert into OA.EMPLOYEES (USER_NAME,PASSWORD,FIRST_NAME,LAST_NAME,GENDER,MGR_ID,DEPT_ID,EMAIL,MOBILE,OFFICE_PHONE,HOME_PHONE,FAX,LOCATION_ID,HOME_ADDRESS,OFFICE_ADDRESS,LAST_UPDATED_BY,LAST_UPDATED_AT,CREATED_BY,CREATED_AT,TITLE,ID,MGR_NAME,DEPT_NAME,EXPIRED) values ('yuanzj','welcome1','志健','袁','男','237','7',null,'13402020535','60130111',null,null,'LOC-2',null,'自忠路2-207',null,null,null,null,null,'236','黄金丽','师训部','N');
Insert into OA.EMPLOYEES (USER_NAME,PASSWORD,FIRST_NAME,LAST_NAME,GENDER,MGR_ID,DEPT_ID,EMAIL,MOBILE,OFFICE_PHONE,HOME_PHONE,FAX,LOCATION_ID,HOME_ADDRESS,OFFICE_ADDRESS,LAST_UPDATED_BY,LAST_UPDATED_AT,CREATED_BY,CREATED_AT,TITLE,ID,MGR_NAME,DEPT_NAME,EXPIRED) values ('qianf','welcome1','芳','钱','女','237','7','qianfang1959123@hotmail.com','13311905215','60130103',null,null,'LOC-2',null,'自忠路2-207',null,null,null,null,null,'237','黄金丽','师训部','N');
Insert into OA.EMPLOYEES (USER_NAME,PASSWORD,FIRST_NAME,LAST_NAME,GENDER,MGR_ID,DEPT_ID,EMAIL,MOBILE,OFFICE_PHONE,HOME_PHONE,FAX,LOCATION_ID,HOME_ADDRESS,OFFICE_ADDRESS,LAST_UPDATED_BY,LAST_UPDATED_AT,CREATED_BY,CREATED_AT,TITLE,ID,MGR_NAME,DEPT_NAME,EXPIRED) values ('yangqp','welcome1','清平','杨','男','237','7',null,'15801706531','60130210',null,null,'LOC-2',null,'自忠路2-202',null,null,null,null,null,'238','黄金丽','师训部','N');
Insert into OA.EMPLOYEES (USER_NAME,PASSWORD,FIRST_NAME,LAST_NAME,GENDER,MGR_ID,DEPT_ID,EMAIL,MOBILE,OFFICE_PHONE,HOME_PHONE,FAX,LOCATION_ID,HOME_ADDRESS,OFFICE_ADDRESS,LAST_UPDATED_BY,LAST_UPDATED_AT,CREATED_BY,CREATED_AT,TITLE,ID,MGR_NAME,DEPT_NAME,EXPIRED) values ('wangmh','welcome1','梅华','汪','女','237','7',null,'13816054987','60130113',null,null,'LOC-2',null,'自忠路2-207',null,null,null,null,null,'239','黄金丽','师训部','N');
Insert into OA.EMPLOYEES (USER_NAME,PASSWORD,FIRST_NAME,LAST_NAME,GENDER,MGR_ID,DEPT_ID,EMAIL,MOBILE,OFFICE_PHONE,HOME_PHONE,FAX,LOCATION_ID,HOME_ADDRESS,OFFICE_ADDRESS,LAST_UPDATED_BY,LAST_UPDATED_AT,CREATED_BY,CREATED_AT,TITLE,ID,MGR_NAME,DEPT_NAME,EXPIRED) values ('longj','welcome1','坚','龙','女','237','7',null,'13512146959','60130179',null,null,'LOC-2',null,'自忠路2-209',null,null,null,null,null,'240','黄金丽','师训部','N');
Insert into OA.EMPLOYEES (USER_NAME,PASSWORD,FIRST_NAME,LAST_NAME,GENDER,MGR_ID,DEPT_ID,EMAIL,MOBILE,OFFICE_PHONE,HOME_PHONE,FAX,LOCATION_ID,HOME_ADDRESS,OFFICE_ADDRESS,LAST_UPDATED_BY,LAST_UPDATED_AT,CREATED_BY,CREATED_AT,TITLE,ID,MGR_NAME,DEPT_NAME,EXPIRED) values ('sunsl','welcome1','胜利','孙','男','237','7','victor0319@126.com','13524290539','60130171',null,null,'LOC-2',null,'自忠路2-204',null,null,null,null,null,'241','黄金丽','师训部','N');
Insert into OA.EMPLOYEES (USER_NAME,PASSWORD,FIRST_NAME,LAST_NAME,GENDER,MGR_ID,DEPT_ID,EMAIL,MOBILE,OFFICE_PHONE,HOME_PHONE,FAX,LOCATION_ID,HOME_ADDRESS,OFFICE_ADDRESS,LAST_UPDATED_BY,LAST_UPDATED_AT,CREATED_BY,CREATED_AT,TITLE,ID,MGR_NAME,DEPT_NAME,EXPIRED) values ('bairl','welcome1','乳利','白','女','237','7','brlbrl@sohu.com','13816832066','60130110',null,null,'LOC-2',null,'自忠路2-207',null,null,null,null,null,'242','黄金丽','师训部','N');
Insert into OA.EMPLOYEES (USER_NAME,PASSWORD,FIRST_NAME,LAST_NAME,GENDER,MGR_ID,DEPT_ID,EMAIL,MOBILE,OFFICE_PHONE,HOME_PHONE,FAX,LOCATION_ID,HOME_ADDRESS,OFFICE_ADDRESS,LAST_UPDATED_BY,LAST_UPDATED_AT,CREATED_BY,CREATED_AT,TITLE,ID,MGR_NAME,DEPT_NAME,EXPIRED) values ('zhangym','welcome1','逸敏','张','男','237','7','zym@hpe.cn','13917585582','60130132',null,null,'LOC-2',null,'自忠路2-209',null,null,null,null,null,'243','黄金丽','师训部','N');
Insert into OA.EMPLOYEES (USER_NAME,PASSWORD,FIRST_NAME,LAST_NAME,GENDER,MGR_ID,DEPT_ID,EMAIL,MOBILE,OFFICE_PHONE,HOME_PHONE,FAX,LOCATION_ID,HOME_ADDRESS,OFFICE_ADDRESS,LAST_UPDATED_BY,LAST_UPDATED_AT,CREATED_BY,CREATED_AT,TITLE,ID,MGR_NAME,DEPT_NAME,EXPIRED) values ('yingm','welcome1','敏','应','女','237','7','behaveme@163.com','13761579843','60130202',null,null,'LOC-2',null,'自忠路2-204',null,null,null,null,null,'244','黄金丽','师训部','N');
Insert into OA.EMPLOYEES (USER_NAME,PASSWORD,FIRST_NAME,LAST_NAME,GENDER,MGR_ID,DEPT_ID,EMAIL,MOBILE,OFFICE_PHONE,HOME_PHONE,FAX,LOCATION_ID,HOME_ADDRESS,OFFICE_ADDRESS,LAST_UPDATED_BY,LAST_UPDATED_AT,CREATED_BY,CREATED_AT,TITLE,ID,MGR_NAME,DEPT_NAME,EXPIRED) values ('liuyp','welcome1','燕萍','刘','女','237','7','lyp_hp@hpe.cn','13311900876','60130211',null,null,'LOC-2',null,'自忠路2-202',null,null,null,null,null,'245','黄金丽','师训部','N');
Insert into OA.EMPLOYEES (USER_NAME,PASSWORD,FIRST_NAME,LAST_NAME,GENDER,MGR_ID,DEPT_ID,EMAIL,MOBILE,OFFICE_PHONE,HOME_PHONE,FAX,LOCATION_ID,HOME_ADDRESS,OFFICE_ADDRESS,LAST_UPDATED_BY,LAST_UPDATED_AT,CREATED_BY,CREATED_AT,TITLE,ID,MGR_NAME,DEPT_NAME,EXPIRED) values ('lihy','welcome1','海燕','李','女','237','7',null,'13918188321','60130149',null,null,'LOC-2',null,'自忠路2-202',null,null,null,null,null,'246','黄金丽','师训部','N');
Insert into OA.EMPLOYEES (USER_NAME,PASSWORD,FIRST_NAME,LAST_NAME,GENDER,MGR_ID,DEPT_ID,EMAIL,MOBILE,OFFICE_PHONE,HOME_PHONE,FAX,LOCATION_ID,HOME_ADDRESS,OFFICE_ADDRESS,LAST_UPDATED_BY,LAST_UPDATED_AT,CREATED_BY,CREATED_AT,TITLE,ID,MGR_NAME,DEPT_NAME,EXPIRED) values ('chenzf','welcome1','志飞','陈','男','237','7','czf70@163.com','13611735110','60130150',null,null,'LOC-2',null,'自忠路2-209',null,null,null,null,null,'247','黄金丽','师训部','N');
Insert into OA.EMPLOYEES (USER_NAME,PASSWORD,FIRST_NAME,LAST_NAME,GENDER,MGR_ID,DEPT_ID,EMAIL,MOBILE,OFFICE_PHONE,HOME_PHONE,FAX,LOCATION_ID,HOME_ADDRESS,OFFICE_ADDRESS,LAST_UPDATED_BY,LAST_UPDATED_AT,CREATED_BY,CREATED_AT,TITLE,ID,MGR_NAME,DEPT_NAME,EXPIRED) values ('wanglj','welcome1','莉娟','王','女','237','7','yxy891021@163.com','13585739063','60130157',null,null,'LOC-2',null,'自忠路2-209',null,null,null,null,null,'248','黄金丽','师训部','N');
Insert into OA.EMPLOYEES (USER_NAME,PASSWORD,FIRST_NAME,LAST_NAME,GENDER,MGR_ID,DEPT_ID,EMAIL,MOBILE,OFFICE_PHONE,HOME_PHONE,FAX,LOCATION_ID,HOME_ADDRESS,OFFICE_ADDRESS,LAST_UPDATED_BY,LAST_UPDATED_AT,CREATED_BY,CREATED_AT,TITLE,ID,MGR_NAME,DEPT_NAME,EXPIRED) values ('yanhm','welcome1','鹤旻','严','男','237','7','sora49@126.com','13564254749','60130151',null,null,'LOC-2',null,'自忠路2-204',null,null,null,null,null,'249','黄金丽','师训部','N');
Insert into OA.EMPLOYEES (USER_NAME,PASSWORD,FIRST_NAME,LAST_NAME,GENDER,MGR_ID,DEPT_ID,EMAIL,MOBILE,OFFICE_PHONE,HOME_PHONE,FAX,LOCATION_ID,HOME_ADDRESS,OFFICE_ADDRESS,LAST_UPDATED_BY,LAST_UPDATED_AT,CREATED_BY,CREATED_AT,TITLE,ID,MGR_NAME,DEPT_NAME,EXPIRED) values ('chenhj','welcome1','宏杰','陈','男','237','7','vip_gp04@163.com','13671672326','60130200',null,null,'LOC-2',null,'自忠路2-204',null,null,null,null,null,'250','黄金丽','师训部','N');
Insert into OA.EMPLOYEES (USER_NAME,PASSWORD,FIRST_NAME,LAST_NAME,GENDER,MGR_ID,DEPT_ID,EMAIL,MOBILE,OFFICE_PHONE,HOME_PHONE,FAX,LOCATION_ID,HOME_ADDRESS,OFFICE_ADDRESS,LAST_UPDATED_BY,LAST_UPDATED_AT,CREATED_BY,CREATED_AT,TITLE,ID,MGR_NAME,DEPT_NAME,EXPIRED) values ('wudc','welcome1','墩才','吴','男','251','8','shwdc@sohu.com','18602111451','60130156',null,null,'LOC-2',null,'自忠路1-404',null,null,null,null,null,'251','吴墩才','干训部','N');
Insert into OA.EMPLOYEES (USER_NAME,PASSWORD,FIRST_NAME,LAST_NAME,GENDER,MGR_ID,DEPT_ID,EMAIL,MOBILE,OFFICE_PHONE,HOME_PHONE,FAX,LOCATION_ID,HOME_ADDRESS,OFFICE_ADDRESS,LAST_UPDATED_BY,LAST_UPDATED_AT,CREATED_BY,CREATED_AT,TITLE,ID,MGR_NAME,DEPT_NAME,EXPIRED) values ('dengt','welcome1','彤','邓','男','251','8','wldtong@163.com','18721568671','60130177',null,null,'LOC-2',null,'自忠路1-404',null,null,null,null,null,'252','吴墩才','干训部','N');
Insert into OA.EMPLOYEES (USER_NAME,PASSWORD,FIRST_NAME,LAST_NAME,GENDER,MGR_ID,DEPT_ID,EMAIL,MOBILE,OFFICE_PHONE,HOME_PHONE,FAX,LOCATION_ID,HOME_ADDRESS,OFFICE_ADDRESS,LAST_UPDATED_BY,LAST_UPDATED_AT,CREATED_BY,CREATED_AT,TITLE,ID,MGR_NAME,DEPT_NAME,EXPIRED) values ('zhul','welcome1','岭','竺','女','251','8','zhuling2003@hpe.cn','13916641980','60130153',null,null,'LOC-2',null,'自忠路1-404',null,null,null,null,null,'253','吴墩才','干训部','N');
Insert into OA.EMPLOYEES (USER_NAME,PASSWORD,FIRST_NAME,LAST_NAME,GENDER,MGR_ID,DEPT_ID,EMAIL,MOBILE,OFFICE_PHONE,HOME_PHONE,FAX,LOCATION_ID,HOME_ADDRESS,OFFICE_ADDRESS,LAST_UPDATED_BY,LAST_UPDATED_AT,CREATED_BY,CREATED_AT,TITLE,ID,MGR_NAME,DEPT_NAME,EXPIRED) values ('zhengyp','welcome1','渝萍','郑','女','251','8','zlz1107@hotmail.com','13661919748','60130216',null,null,'LOC-2',null,'自忠路1-404',null,null,null,null,null,'254','吴墩才','干训部','N');
Insert into OA.EMPLOYEES (USER_NAME,PASSWORD,FIRST_NAME,LAST_NAME,GENDER,MGR_ID,DEPT_ID,EMAIL,MOBILE,OFFICE_PHONE,HOME_PHONE,FAX,LOCATION_ID,HOME_ADDRESS,OFFICE_ADDRESS,LAST_UPDATED_BY,LAST_UPDATED_AT,CREATED_BY,CREATED_AT,TITLE,ID,MGR_NAME,DEPT_NAME,EXPIRED) values ('chenyl','welcome1','亚莉','陈','女','251','8','chenyalicc@163.com','15900590989','60130229',null,null,'LOC-2',null,'自忠路1-404',null,null,null,null,null,'255','吴墩才','干训部','N');
Insert into OA.EMPLOYEES (USER_NAME,PASSWORD,FIRST_NAME,LAST_NAME,GENDER,MGR_ID,DEPT_ID,EMAIL,MOBILE,OFFICE_PHONE,HOME_PHONE,FAX,LOCATION_ID,HOME_ADDRESS,OFFICE_ADDRESS,LAST_UPDATED_BY,LAST_UPDATED_AT,CREATED_BY,CREATED_AT,TITLE,ID,MGR_NAME,DEPT_NAME,EXPIRED) values ('chenbl','welcome1','必聆','陈','女','152','9','ling 620110 @ QQ.com','13917369366','61769392',null,null,'LOC-1',null,'丽园路303',null,null,null,null,null,'256','奚晓晶','编辑部','N');
Insert into OA.EMPLOYEES (USER_NAME,PASSWORD,FIRST_NAME,LAST_NAME,GENDER,MGR_ID,DEPT_ID,EMAIL,MOBILE,OFFICE_PHONE,HOME_PHONE,FAX,LOCATION_ID,HOME_ADDRESS,OFFICE_ADDRESS,LAST_UPDATED_BY,LAST_UPDATED_AT,CREATED_BY,CREATED_AT,TITLE,ID,MGR_NAME,DEPT_NAME,EXPIRED) values ('yangdp','welcome1','东平','杨','男','152','9','ydongp@163.com','13918797398','61769390',null,null,'LOC-1',null,'丽园路303',null,null,null,null,null,'257','奚晓晶','编辑部','N');
Insert into OA.EMPLOYEES (USER_NAME,PASSWORD,FIRST_NAME,LAST_NAME,GENDER,MGR_ID,DEPT_ID,EMAIL,MOBILE,OFFICE_PHONE,HOME_PHONE,FAX,LOCATION_ID,HOME_ADDRESS,OFFICE_ADDRESS,LAST_UPDATED_BY,LAST_UPDATED_AT,CREATED_BY,CREATED_AT,TITLE,ID,MGR_NAME,DEPT_NAME,EXPIRED) values ('wuly','welcome1','立云','吴','女','152','9','wuliyun@hpe.cn','13601989606','61769393',null,null,'LOC-1',null,'丽园路303',null,null,null,null,null,'258','奚晓晶','编辑部','N');
Insert into OA.EMPLOYEES (USER_NAME,PASSWORD,FIRST_NAME,LAST_NAME,GENDER,MGR_ID,DEPT_ID,EMAIL,MOBILE,OFFICE_PHONE,HOME_PHONE,FAX,LOCATION_ID,HOME_ADDRESS,OFFICE_ADDRESS,LAST_UPDATED_BY,LAST_UPDATED_AT,CREATED_BY,CREATED_AT,TITLE,ID,MGR_NAME,DEPT_NAME,EXPIRED) values ('xiaj','welcome1','军','夏','男','152','9','aqxiajun@sohu.com','13661644567','61769391',null,null,'LOC-1',null,'丽园路303',null,null,null,null,null,'259','奚晓晶','编辑部','N');
Insert into OA.EMPLOYEES (USER_NAME,PASSWORD,FIRST_NAME,LAST_NAME,GENDER,MGR_ID,DEPT_ID,EMAIL,MOBILE,OFFICE_PHONE,HOME_PHONE,FAX,LOCATION_ID,HOME_ADDRESS,OFFICE_ADDRESS,LAST_UPDATED_BY,LAST_UPDATED_AT,CREATED_BY,CREATED_AT,TITLE,ID,MGR_NAME,DEPT_NAME,EXPIRED) values ('raob','welcome1','滨','饶','女','152','9','13611897708@139.com','13611897708','61769395',null,null,'LOC-1',null,'丽园路303',null,null,null,null,null,'260','奚晓晶','编辑部','N');
Insert into OA.EMPLOYEES (USER_NAME,PASSWORD,FIRST_NAME,LAST_NAME,GENDER,MGR_ID,DEPT_ID,EMAIL,MOBILE,OFFICE_PHONE,HOME_PHONE,FAX,LOCATION_ID,HOME_ADDRESS,OFFICE_ADDRESS,LAST_UPDATED_BY,LAST_UPDATED_AT,CREATED_BY,CREATED_AT,TITLE,ID,MGR_NAME,DEPT_NAME,EXPIRED) values ('hujm','welcome1','建民','胡','男','261','10','shlwhjm@yahoo.com.cn','13816320346','60130192',null,null,'LOC-2',null,'自忠路3-201',null,null,null,null,null,'261','胡建民','发展部','N');
Insert into OA.EMPLOYEES (USER_NAME,PASSWORD,FIRST_NAME,LAST_NAME,GENDER,MGR_ID,DEPT_ID,EMAIL,MOBILE,OFFICE_PHONE,HOME_PHONE,FAX,LOCATION_ID,HOME_ADDRESS,OFFICE_ADDRESS,LAST_UPDATED_BY,LAST_UPDATED_AT,CREATED_BY,CREATED_AT,TITLE,ID,MGR_NAME,DEPT_NAME,EXPIRED) values ('mayh','welcome1','英慧','马','女','261','10','myh53833586@hotmail.com','18930120925','60130168',null,null,'LOC-2',null,'自忠路3-201',null,null,null,null,null,'262','胡建民','发展部','N');
Insert into OA.EMPLOYEES (USER_NAME,PASSWORD,FIRST_NAME,LAST_NAME,GENDER,MGR_ID,DEPT_ID,EMAIL,MOBILE,OFFICE_PHONE,HOME_PHONE,FAX,LOCATION_ID,HOME_ADDRESS,OFFICE_ADDRESS,LAST_UPDATED_BY,LAST_UPDATED_AT,CREATED_BY,CREATED_AT,TITLE,ID,MGR_NAME,DEPT_NAME,EXPIRED) values ('zhoujh','welcome1','俊华','周','女','261','10','zjh528@gmail.com','13501779136','60130116',null,null,'LOC-2',null,'自忠路3-201',null,null,null,null,null,'263','胡建民','发展部','N');
Insert into OA.EMPLOYEES (USER_NAME,PASSWORD,FIRST_NAME,LAST_NAME,GENDER,MGR_ID,DEPT_ID,EMAIL,MOBILE,OFFICE_PHONE,HOME_PHONE,FAX,LOCATION_ID,HOME_ADDRESS,OFFICE_ADDRESS,LAST_UPDATED_BY,LAST_UPDATED_AT,CREATED_BY,CREATED_AT,TITLE,ID,MGR_NAME,DEPT_NAME,EXPIRED) values ('shijf','welcome1','峻峰','施','男','261','10','shijunfeng1972@163.com','13045684929','60130195',null,null,'LOC-2',null,'自忠路3-201',null,null,null,null,null,'264','胡建民','发展部','N');
Insert into OA.EMPLOYEES (USER_NAME,PASSWORD,FIRST_NAME,LAST_NAME,GENDER,MGR_ID,DEPT_ID,EMAIL,MOBILE,OFFICE_PHONE,HOME_PHONE,FAX,LOCATION_ID,HOME_ADDRESS,OFFICE_ADDRESS,LAST_UPDATED_BY,LAST_UPDATED_AT,CREATED_BY,CREATED_AT,TITLE,ID,MGR_NAME,DEPT_NAME,EXPIRED) values ('linjh','welcome1','建华','林','女','261','10','linjianhua1966@163.com','13524640207','60130175',null,null,'LOC-2',null,'自忠路3-201',null,null,null,null,null,'265','胡建民','发展部','N');
Insert into OA.EMPLOYEES (USER_NAME,PASSWORD,FIRST_NAME,LAST_NAME,GENDER,MGR_ID,DEPT_ID,EMAIL,MOBILE,OFFICE_PHONE,HOME_PHONE,FAX,LOCATION_ID,HOME_ADDRESS,OFFICE_ADDRESS,LAST_UPDATED_BY,LAST_UPDATED_AT,CREATED_BY,CREATED_AT,TITLE,ID,MGR_NAME,DEPT_NAME,EXPIRED) values ('lin','welcome1','宁','李','男','266','11','hplining@sina.com','13023254945','61769226',null,null,'LOC-1',null,'丽园路207',null,null,null,null,null,'266','李宁','信息技术部','N');
Insert into OA.EMPLOYEES (USER_NAME,PASSWORD,FIRST_NAME,LAST_NAME,GENDER,MGR_ID,DEPT_ID,EMAIL,MOBILE,OFFICE_PHONE,HOME_PHONE,FAX,LOCATION_ID,HOME_ADDRESS,OFFICE_ADDRESS,LAST_UPDATED_BY,LAST_UPDATED_AT,CREATED_BY,CREATED_AT,TITLE,ID,MGR_NAME,DEPT_NAME,EXPIRED) values ('wuxm','welcome1','幸敏','吴','男','266','11','wuxn@citiz.net','13701831592','60130147',null,null,'LOC-2',null,'自忠路1-204',null,null,null,null,null,'267','李宁','信息技术部','N');
Insert into OA.EMPLOYEES (USER_NAME,PASSWORD,FIRST_NAME,LAST_NAME,GENDER,MGR_ID,DEPT_ID,EMAIL,MOBILE,OFFICE_PHONE,HOME_PHONE,FAX,LOCATION_ID,HOME_ADDRESS,OFFICE_ADDRESS,LAST_UPDATED_BY,LAST_UPDATED_AT,CREATED_BY,CREATED_AT,TITLE,ID,MGR_NAME,DEPT_NAME,EXPIRED) values ('ganzw','welcome1','仲巍','甘','男','266','11','ganzhongwei119@163.com','15800388869','60130215',null,null,'LOC-2',null,'自忠路1-204',null,null,null,null,null,'268','李宁','信息技术部','N');
Insert into OA.EMPLOYEES (USER_NAME,PASSWORD,FIRST_NAME,LAST_NAME,GENDER,MGR_ID,DEPT_ID,EMAIL,MOBILE,OFFICE_PHONE,HOME_PHONE,FAX,LOCATION_ID,HOME_ADDRESS,OFFICE_ADDRESS,LAST_UPDATED_BY,LAST_UPDATED_AT,CREATED_BY,CREATED_AT,TITLE,ID,MGR_NAME,DEPT_NAME,EXPIRED) values ('chengq','welcome1','功强','陈','男','266','11','chengongqiang@jyxy.lwedu.sh.cn','13311660482','60130118',null,null,'LOC-2',null,'自忠路1-204',null,null,null,null,null,'269','李宁','信息技术部','N');
Insert into OA.EMPLOYEES (USER_NAME,PASSWORD,FIRST_NAME,LAST_NAME,GENDER,MGR_ID,DEPT_ID,EMAIL,MOBILE,OFFICE_PHONE,HOME_PHONE,FAX,LOCATION_ID,HOME_ADDRESS,OFFICE_ADDRESS,LAST_UPDATED_BY,LAST_UPDATED_AT,CREATED_BY,CREATED_AT,TITLE,ID,MGR_NAME,DEPT_NAME,EXPIRED) values ('liuyz','welcome1','一中','刘','男','266','11',null,'13564610262','60130119',null,null,'LOC-2',null,'自忠路2号楼多功能室',null,null,null,null,null,'315','李宁','信息技术部','N');
Insert into OA.EMPLOYEES (USER_NAME,PASSWORD,FIRST_NAME,LAST_NAME,GENDER,MGR_ID,DEPT_ID,EMAIL,MOBILE,OFFICE_PHONE,HOME_PHONE,FAX,LOCATION_ID,HOME_ADDRESS,OFFICE_ADDRESS,LAST_UPDATED_BY,LAST_UPDATED_AT,CREATED_BY,CREATED_AT,TITLE,ID,MGR_NAME,DEPT_NAME,EXPIRED) values ('huangxm','welcome1','新民','黄','女','266','11',null,'13816380485','60130137',null,null,'LOC-2',null,'自忠路1-204',null,null,null,null,null,'270','李宁','信息技术部','N');
Insert into OA.EMPLOYEES (USER_NAME,PASSWORD,FIRST_NAME,LAST_NAME,GENDER,MGR_ID,DEPT_ID,EMAIL,MOBILE,OFFICE_PHONE,HOME_PHONE,FAX,LOCATION_ID,HOME_ADDRESS,OFFICE_ADDRESS,LAST_UPDATED_BY,LAST_UPDATED_AT,CREATED_BY,CREATED_AT,TITLE,ID,MGR_NAME,DEPT_NAME,EXPIRED) values ('shengj','welcome1','杰','盛','男','266','11',null,'18901682238','60130148',null,null,'LOC-2',null,'自忠路1-204',null,null,null,null,null,'271','李宁','信息技术部','N');
Insert into OA.EMPLOYEES (USER_NAME,PASSWORD,FIRST_NAME,LAST_NAME,GENDER,MGR_ID,DEPT_ID,EMAIL,MOBILE,OFFICE_PHONE,HOME_PHONE,FAX,LOCATION_ID,HOME_ADDRESS,OFFICE_ADDRESS,LAST_UPDATED_BY,LAST_UPDATED_AT,CREATED_BY,CREATED_AT,TITLE,ID,MGR_NAME,DEPT_NAME,EXPIRED) values ('dongsr','welcome1','首人','董','男','266','11','dongshouren@jyxy.lwedu.sh.cn','13918876483','60130127',null,null,'LOC-2',null,'自忠路1-204',null,null,null,null,null,'272','李宁','信息技术部','N');
Insert into OA.EMPLOYEES (USER_NAME,PASSWORD,FIRST_NAME,LAST_NAME,GENDER,MGR_ID,DEPT_ID,EMAIL,MOBILE,OFFICE_PHONE,HOME_PHONE,FAX,LOCATION_ID,HOME_ADDRESS,OFFICE_ADDRESS,LAST_UPDATED_BY,LAST_UPDATED_AT,CREATED_BY,CREATED_AT,TITLE,ID,MGR_NAME,DEPT_NAME,EXPIRED) values ('zhuzy','welcome1','震远','朱','男','266','11','zyzhu402@vip.163.com','13816267661','60130155',null,null,'LOC-2',null,'自忠路1-104',null,null,null,null,null,'273','李宁','信息技术部','N');
Insert into OA.EMPLOYEES (USER_NAME,PASSWORD,FIRST_NAME,LAST_NAME,GENDER,MGR_ID,DEPT_ID,EMAIL,MOBILE,OFFICE_PHONE,HOME_PHONE,FAX,LOCATION_ID,HOME_ADDRESS,OFFICE_ADDRESS,LAST_UPDATED_BY,LAST_UPDATED_AT,CREATED_BY,CREATED_AT,TITLE,ID,MGR_NAME,DEPT_NAME,EXPIRED) values ('chengym','welcome1','雨明','程','男','266','11',null,'13917337839','61769278',null,null,'LOC-1',null,'丽园路307',null,null,null,null,null,'274','李宁','信息技术部','N');
Insert into OA.EMPLOYEES (USER_NAME,PASSWORD,FIRST_NAME,LAST_NAME,GENDER,MGR_ID,DEPT_ID,EMAIL,MOBILE,OFFICE_PHONE,HOME_PHONE,FAX,LOCATION_ID,HOME_ADDRESS,OFFICE_ADDRESS,LAST_UPDATED_BY,LAST_UPDATED_AT,CREATED_BY,CREATED_AT,TITLE,ID,MGR_NAME,DEPT_NAME,EXPIRED) values ('bianxq','welcome1','学群','边','女','266','11',null,'13918506219','60130101',null,null,'LOC-2',null,'自忠路2-107',null,null,null,null,null,'275','李宁','信息技术部','N');
Insert into OA.EMPLOYEES (USER_NAME,PASSWORD,FIRST_NAME,LAST_NAME,GENDER,MGR_ID,DEPT_ID,EMAIL,MOBILE,OFFICE_PHONE,HOME_PHONE,FAX,LOCATION_ID,HOME_ADDRESS,OFFICE_ADDRESS,LAST_UPDATED_BY,LAST_UPDATED_AT,CREATED_BY,CREATED_AT,TITLE,ID,MGR_NAME,DEPT_NAME,EXPIRED) values ('qianzy','welcome1','芝漪','钱','女','266','11',null,null,'61769268',null,null,'LOC-1',null,'丽园路306',null,null,null,null,null,'276','李宁','信息技术部','N');
Insert into OA.EMPLOYEES (USER_NAME,PASSWORD,FIRST_NAME,LAST_NAME,GENDER,MGR_ID,DEPT_ID,EMAIL,MOBILE,OFFICE_PHONE,HOME_PHONE,FAX,LOCATION_ID,HOME_ADDRESS,OFFICE_ADDRESS,LAST_UPDATED_BY,LAST_UPDATED_AT,CREATED_BY,CREATED_AT,TITLE,ID,MGR_NAME,DEPT_NAME,EXPIRED) values ('jinb','welcome1','彪','金','男','266','11',null,'13764584750','61769273',null,null,'LOC-1',null,'丽园路207',null,null,null,null,null,'277','李宁','信息技术部','N');
Insert into OA.EMPLOYEES (USER_NAME,PASSWORD,FIRST_NAME,LAST_NAME,GENDER,MGR_ID,DEPT_ID,EMAIL,MOBILE,OFFICE_PHONE,HOME_PHONE,FAX,LOCATION_ID,HOME_ADDRESS,OFFICE_ADDRESS,LAST_UPDATED_BY,LAST_UPDATED_AT,CREATED_BY,CREATED_AT,TITLE,ID,MGR_NAME,DEPT_NAME,EXPIRED) values ('weiym','welcome1','玉梅','魏','女','278','12','13621703663@163.com','13621703663','61769299',null,null,'LOC-1',null,'丽园路509',null,null,null,null,null,'278','魏玉梅','院务办公室','N');
Insert into OA.EMPLOYEES (USER_NAME,PASSWORD,FIRST_NAME,LAST_NAME,GENDER,MGR_ID,DEPT_ID,EMAIL,MOBILE,OFFICE_PHONE,HOME_PHONE,FAX,LOCATION_ID,HOME_ADDRESS,OFFICE_ADDRESS,LAST_UPDATED_BY,LAST_UPDATED_AT,CREATED_BY,CREATED_AT,TITLE,ID,MGR_NAME,DEPT_NAME,EXPIRED) values ('yuj','welcome1','靖','俞','女','278','12','zyw690924zyw@163.com','13636620353','60130166',null,null,'LOC-2',null,'自忠路3-404',null,null,null,null,null,'279','魏玉梅','院务办公室','N');
Insert into OA.EMPLOYEES (USER_NAME,PASSWORD,FIRST_NAME,LAST_NAME,GENDER,MGR_ID,DEPT_ID,EMAIL,MOBILE,OFFICE_PHONE,HOME_PHONE,FAX,LOCATION_ID,HOME_ADDRESS,OFFICE_ADDRESS,LAST_UPDATED_BY,LAST_UPDATED_AT,CREATED_BY,CREATED_AT,TITLE,ID,MGR_NAME,DEPT_NAME,EXPIRED) values ('zhengcj','welcome1','潮静','郑','女','278','12','13801758995@163.com','13801758995','60130123',null,null,'LOC-2',null,'自忠路3-407',null,null,null,null,null,'280','魏玉梅','院务办公室','N');
Insert into OA.EMPLOYEES (USER_NAME,PASSWORD,FIRST_NAME,LAST_NAME,GENDER,MGR_ID,DEPT_ID,EMAIL,MOBILE,OFFICE_PHONE,HOME_PHONE,FAX,LOCATION_ID,HOME_ADDRESS,OFFICE_ADDRESS,LAST_UPDATED_BY,LAST_UPDATED_AT,CREATED_BY,CREATED_AT,TITLE,ID,MGR_NAME,DEPT_NAME,EXPIRED) values ('luzl','welcome1','臻里','陆','女','278','12','13817761081@163.com','13817761081','60130191',null,null,'LOC-2',null,'自忠路3-404',null,null,null,null,null,'281','魏玉梅','院务办公室','N');
Insert into OA.EMPLOYEES (USER_NAME,PASSWORD,FIRST_NAME,LAST_NAME,GENDER,MGR_ID,DEPT_ID,EMAIL,MOBILE,OFFICE_PHONE,HOME_PHONE,FAX,LOCATION_ID,HOME_ADDRESS,OFFICE_ADDRESS,LAST_UPDATED_BY,LAST_UPDATED_AT,CREATED_BY,CREATED_AT,TITLE,ID,MGR_NAME,DEPT_NAME,EXPIRED) values ('zhangyl','welcome1','旖琳','张','女','278','12',null,'13681863083','61769277',null,null,'LOC-1',null,'丽园路509',null,null,null,null,null,'282','魏玉梅','院务办公室','N');
Insert into OA.EMPLOYEES (USER_NAME,PASSWORD,FIRST_NAME,LAST_NAME,GENDER,MGR_ID,DEPT_ID,EMAIL,MOBILE,OFFICE_PHONE,HOME_PHONE,FAX,LOCATION_ID,HOME_ADDRESS,OFFICE_ADDRESS,LAST_UPDATED_BY,LAST_UPDATED_AT,CREATED_BY,CREATED_AT,TITLE,ID,MGR_NAME,DEPT_NAME,EXPIRED) values ('zhengl','welcome1','理','郑','女','278','12',null,'13671754907','60130196',null,null,'LOC-2',null,'自忠路3-407',null,null,null,null,null,'283','魏玉梅','院务办公室','N');
Insert into OA.EMPLOYEES (USER_NAME,PASSWORD,FIRST_NAME,LAST_NAME,GENDER,MGR_ID,DEPT_ID,EMAIL,MOBILE,OFFICE_PHONE,HOME_PHONE,FAX,LOCATION_ID,HOME_ADDRESS,OFFICE_ADDRESS,LAST_UPDATED_BY,LAST_UPDATED_AT,CREATED_BY,CREATED_AT,TITLE,ID,MGR_NAME,DEPT_NAME,EXPIRED) values ('gaocw','welcome1','重文','高','女','278','12',null,'13061760288','61769266',null,null,'LOC-1',null,'丽园路509',null,null,null,null,null,'284','魏玉梅','院务办公室','N');
Insert into OA.EMPLOYEES (USER_NAME,PASSWORD,FIRST_NAME,LAST_NAME,GENDER,MGR_ID,DEPT_ID,EMAIL,MOBILE,OFFICE_PHONE,HOME_PHONE,FAX,LOCATION_ID,HOME_ADDRESS,OFFICE_ADDRESS,LAST_UPDATED_BY,LAST_UPDATED_AT,CREATED_BY,CREATED_AT,TITLE,ID,MGR_NAME,DEPT_NAME,EXPIRED) values ('gaogp','welcome1','广萍','高','女','278','12',null,null,'61769267',null,null,'LOC-1',null,'丽园路213',null,null,null,null,null,'285','魏玉梅','院务办公室','N');
Insert into OA.EMPLOYEES (USER_NAME,PASSWORD,FIRST_NAME,LAST_NAME,GENDER,MGR_ID,DEPT_ID,EMAIL,MOBILE,OFFICE_PHONE,HOME_PHONE,FAX,LOCATION_ID,HOME_ADDRESS,OFFICE_ADDRESS,LAST_UPDATED_BY,LAST_UPDATED_AT,CREATED_BY,CREATED_AT,TITLE,ID,MGR_NAME,DEPT_NAME,EXPIRED) values ('luyx','welcome1','懿香','陆','女','286','13','luyixiang@hpe.cn','13651671505','61769222',null,null,'LOC-1',null,'丽园路508',null,null,null,null,null,'286','陆懿香','人事室','N');
Insert into OA.EMPLOYEES (USER_NAME,PASSWORD,FIRST_NAME,LAST_NAME,GENDER,MGR_ID,DEPT_ID,EMAIL,MOBILE,OFFICE_PHONE,HOME_PHONE,FAX,LOCATION_ID,HOME_ADDRESS,OFFICE_ADDRESS,LAST_UPDATED_BY,LAST_UPDATED_AT,CREATED_BY,CREATED_AT,TITLE,ID,MGR_NAME,DEPT_NAME,EXPIRED) values ('caoy','welcome1','筠','曹','女','286','13',null,'13621975261','61769357',null,null,'LOC-1',null,'丽园路206',null,null,null,null,null,'287','陆懿香','人事室','N');
Insert into OA.EMPLOYEES (USER_NAME,PASSWORD,FIRST_NAME,LAST_NAME,GENDER,MGR_ID,DEPT_ID,EMAIL,MOBILE,OFFICE_PHONE,HOME_PHONE,FAX,LOCATION_ID,HOME_ADDRESS,OFFICE_ADDRESS,LAST_UPDATED_BY,LAST_UPDATED_AT,CREATED_BY,CREATED_AT,TITLE,ID,MGR_NAME,DEPT_NAME,EXPIRED) values ('guojy','welcome1','健颖','郭','女','286','13',null,'13524911332','61769356',null,null,'LOC-1',null,'丽园路206',null,null,null,null,null,'288','陆懿香','人事室','N');
Insert into OA.EMPLOYEES (USER_NAME,PASSWORD,FIRST_NAME,LAST_NAME,GENDER,MGR_ID,DEPT_ID,EMAIL,MOBILE,OFFICE_PHONE,HOME_PHONE,FAX,LOCATION_ID,HOME_ADDRESS,OFFICE_ADDRESS,LAST_UPDATED_BY,LAST_UPDATED_AT,CREATED_BY,CREATED_AT,TITLE,ID,MGR_NAME,DEPT_NAME,EXPIRED) values ('jiaowy','welcome1','文燕','焦','女','286','13',null,'13701721066','60130163',null,null,'LOC-2',null,'自忠路3-506',null,null,null,null,null,'289','陆懿香','人事室','N');
Insert into OA.EMPLOYEES (USER_NAME,PASSWORD,FIRST_NAME,LAST_NAME,GENDER,MGR_ID,DEPT_ID,EMAIL,MOBILE,OFFICE_PHONE,HOME_PHONE,FAX,LOCATION_ID,HOME_ADDRESS,OFFICE_ADDRESS,LAST_UPDATED_BY,LAST_UPDATED_AT,CREATED_BY,CREATED_AT,TITLE,ID,MGR_NAME,DEPT_NAME,EXPIRED) values ('zhangzk','welcome1','增康','张','男','155','14','13801916875@139.cm','13801916875','61769358',null,null,'丽园',null,'丽园路204',null,null,null,null,null,'290','周树发','总务处','N');
Insert into OA.EMPLOYEES (USER_NAME,PASSWORD,FIRST_NAME,LAST_NAME,GENDER,MGR_ID,DEPT_ID,EMAIL,MOBILE,OFFICE_PHONE,HOME_PHONE,FAX,LOCATION_ID,HOME_ADDRESS,OFFICE_ADDRESS,LAST_UPDATED_BY,LAST_UPDATED_AT,CREATED_BY,CREATED_AT,TITLE,ID,MGR_NAME,DEPT_NAME,EXPIRED) values ('wangxm','welcome1','锡明','王','男','155','14',null,'13801935713','61769318',null,null,'LOC-1',null,'丽园路204',null,null,null,null,null,'291','周树发','总务处','N');
Insert into OA.EMPLOYEES (USER_NAME,PASSWORD,FIRST_NAME,LAST_NAME,GENDER,MGR_ID,DEPT_ID,EMAIL,MOBILE,OFFICE_PHONE,HOME_PHONE,FAX,LOCATION_ID,HOME_ADDRESS,OFFICE_ADDRESS,LAST_UPDATED_BY,LAST_UPDATED_AT,CREATED_BY,CREATED_AT,TITLE,ID,MGR_NAME,DEPT_NAME,EXPIRED) values ('chaim','welcome1','明','柴','男','155','14',null,'13917477005','60130108',null,null,'LOC-2',null,'自忠路2-102',null,null,null,null,null,'292','周树发','总务处','N');
Insert into OA.EMPLOYEES (USER_NAME,PASSWORD,FIRST_NAME,LAST_NAME,GENDER,MGR_ID,DEPT_ID,EMAIL,MOBILE,OFFICE_PHONE,HOME_PHONE,FAX,LOCATION_ID,HOME_ADDRESS,OFFICE_ADDRESS,LAST_UPDATED_BY,LAST_UPDATED_AT,CREATED_BY,CREATED_AT,TITLE,ID,MGR_NAME,DEPT_NAME,EXPIRED) values ('chendy','welcome1','德煜','陈','男','155','14',null,'13917613621','61769360',null,null,'LOC-1',null,'丽园路传达室',null,null,null,null,null,'293','周树发','总务处','N');
Insert into OA.EMPLOYEES (USER_NAME,PASSWORD,FIRST_NAME,LAST_NAME,GENDER,MGR_ID,DEPT_ID,EMAIL,MOBILE,OFFICE_PHONE,HOME_PHONE,FAX,LOCATION_ID,HOME_ADDRESS,OFFICE_ADDRESS,LAST_UPDATED_BY,LAST_UPDATED_AT,CREATED_BY,CREATED_AT,TITLE,ID,MGR_NAME,DEPT_NAME,EXPIRED) values ('xiangqs','welcome1','庆生','项','男','155','14',null,'15026610358','61769262',null,null,'LOC-1',null,'丽园路205',null,null,null,null,null,'294','周树发','总务处','N');
Insert into OA.EMPLOYEES (USER_NAME,PASSWORD,FIRST_NAME,LAST_NAME,GENDER,MGR_ID,DEPT_ID,EMAIL,MOBILE,OFFICE_PHONE,HOME_PHONE,FAX,LOCATION_ID,HOME_ADDRESS,OFFICE_ADDRESS,LAST_UPDATED_BY,LAST_UPDATED_AT,CREATED_BY,CREATED_AT,TITLE,ID,MGR_NAME,DEPT_NAME,EXPIRED) values ('zhoufq','welcome1','福歧','周','男','155','14',null,'15821155680','60130122',null,null,'LOC-2',null,'自忠路3-103',null,null,null,null,null,'295','周树发','总务处','N');
Insert into OA.EMPLOYEES (USER_NAME,PASSWORD,FIRST_NAME,LAST_NAME,GENDER,MGR_ID,DEPT_ID,EMAIL,MOBILE,OFFICE_PHONE,HOME_PHONE,FAX,LOCATION_ID,HOME_ADDRESS,OFFICE_ADDRESS,LAST_UPDATED_BY,LAST_UPDATED_AT,CREATED_BY,CREATED_AT,TITLE,ID,MGR_NAME,DEPT_NAME,EXPIRED) values ('zhuhd','welcome1','汉东','朱','男','155','14',null,'13361818725','61769261',null,null,'LOC-1',null,'丽园路205',null,null,null,null,null,'296','周树发','总务处','N');
Insert into OA.EMPLOYEES (USER_NAME,PASSWORD,FIRST_NAME,LAST_NAME,GENDER,MGR_ID,DEPT_ID,EMAIL,MOBILE,OFFICE_PHONE,HOME_PHONE,FAX,LOCATION_ID,HOME_ADDRESS,OFFICE_ADDRESS,LAST_UPDATED_BY,LAST_UPDATED_AT,CREATED_BY,CREATED_AT,TITLE,ID,MGR_NAME,DEPT_NAME,EXPIRED) values ('zhansl','welcome1','盛林','詹','男','155','14',null,'13671588241','61769263',null,null,'LOC-1',null,'丽园路205',null,null,null,null,null,'297','周树发','总务处','N');
Insert into OA.EMPLOYEES (USER_NAME,PASSWORD,FIRST_NAME,LAST_NAME,GENDER,MGR_ID,DEPT_ID,EMAIL,MOBILE,OFFICE_PHONE,HOME_PHONE,FAX,LOCATION_ID,HOME_ADDRESS,OFFICE_ADDRESS,LAST_UPDATED_BY,LAST_UPDATED_AT,CREATED_BY,CREATED_AT,TITLE,ID,MGR_NAME,DEPT_NAME,EXPIRED) values ('wuxb','welcome1','小豹','吴','男','155','14',null,'13818789318','60130169',null,null,'LOC-2',null,'自忠路2-106',null,null,null,null,null,'298','周树发','总务处','N');
Insert into OA.EMPLOYEES (USER_NAME,PASSWORD,FIRST_NAME,LAST_NAME,GENDER,MGR_ID,DEPT_ID,EMAIL,MOBILE,OFFICE_PHONE,HOME_PHONE,FAX,LOCATION_ID,HOME_ADDRESS,OFFICE_ADDRESS,LAST_UPDATED_BY,LAST_UPDATED_AT,CREATED_BY,CREATED_AT,TITLE,ID,MGR_NAME,DEPT_NAME,EXPIRED) values ('zhangsy','welcome1','士彦','章','男','155','14',null,'13816987315','60130208',null,null,'LOC-2',null,'自忠路2-105',null,null,null,null,null,'299','周树发','总务处','N');
Insert into OA.EMPLOYEES (USER_NAME,PASSWORD,FIRST_NAME,LAST_NAME,GENDER,MGR_ID,DEPT_ID,EMAIL,MOBILE,OFFICE_PHONE,HOME_PHONE,FAX,LOCATION_ID,HOME_ADDRESS,OFFICE_ADDRESS,LAST_UPDATED_BY,LAST_UPDATED_AT,CREATED_BY,CREATED_AT,TITLE,ID,MGR_NAME,DEPT_NAME,EXPIRED) values ('huangxl','welcome1','晓林','黄','女','155','14','13817874990@163.com','13817874990','61769379',null,null,'LOC-1',null,'丽园路203',null,null,null,null,null,'300','周树发','总务处','N');
Insert into OA.EMPLOYEES (USER_NAME,PASSWORD,FIRST_NAME,LAST_NAME,GENDER,MGR_ID,DEPT_ID,EMAIL,MOBILE,OFFICE_PHONE,HOME_PHONE,FAX,LOCATION_ID,HOME_ADDRESS,OFFICE_ADDRESS,LAST_UPDATED_BY,LAST_UPDATED_AT,CREATED_BY,CREATED_AT,TITLE,ID,MGR_NAME,DEPT_NAME,EXPIRED) values ('muxh','welcome1','小虎','穆','男','155','14',null,'13671936659','61769265',null,null,'LOC-1',null,'丽园路205',null,null,null,null,null,'301','周树发','总务处','N');
Insert into OA.EMPLOYEES (USER_NAME,PASSWORD,FIRST_NAME,LAST_NAME,GENDER,MGR_ID,DEPT_ID,EMAIL,MOBILE,OFFICE_PHONE,HOME_PHONE,FAX,LOCATION_ID,HOME_ADDRESS,OFFICE_ADDRESS,LAST_UPDATED_BY,LAST_UPDATED_AT,CREATED_BY,CREATED_AT,TITLE,ID,MGR_NAME,DEPT_NAME,EXPIRED) values ('chenxp','welcome1','学平','陈','女','155','14',null,'13701813138',null,null,null,null,null,null,null,null,null,null,null,'302','周树发','总务处','N');
Insert into OA.EMPLOYEES (USER_NAME,PASSWORD,FIRST_NAME,LAST_NAME,GENDER,MGR_ID,DEPT_ID,EMAIL,MOBILE,OFFICE_PHONE,HOME_PHONE,FAX,LOCATION_ID,HOME_ADDRESS,OFFICE_ADDRESS,LAST_UPDATED_BY,LAST_UPDATED_AT,CREATED_BY,CREATED_AT,TITLE,ID,MGR_NAME,DEPT_NAME,EXPIRED) values ('miulj','welcome1','连江','缪','男','155','14',null,'18918551121','61769355',null,null,'LOC-1',null,'丽园路202',null,null,null,null,null,'303','周树发','总务处','N');
Insert into OA.EMPLOYEES (USER_NAME,PASSWORD,FIRST_NAME,LAST_NAME,GENDER,MGR_ID,DEPT_ID,EMAIL,MOBILE,OFFICE_PHONE,HOME_PHONE,FAX,LOCATION_ID,HOME_ADDRESS,OFFICE_ADDRESS,LAST_UPDATED_BY,LAST_UPDATED_AT,CREATED_BY,CREATED_AT,TITLE,ID,MGR_NAME,DEPT_NAME,EXPIRED) values ('zhuwh','welcome1','文晖','朱','男','155','14',null,'13611796757','60130193',null,null,'LOC-2',null,'自忠路2-110',null,null,null,null,null,'304','周树发','总务处','N');
Insert into OA.EMPLOYEES (USER_NAME,PASSWORD,FIRST_NAME,LAST_NAME,GENDER,MGR_ID,DEPT_ID,EMAIL,MOBILE,OFFICE_PHONE,HOME_PHONE,FAX,LOCATION_ID,HOME_ADDRESS,OFFICE_ADDRESS,LAST_UPDATED_BY,LAST_UPDATED_AT,CREATED_BY,CREATED_AT,TITLE,ID,MGR_NAME,DEPT_NAME,EXPIRED) values ('fanhq','welcome1','慧倩','范','女','155','14','fanhuiqian@126.com','13818901334','60130188',null,null,'LOC-2',null,'自忠路2-103',null,null,null,null,null,'305','周树发','总务处','N');
Insert into OA.EMPLOYEES (USER_NAME,PASSWORD,FIRST_NAME,LAST_NAME,GENDER,MGR_ID,DEPT_ID,EMAIL,MOBILE,OFFICE_PHONE,HOME_PHONE,FAX,LOCATION_ID,HOME_ADDRESS,OFFICE_ADDRESS,LAST_UPDATED_BY,LAST_UPDATED_AT,CREATED_BY,CREATED_AT,TITLE,ID,MGR_NAME,DEPT_NAME,EXPIRED) values ('majq','welcome1','家琦','马','男','155','14',null,'18930497187','60130173',null,null,'LOC-2',null,'自忠路3-103',null,null,null,null,null,'306','周树发','总务处','N');
Insert into OA.EMPLOYEES (USER_NAME,PASSWORD,FIRST_NAME,LAST_NAME,GENDER,MGR_ID,DEPT_ID,EMAIL,MOBILE,OFFICE_PHONE,HOME_PHONE,FAX,LOCATION_ID,HOME_ADDRESS,OFFICE_ADDRESS,LAST_UPDATED_BY,LAST_UPDATED_AT,CREATED_BY,CREATED_AT,TITLE,ID,MGR_NAME,DEPT_NAME,EXPIRED) values ('yanm','welcome1','明','严','男','307','15','shyanming@vip.sina.com','13764506165','61769306',null,null,'LOC-1',null,'丽园路401',null,null,null,null,null,'307','严明','监测中心','N');
Insert into OA.EMPLOYEES (USER_NAME,PASSWORD,FIRST_NAME,LAST_NAME,GENDER,MGR_ID,DEPT_ID,EMAIL,MOBILE,OFFICE_PHONE,HOME_PHONE,FAX,LOCATION_ID,HOME_ADDRESS,OFFICE_ADDRESS,LAST_UPDATED_BY,LAST_UPDATED_AT,CREATED_BY,CREATED_AT,TITLE,ID,MGR_NAME,DEPT_NAME,EXPIRED) values ('chenl','welcome1','磊','陈','男','307','15',null,'13402006302','61769313',null,null,'LOC-1',null,'丽园路401',null,null,null,null,null,'308','严明','监测中心','N');
Insert into OA.EMPLOYEES (USER_NAME,PASSWORD,FIRST_NAME,LAST_NAME,GENDER,MGR_ID,DEPT_ID,EMAIL,MOBILE,OFFICE_PHONE,HOME_PHONE,FAX,LOCATION_ID,HOME_ADDRESS,OFFICE_ADDRESS,LAST_UPDATED_BY,LAST_UPDATED_AT,CREATED_BY,CREATED_AT,TITLE,ID,MGR_NAME,DEPT_NAME,EXPIRED) values ('xuqh','welcome1','庆惠','徐','女','307','15','xqhsarah@yahoo.com.cn','13917702432','61769309',null,null,'LOC-1',null,'丽园路401',null,null,null,null,null,'309','严明','监测中心','N');
Insert into OA.EMPLOYEES (USER_NAME,PASSWORD,FIRST_NAME,LAST_NAME,GENDER,MGR_ID,DEPT_ID,EMAIL,MOBILE,OFFICE_PHONE,HOME_PHONE,FAX,LOCATION_ID,HOME_ADDRESS,OFFICE_ADDRESS,LAST_UPDATED_BY,LAST_UPDATED_AT,CREATED_BY,CREATED_AT,TITLE,ID,MGR_NAME,DEPT_NAME,EXPIRED) values ('yeq','welcome1','青','叶','男','307','15','feige_yq@hpe.cn','13621769397','61769236',null,null,'LOC-1',null,'丽园路401',null,null,null,null,null,'310','严明','监测中心','N');
Insert into OA.EMPLOYEES (USER_NAME,PASSWORD,FIRST_NAME,LAST_NAME,GENDER,MGR_ID,DEPT_ID,EMAIL,MOBILE,OFFICE_PHONE,HOME_PHONE,FAX,LOCATION_ID,HOME_ADDRESS,OFFICE_ADDRESS,LAST_UPDATED_BY,LAST_UPDATED_AT,CREATED_BY,CREATED_AT,TITLE,ID,MGR_NAME,DEPT_NAME,EXPIRED) values ('chenxh','welcome1','霞红','陈','女','311','16','chenxiahong@139.com','13918299212','60130112',null,null,'LOC-2',null,'自忠路3-504',null,null,null,null,null,'311','陈霞红','国交中心','N');
Insert into OA.EMPLOYEES (USER_NAME,PASSWORD,FIRST_NAME,LAST_NAME,GENDER,MGR_ID,DEPT_ID,EMAIL,MOBILE,OFFICE_PHONE,HOME_PHONE,FAX,LOCATION_ID,HOME_ADDRESS,OFFICE_ADDRESS,LAST_UPDATED_BY,LAST_UPDATED_AT,CREATED_BY,CREATED_AT,TITLE,ID,MGR_NAME,DEPT_NAME,EXPIRED) values ('wanglj','welcome1','凌珏','王','女','311','16','slwlj2002@hotmail.com','13501850027','60130162',null,null,'LOC-2',null,'自忠路3-504',null,null,null,null,null,'312','陈霞红','国交中心','N');
Insert into OA.EMPLOYEES (USER_NAME,PASSWORD,FIRST_NAME,LAST_NAME,GENDER,MGR_ID,DEPT_ID,EMAIL,MOBILE,OFFICE_PHONE,HOME_PHONE,FAX,LOCATION_ID,HOME_ADDRESS,OFFICE_ADDRESS,LAST_UPDATED_BY,LAST_UPDATED_AT,CREATED_BY,CREATED_AT,TITLE,ID,MGR_NAME,DEPT_NAME,EXPIRED) values ('wangf','welcome1','菲','王','女','311','16','lemonwangfei@163.com','13636610559','60130138',null,null,'LOC-2',null,'自忠路3-504',null,null,null,null,null,'313','陈霞红','国交中心','N');
Insert into OA.EMPLOYEES (USER_NAME,PASSWORD,FIRST_NAME,LAST_NAME,GENDER,MGR_ID,DEPT_ID,EMAIL,MOBILE,OFFICE_PHONE,HOME_PHONE,FAX,LOCATION_ID,HOME_ADDRESS,OFFICE_ADDRESS,LAST_UPDATED_BY,LAST_UPDATED_AT,CREATED_BY,CREATED_AT,TITLE,ID,MGR_NAME,DEPT_NAME,EXPIRED) values ('xuy','welcome1','颖','许','女','311','16',null,'13621768900','60130139',null,null,'LOC-2',null,'自忠路3-504',null,null,null,null,null,'314','陈霞红','国交中心','N');
REM INSERTING into OA.HELPDESK_CALLS
Insert into OA.HELPDESK_CALLS (CALL_ID,CALL_READABLE_ID,CALLER_ID,CALLEE_ID,LOCATION_ID,LOCATION_DETAIL,CREATE_BY,CREATE_AT,LAST_UPDATED_BY,LAST_UPDATED_AT,STATE,CALL_RESULT,CALL_RESULT_DETAIL,CALL_EVAL,CALL_EVAL_DETAIL,REASON_LEVEL_1,REASON_LEVEL_2,REASON_LEVEL_3,REASON_DETAIL,SUBMIT_AT,CALLEE_DISPLAY_NAME) values ('41','BX-41','1',null,'LOC-1','ffffffffffff',null,null,null,null,'已评价','修复','fffffffffff',null,'ffffffffff','IT相关','硬件问题','显示器问题','ffffffffff',to_date('19-FEB-13','DD-MON-RR'),null);
Insert into OA.HELPDESK_CALLS (CALL_ID,CALL_READABLE_ID,CALLER_ID,CALLEE_ID,LOCATION_ID,LOCATION_DETAIL,CREATE_BY,CREATE_AT,LAST_UPDATED_BY,LAST_UPDATED_AT,STATE,CALL_RESULT,CALL_RESULT_DETAIL,CALL_EVAL,CALL_EVAL_DETAIL,REASON_LEVEL_1,REASON_LEVEL_2,REASON_LEVEL_3,REASON_DETAIL,SUBMIT_AT,CALLEE_DISPLAY_NAME) values ('42','BX-42','1',null,'LOC-1','abcdefg',null,null,null,null,'已处理','修复','12333',null,null,'IT相关','硬件问题','显示器问题','ffff',to_date('19-FEB-13','DD-MON-RR'),null);
Insert into OA.HELPDESK_CALLS (CALL_ID,CALL_READABLE_ID,CALLER_ID,CALLEE_ID,LOCATION_ID,LOCATION_DETAIL,CREATE_BY,CREATE_AT,LAST_UPDATED_BY,LAST_UPDATED_AT,STATE,CALL_RESULT,CALL_RESULT_DETAIL,CALL_EVAL,CALL_EVAL_DETAIL,REASON_LEVEL_1,REASON_LEVEL_2,REASON_LEVEL_3,REASON_DETAIL,SUBMIT_AT,CALLEE_DISPLAY_NAME) values ('43','BX-43','1','5','LOC-1','eeeeeeeeee',null,null,null,null,'已处理','修复','asdfasdf',null,null,'IT相关','硬件问题','鼠标问题','ffffff',to_date('19-FEB-13','DD-MON-RR'),'丽园IT维修员');
Insert into OA.HELPDESK_CALLS (CALL_ID,CALL_READABLE_ID,CALLER_ID,CALLEE_ID,LOCATION_ID,LOCATION_DETAIL,CREATE_BY,CREATE_AT,LAST_UPDATED_BY,LAST_UPDATED_AT,STATE,CALL_RESULT,CALL_RESULT_DETAIL,CALL_EVAL,CALL_EVAL_DETAIL,REASON_LEVEL_1,REASON_LEVEL_2,REASON_LEVEL_3,REASON_DETAIL,SUBMIT_AT,CALLEE_DISPLAY_NAME) values ('44','BX-44','1','5','LOC-1','aaaaaaaaa',null,null,null,null,'已处理','替换','dsafsadfdsf',null,null,'IT相关','网络问题','路由器问题','ffff',to_date('19-FEB-13','DD-MON-RR'),null);
REM INSERTING into OA.HELPDESK_ROLES
Insert into OA.HELPDESK_ROLES (LOCATION_ID,HELPDESK_REASON,ROLE_NAME,CREATED_AT,CREATED_BY) values ('LOC-1','IT相关','丽园IT报修处理员',null,null);
Insert into OA.HELPDESK_ROLES (LOCATION_ID,HELPDESK_REASON,ROLE_NAME,CREATED_AT,CREATED_BY) values ('LOC-1','电工相关','丽园电工报修处理员',null,null);
Insert into OA.HELPDESK_ROLES (LOCATION_ID,HELPDESK_REASON,ROLE_NAME,CREATED_AT,CREATED_BY) values ('LOC-2','IT相关','自忠IT报修处理员',null,null);
Insert into OA.HELPDESK_ROLES (LOCATION_ID,HELPDESK_REASON,ROLE_NAME,CREATED_AT,CREATED_BY) values ('LOC-2','电工相关','自忠电工报修处理员',null,null);
REM INSERTING into OA.ITEM_CATEGORY_APPROVAL
Insert into OA.ITEM_CATEGORY_APPROVAL (ITEM_CATEGORY,APPROVAL_LIMIT) values ('计算机设备',500);
Insert into OA.ITEM_CATEGORY_APPROVAL (ITEM_CATEGORY,APPROVAL_LIMIT) values ('办公设备',200);
Insert into OA.ITEM_CATEGORY_APPROVAL (ITEM_CATEGORY,APPROVAL_LIMIT) values ('水果点心',50);

REM INSERTING into OA.LOVS
Insert into OA.LOVS (ID,CODE,LOV_DESC,PARENT_CODE,VALUE,CREATED_AT,CREATED_BY,LAST_UPDATED_BY,LAST_UPDATED_AT,FLEX_COL1,FLEX_COL2,FLEX_COL3,EXPIRED) values ('1','ClsRm','class room',null,'教室101',null,null,null,null,'LOC-1','(12座)',null,'N');
Insert into OA.LOVS (ID,CODE,LOV_DESC,PARENT_CODE,VALUE,CREATED_AT,CREATED_BY,LAST_UPDATED_BY,LAST_UPDATED_AT,FLEX_COL1,FLEX_COL2,FLEX_COL3,EXPIRED) values ('2','ClsRm',null,null,'教室102',null,null,null,null,'LOC-2','(22座)',null,'N');
Insert into OA.LOVS (ID,CODE,LOV_DESC,PARENT_CODE,VALUE,CREATED_AT,CREATED_BY,LAST_UPDATED_BY,LAST_UPDATED_AT,FLEX_COL1,FLEX_COL2,FLEX_COL3,EXPIRED) values ('3','ClsRm',null,null,'教室203',null,null,null,null,'LOC-1','(33座)',null,'N');
Insert into OA.LOVS (ID,CODE,LOV_DESC,PARENT_CODE,VALUE,CREATED_AT,CREATED_BY,LAST_UPDATED_BY,LAST_UPDATED_AT,FLEX_COL1,FLEX_COL2,FLEX_COL3,EXPIRED) values ('4','ClsRm',null,null,'教室401',null,null,null,null,'LOC-2','(15座)',null,'N');
Insert into OA.LOVS (ID,CODE,LOV_DESC,PARENT_CODE,VALUE,CREATED_AT,CREATED_BY,LAST_UPDATED_BY,LAST_UPDATED_AT,FLEX_COL1,FLEX_COL2,FLEX_COL3,EXPIRED) values ('5','ClsRmBatchSeq','Class Room Batch Sequence',null,'15',null,null,'徐晋',null,null,null,null,'N');
Insert into OA.LOVS (ID,CODE,LOV_DESC,PARENT_CODE,VALUE,CREATED_AT,CREATED_BY,LAST_UPDATED_BY,LAST_UPDATED_AT,FLEX_COL1,FLEX_COL2,FLEX_COL3,EXPIRED) values ('20','ConfRm',null,null,'3001',null,null,null,null,null,'（50座）','LOC-2','N');
Insert into OA.LOVS (ID,CODE,LOV_DESC,PARENT_CODE,VALUE,CREATED_AT,CREATED_BY,LAST_UPDATED_BY,LAST_UPDATED_AT,FLEX_COL1,FLEX_COL2,FLEX_COL3,EXPIRED) values ('21','ConfRm',null,null,'1001',null,null,null,null,null,'（20座）','LOC-1','N');
Insert into OA.LOVS (ID,CODE,LOV_DESC,PARENT_CODE,VALUE,CREATED_AT,CREATED_BY,LAST_UPDATED_BY,LAST_UPDATED_AT,FLEX_COL1,FLEX_COL2,FLEX_COL3,EXPIRED) values ('22','ConfRm',null,null,'2001',null,null,null,null,null,'（20座）','LOC-1','N');
Insert into OA.LOVS (ID,CODE,LOV_DESC,PARENT_CODE,VALUE,CREATED_AT,CREATED_BY,LAST_UPDATED_BY,LAST_UPDATED_AT,FLEX_COL1,FLEX_COL2,FLEX_COL3,EXPIRED) values ('23','ConfRm',null,null,'4001',null,null,null,null,null,'（100座）','LOC-2','N');
Insert into OA.LOVS (ID,CODE,LOV_DESC,PARENT_CODE,VALUE,CREATED_AT,CREATED_BY,LAST_UPDATED_BY,LAST_UPDATED_AT,FLEX_COL1,FLEX_COL2,FLEX_COL3,EXPIRED) values ('6','HdRsnLv1',null,null,'IT相关',null,null,null,null,null,null,null,'N');
Insert into OA.LOVS (ID,CODE,LOV_DESC,PARENT_CODE,VALUE,CREATED_AT,CREATED_BY,LAST_UPDATED_BY,LAST_UPDATED_AT,FLEX_COL1,FLEX_COL2,FLEX_COL3,EXPIRED) values ('7','HdRsnLv1',null,null,'电工相关',null,null,null,null,null,null,null,'N');
Insert into OA.LOVS (ID,CODE,LOV_DESC,PARENT_CODE,VALUE,CREATED_AT,CREATED_BY,LAST_UPDATED_BY,LAST_UPDATED_AT,FLEX_COL1,FLEX_COL2,FLEX_COL3,EXPIRED) values ('9','HdRsnLv2',null,'IT相关','硬件问题',null,null,null,null,null,null,null,'N');
Insert into OA.LOVS (ID,CODE,LOV_DESC,PARENT_CODE,VALUE,CREATED_AT,CREATED_BY,LAST_UPDATED_BY,LAST_UPDATED_AT,FLEX_COL1,FLEX_COL2,FLEX_COL3,EXPIRED) values ('10','HdRsnLv2',null,'IT相关','软件问题',null,null,null,null,null,null,null,'N');
Insert into OA.LOVS (ID,CODE,LOV_DESC,PARENT_CODE,VALUE,CREATED_AT,CREATED_BY,LAST_UPDATED_BY,LAST_UPDATED_AT,FLEX_COL1,FLEX_COL2,FLEX_COL3,EXPIRED) values ('11','HdRsnLv2',null,'IT相关','网络问题',null,null,null,null,null,null,null,'N');
Insert into OA.LOVS (ID,CODE,LOV_DESC,PARENT_CODE,VALUE,CREATED_AT,CREATED_BY,LAST_UPDATED_BY,LAST_UPDATED_AT,FLEX_COL1,FLEX_COL2,FLEX_COL3,EXPIRED) values ('12','HdRsnLv2',null,'电工相关','电路问题',null,null,null,null,null,null,null,'N');
Insert into OA.LOVS (ID,CODE,LOV_DESC,PARENT_CODE,VALUE,CREATED_AT,CREATED_BY,LAST_UPDATED_BY,LAST_UPDATED_AT,FLEX_COL1,FLEX_COL2,FLEX_COL3,EXPIRED) values ('13','HdRsnLv2',null,'电工相关','继电器问题',null,null,null,null,null,null,null,'N');
Insert into OA.LOVS (ID,CODE,LOV_DESC,PARENT_CODE,VALUE,CREATED_AT,CREATED_BY,LAST_UPDATED_BY,LAST_UPDATED_AT,FLEX_COL1,FLEX_COL2,FLEX_COL3,EXPIRED) values ('53','HdRsnLv3',null,'硬件问题','显示器问题',null,null,null,null,null,null,null,'N');
Insert into OA.LOVS (ID,CODE,LOV_DESC,PARENT_CODE,VALUE,CREATED_AT,CREATED_BY,LAST_UPDATED_BY,LAST_UPDATED_AT,FLEX_COL1,FLEX_COL2,FLEX_COL3,EXPIRED) values ('54','HdRsnLv3',null,'硬件问题','鼠标问题',null,null,null,null,null,null,null,'N');
Insert into OA.LOVS (ID,CODE,LOV_DESC,PARENT_CODE,VALUE,CREATED_AT,CREATED_BY,LAST_UPDATED_BY,LAST_UPDATED_AT,FLEX_COL1,FLEX_COL2,FLEX_COL3,EXPIRED) values ('55','HdRsnLv3',null,'软件问题','IE问题',null,null,null,null,null,null,null,'N');
Insert into OA.LOVS (ID,CODE,LOV_DESC,PARENT_CODE,VALUE,CREATED_AT,CREATED_BY,LAST_UPDATED_BY,LAST_UPDATED_AT,FLEX_COL1,FLEX_COL2,FLEX_COL3,EXPIRED) values ('56','HdRsnLv3',null,'软件问题','Word问题',null,null,null,null,null,null,null,'N');
Insert into OA.LOVS (ID,CODE,LOV_DESC,PARENT_CODE,VALUE,CREATED_AT,CREATED_BY,LAST_UPDATED_BY,LAST_UPDATED_AT,FLEX_COL1,FLEX_COL2,FLEX_COL3,EXPIRED) values ('57','HdRsnLv3',null,'网络问题','路由器问题',null,null,null,null,null,null,null,'N');
Insert into OA.LOVS (ID,CODE,LOV_DESC,PARENT_CODE,VALUE,CREATED_AT,CREATED_BY,LAST_UPDATED_BY,LAST_UPDATED_AT,FLEX_COL1,FLEX_COL2,FLEX_COL3,EXPIRED) values ('58','HdRsnLv3',null,'网络问题','网线问题',null,null,null,null,null,null,null,'N');
Insert into OA.LOVS (ID,CODE,LOV_DESC,PARENT_CODE,VALUE,CREATED_AT,CREATED_BY,LAST_UPDATED_BY,LAST_UPDATED_AT,FLEX_COL1,FLEX_COL2,FLEX_COL3,EXPIRED) values ('59','HdRsnLv3',null,'电路问题','电灯不亮',null,null,null,null,null,null,null,'N');
Insert into OA.LOVS (ID,CODE,LOV_DESC,PARENT_CODE,VALUE,CREATED_AT,CREATED_BY,LAST_UPDATED_BY,LAST_UPDATED_AT,FLEX_COL1,FLEX_COL2,FLEX_COL3,EXPIRED) values ('60','HdRsnLv3',null,'电路问题','房间没电',null,null,null,null,null,null,null,'N');
Insert into OA.LOVS (ID,CODE,LOV_DESC,PARENT_CODE,VALUE,CREATED_AT,CREATED_BY,LAST_UPDATED_BY,LAST_UPDATED_AT,FLEX_COL1,FLEX_COL2,FLEX_COL3,EXPIRED) values ('61','HdRsnLv3',null,'继电器问题','负载过高',null,null,null,null,null,null,null,'N');
Insert into OA.LOVS (ID,CODE,LOV_DESC,PARENT_CODE,VALUE,CREATED_AT,CREATED_BY,LAST_UPDATED_BY,LAST_UPDATED_AT,FLEX_COL1,FLEX_COL2,FLEX_COL3,EXPIRED) values ('62','HdRsnLv3',null,'继电器问题','经常跳闸',null,null,null,null,null,null,null,'N');
Insert into OA.LOVS (ID,CODE,LOV_DESC,PARENT_CODE,VALUE,CREATED_AT,CREATED_BY,LAST_UPDATED_BY,LAST_UPDATED_AT,FLEX_COL1,FLEX_COL2,FLEX_COL3,EXPIRED) values ('65','HdResult',null,null,'修复',null,null,null,null,null,null,null,'N');
Insert into OA.LOVS (ID,CODE,LOV_DESC,PARENT_CODE,VALUE,CREATED_AT,CREATED_BY,LAST_UPDATED_BY,LAST_UPDATED_AT,FLEX_COL1,FLEX_COL2,FLEX_COL3,EXPIRED) values ('66','HdResult',null,null,'替换',null,null,null,null,null,null,null,'N');
Insert into OA.LOVS (ID,CODE,LOV_DESC,PARENT_CODE,VALUE,CREATED_AT,CREATED_BY,LAST_UPDATED_BY,LAST_UPDATED_AT,FLEX_COL1,FLEX_COL2,FLEX_COL3,EXPIRED) values ('67','HdEval',null,null,'非常满意',null,null,null,null,null,null,null,'N');
Insert into OA.LOVS (ID,CODE,LOV_DESC,PARENT_CODE,VALUE,CREATED_AT,CREATED_BY,LAST_UPDATED_BY,LAST_UPDATED_AT,FLEX_COL1,FLEX_COL2,FLEX_COL3,EXPIRED) values ('68','HdEval',null,null,'满意',null,null,null,null,null,null,null,'N');
Insert into OA.LOVS (ID,CODE,LOV_DESC,PARENT_CODE,VALUE,CREATED_AT,CREATED_BY,LAST_UPDATED_BY,LAST_UPDATED_AT,FLEX_COL1,FLEX_COL2,FLEX_COL3,EXPIRED) values ('69','HdEval',null,null,'一般',null,null,null,null,null,null,null,'N');
Insert into OA.LOVS (ID,CODE,LOV_DESC,PARENT_CODE,VALUE,CREATED_AT,CREATED_BY,LAST_UPDATED_BY,LAST_UPDATED_AT,FLEX_COL1,FLEX_COL2,FLEX_COL3,EXPIRED) values ('70','HdEval',null,null,'不满意',null,null,null,null,null,null,null,'N');
Insert into OA.LOVS (ID,CODE,LOV_DESC,PARENT_CODE,VALUE,CREATED_AT,CREATED_BY,LAST_UPDATED_BY,LAST_UPDATED_AT,FLEX_COL1,FLEX_COL2,FLEX_COL3,EXPIRED) values ('71','HdEval',null,null,'非常不满意',null,null,null,null,null,null,null,'N');
Insert into OA.LOVS (ID,CODE,LOV_DESC,PARENT_CODE,VALUE,CREATED_AT,CREATED_BY,LAST_UPDATED_BY,LAST_UPDATED_AT,FLEX_COL1,FLEX_COL2,FLEX_COL3,EXPIRED) values ('15','HdState',null,null,'未提交',null,null,null,null,'1',null,null,'N');
Insert into OA.LOVS (ID,CODE,LOV_DESC,PARENT_CODE,VALUE,CREATED_AT,CREATED_BY,LAST_UPDATED_BY,LAST_UPDATED_AT,FLEX_COL1,FLEX_COL2,FLEX_COL3,EXPIRED) values ('16','HdState',null,null,'已受理',null,null,null,null,'2',null,null,'N');
Insert into OA.LOVS (ID,CODE,LOV_DESC,PARENT_CODE,VALUE,CREATED_AT,CREATED_BY,LAST_UPDATED_BY,LAST_UPDATED_AT,FLEX_COL1,FLEX_COL2,FLEX_COL3,EXPIRED) values ('17','HdState',null,null,'已处理',null,null,null,null,'3',null,null,'N');
Insert into OA.LOVS (ID,CODE,LOV_DESC,PARENT_CODE,VALUE,CREATED_AT,CREATED_BY,LAST_UPDATED_BY,LAST_UPDATED_AT,FLEX_COL1,FLEX_COL2,FLEX_COL3,EXPIRED) values ('18','HdState',null,null,'已评价',null,null,null,null,'4',null,null,'N');
Insert into OA.LOVS (ID,CODE,LOV_DESC,PARENT_CODE,VALUE,CREATED_AT,CREATED_BY,LAST_UPDATED_BY,LAST_UPDATED_AT,FLEX_COL1,FLEX_COL2,FLEX_COL3,EXPIRED) values ('19','HdState',null,null,'已取消',null,null,null,null,'5',null,null,'N');
Insert into OA.LOVS (ID,CODE,LOV_DESC,PARENT_CODE,VALUE,CREATED_AT,CREATED_BY,LAST_UPDATED_BY,LAST_UPDATED_AT,FLEX_COL1,FLEX_COL2,FLEX_COL3,EXPIRED) values ('24','SnackLevel',null,null,'10',null,null,null,null,'10元',null,null,'N');
Insert into OA.LOVS (ID,CODE,LOV_DESC,PARENT_CODE,VALUE,CREATED_AT,CREATED_BY,LAST_UPDATED_BY,LAST_UPDATED_AT,FLEX_COL1,FLEX_COL2,FLEX_COL3,EXPIRED) values ('25','SnackLevel',null,null,'20',null,null,null,null,'20元',null,null,'N');
Insert into OA.LOVS (ID,CODE,LOV_DESC,PARENT_CODE,VALUE,CREATED_AT,CREATED_BY,LAST_UPDATED_BY,LAST_UPDATED_AT,FLEX_COL1,FLEX_COL2,FLEX_COL3,EXPIRED) values ('26','SnackLevel',null,null,'30',null,null,null,null,'30元',null,null,'N');
Insert into OA.LOVS (ID,CODE,LOV_DESC,PARENT_CODE,VALUE,CREATED_AT,CREATED_BY,LAST_UPDATED_BY,LAST_UPDATED_AT,FLEX_COL1,FLEX_COL2,FLEX_COL3,EXPIRED) values ('27','SnackLevel',null,null,'40',null,null,null,null,'40元',null,null,'N');
Insert into OA.LOVS (ID,CODE,LOV_DESC,PARENT_CODE,VALUE,CREATED_AT,CREATED_BY,LAST_UPDATED_BY,LAST_UPDATED_AT,FLEX_COL1,FLEX_COL2,FLEX_COL3,EXPIRED) values ('28','Vehicle',null,null,'沪A88888',null,null,null,null,'帕萨特',null,null,'N');
Insert into OA.LOVS (ID,CODE,LOV_DESC,PARENT_CODE,VALUE,CREATED_AT,CREATED_BY,LAST_UPDATED_BY,LAST_UPDATED_AT,FLEX_COL1,FLEX_COL2,FLEX_COL3,EXPIRED) values ('29','Vehicle',null,null,'沪A66666',null,null,null,null,'别克商务',null,null,'N');
Insert into OA.LOVS (ID,CODE,LOV_DESC,PARENT_CODE,VALUE,CREATED_AT,CREATED_BY,LAST_UPDATED_BY,LAST_UPDATED_AT,FLEX_COL1,FLEX_COL2,FLEX_COL3,EXPIRED) values ('30','Vehicle',null,null,'沪A99999',null,null,null,null,'大巴',null,null,'N');
Insert into OA.LOVS (ID,CODE,LOV_DESC,PARENT_CODE,VALUE,CREATED_AT,CREATED_BY,LAST_UPDATED_BY,LAST_UPDATED_AT,FLEX_COL1,FLEX_COL2,FLEX_COL3,EXPIRED) values ('31','Vehicle',null,null,'沪A18188',null,null,null,null,'奥迪A8',null,null,'N');
Insert into OA.LOVS (ID,CODE,LOV_DESC,PARENT_CODE,VALUE,CREATED_AT,CREATED_BY,LAST_UPDATED_BY,LAST_UPDATED_AT,FLEX_COL1,FLEX_COL2,FLEX_COL3,EXPIRED) values ('32','PoLineState',null,null,'未提交',null,null,null,null,'1',null,null,'N');
Insert into OA.LOVS (ID,CODE,LOV_DESC,PARENT_CODE,VALUE,CREATED_AT,CREATED_BY,LAST_UPDATED_BY,LAST_UPDATED_AT,FLEX_COL1,FLEX_COL2,FLEX_COL3,EXPIRED) values ('33','PoLineState',null,null,'待审核',null,null,null,null,'2',null,null,'N');
Insert into OA.LOVS (ID,CODE,LOV_DESC,PARENT_CODE,VALUE,CREATED_AT,CREATED_BY,LAST_UPDATED_BY,LAST_UPDATED_AT,FLEX_COL1,FLEX_COL2,FLEX_COL3,EXPIRED) values ('34','PoLineState',null,null,'待审批',null,null,null,null,'3',null,null,'N');
Insert into OA.LOVS (ID,CODE,LOV_DESC,PARENT_CODE,VALUE,CREATED_AT,CREATED_BY,LAST_UPDATED_BY,LAST_UPDATED_AT,FLEX_COL1,FLEX_COL2,FLEX_COL3,EXPIRED) values ('35','PoLineState',null,null,'执行中',null,null,null,null,'4',null,null,'N');
Insert into OA.LOVS (ID,CODE,LOV_DESC,PARENT_CODE,VALUE,CREATED_AT,CREATED_BY,LAST_UPDATED_BY,LAST_UPDATED_AT,FLEX_COL1,FLEX_COL2,FLEX_COL3,EXPIRED) values ('36','PoLineState',null,null,'已完成',null,null,null,null,'5',null,null,'N');
Insert into OA.LOVS (ID,CODE,LOV_DESC,PARENT_CODE,VALUE,CREATED_AT,CREATED_BY,LAST_UPDATED_BY,LAST_UPDATED_AT,FLEX_COL1,FLEX_COL2,FLEX_COL3,EXPIRED) values ('37','PoLineState',null,null,'已取消',null,null,null,null,'6',null,null,'N');
Insert into OA.LOVS (ID,CODE,LOV_DESC,PARENT_CODE,VALUE,CREATED_AT,CREATED_BY,LAST_UPDATED_BY,LAST_UPDATED_AT,FLEX_COL1,FLEX_COL2,FLEX_COL3,EXPIRED) values ('38','PoState',null,null,'未提交',null,null,null,null,'1',null,null,'N');
Insert into OA.LOVS (ID,CODE,LOV_DESC,PARENT_CODE,VALUE,CREATED_AT,CREATED_BY,LAST_UPDATED_BY,LAST_UPDATED_AT,FLEX_COL1,FLEX_COL2,FLEX_COL3,EXPIRED) values ('39','PoState',null,null,'待审核',null,null,null,null,'2',null,null,'N');
Insert into OA.LOVS (ID,CODE,LOV_DESC,PARENT_CODE,VALUE,CREATED_AT,CREATED_BY,LAST_UPDATED_BY,LAST_UPDATED_AT,FLEX_COL1,FLEX_COL2,FLEX_COL3,EXPIRED) values ('40','PoState',null,null,'待审批',null,null,null,null,'3',null,null,'N');
Insert into OA.LOVS (ID,CODE,LOV_DESC,PARENT_CODE,VALUE,CREATED_AT,CREATED_BY,LAST_UPDATED_BY,LAST_UPDATED_AT,FLEX_COL1,FLEX_COL2,FLEX_COL3,EXPIRED) values ('41','PoState',null,null,'被拒绝',null,null,null,null,'4',null,null,'N');
Insert into OA.LOVS (ID,CODE,LOV_DESC,PARENT_CODE,VALUE,CREATED_AT,CREATED_BY,LAST_UPDATED_BY,LAST_UPDATED_AT,FLEX_COL1,FLEX_COL2,FLEX_COL3,EXPIRED) values ('42','PoState',null,null,'执行中',null,null,null,null,'5',null,null,'N');
Insert into OA.LOVS (ID,CODE,LOV_DESC,PARENT_CODE,VALUE,CREATED_AT,CREATED_BY,LAST_UPDATED_BY,LAST_UPDATED_AT,FLEX_COL1,FLEX_COL2,FLEX_COL3,EXPIRED) values ('43','PoState',null,null,'已完成',null,null,null,null,'6',null,null,'N');
Insert into OA.LOVS (ID,CODE,LOV_DESC,PARENT_CODE,VALUE,CREATED_AT,CREATED_BY,LAST_UPDATED_BY,LAST_UPDATED_AT,FLEX_COL1,FLEX_COL2,FLEX_COL3,EXPIRED) values ('44','PoState',null,null,'已取消',null,null,null,null,'7',null,null,'N');
Insert into OA.LOVS (ID,CODE,LOV_DESC,PARENT_CODE,VALUE,CREATED_AT,CREATED_BY,LAST_UPDATED_BY,LAST_UPDATED_AT,FLEX_COL1,FLEX_COL2,FLEX_COL3,EXPIRED) values ('45','ItemCatg',null,null,'计算机设备',null,null,null,null,null,null,null,'N');
Insert into OA.LOVS (ID,CODE,LOV_DESC,PARENT_CODE,VALUE,CREATED_AT,CREATED_BY,LAST_UPDATED_BY,LAST_UPDATED_AT,FLEX_COL1,FLEX_COL2,FLEX_COL3,EXPIRED) values ('46','ItemCatg',null,null,'办公设备',null,null,null,null,null,null,null,'N');
Insert into OA.LOVS (ID,CODE,LOV_DESC,PARENT_CODE,VALUE,CREATED_AT,CREATED_BY,LAST_UPDATED_BY,LAST_UPDATED_AT,FLEX_COL1,FLEX_COL2,FLEX_COL3,EXPIRED) values ('81','ItemCatg',null,null,'水果点心',null,null,null,null,null,null,null,'N');
Insert into OA.LOVS (ID,CODE,LOV_DESC,PARENT_CODE,VALUE,CREATED_AT,CREATED_BY,LAST_UPDATED_BY,LAST_UPDATED_AT,FLEX_COL1,FLEX_COL2,FLEX_COL3,EXPIRED) values ('47','Item',null,'计算机设备','笔记本电脑',null,null,null,null,null,null,null,'N');
Insert into OA.LOVS (ID,CODE,LOV_DESC,PARENT_CODE,VALUE,CREATED_AT,CREATED_BY,LAST_UPDATED_BY,LAST_UPDATED_AT,FLEX_COL1,FLEX_COL2,FLEX_COL3,EXPIRED) values ('48','Item',null,'计算机设备','鼠标',null,null,null,null,null,null,null,'N');
Insert into OA.LOVS (ID,CODE,LOV_DESC,PARENT_CODE,VALUE,CREATED_AT,CREATED_BY,LAST_UPDATED_BY,LAST_UPDATED_AT,FLEX_COL1,FLEX_COL2,FLEX_COL3,EXPIRED) values ('49','Item',null,'计算机设备','移动硬盘',null,null,null,null,null,null,null,'N');
Insert into OA.LOVS (ID,CODE,LOV_DESC,PARENT_CODE,VALUE,CREATED_AT,CREATED_BY,LAST_UPDATED_BY,LAST_UPDATED_AT,FLEX_COL1,FLEX_COL2,FLEX_COL3,EXPIRED) values ('50','Item',null,'办公设备','钢笔',null,null,null,null,null,null,null,'N');
Insert into OA.LOVS (ID,CODE,LOV_DESC,PARENT_CODE,VALUE,CREATED_AT,CREATED_BY,LAST_UPDATED_BY,LAST_UPDATED_AT,FLEX_COL1,FLEX_COL2,FLEX_COL3,EXPIRED) values ('51','Item',null,'办公设备','圆珠笔',null,null,null,null,null,null,null,'N');
Insert into OA.LOVS (ID,CODE,LOV_DESC,PARENT_CODE,VALUE,CREATED_AT,CREATED_BY,LAST_UPDATED_BY,LAST_UPDATED_AT,FLEX_COL1,FLEX_COL2,FLEX_COL3,EXPIRED) values ('52','Item',null,'办公设备','铅笔',null,null,null,null,null,null,null,'N');
Insert into OA.LOVS (ID,CODE,LOV_DESC,PARENT_CODE,VALUE,CREATED_AT,CREATED_BY,LAST_UPDATED_BY,LAST_UPDATED_AT,FLEX_COL1,FLEX_COL2,FLEX_COL3,EXPIRED) values ('82','Item',null,'水果点心','水果',null,null,null,null,null,null,null,'N');
Insert into OA.LOVS (ID,CODE,LOV_DESC,PARENT_CODE,VALUE,CREATED_AT,CREATED_BY,LAST_UPDATED_BY,LAST_UPDATED_AT,FLEX_COL1,FLEX_COL2,FLEX_COL3,EXPIRED) values ('83','Item',null,'水果点心','点心',null,null,null,null,null,null,null,'N');
REM INSERTING into OA.MENUS
Insert into OA.MENUS (MENU_ID,MENU_NAME,MENU_TASKFLOW_URL,MENU_DESC,MENU_CATEGORY,PARENT_MENU_ID,MENU_MASTER_CATEGORY,MENU_ICON_URL,EXPIRED,SEQ) values ('SYS_PUR_MY_PR','我的采购申请','/WEB-INF/flows/po/MyPoNormalUser.xml#MyPoNormalUser','我的采购申请','PUR',null,'SYS','/images/icons/user.png','false','1');
Insert into OA.MENUS (MENU_ID,MENU_NAME,MENU_TASKFLOW_URL,MENU_DESC,MENU_CATEGORY,PARENT_MENU_ID,MENU_MASTER_CATEGORY,MENU_ICON_URL,EXPIRED,SEQ) values ('SYS_PUR_APPROVE','审批','/WEB-INF/flows/po/MyPoApprover.xml#MyPoApprover','审批','PUR',null,'SYS','/images/icons/check.png','false','3');
Insert into OA.MENUS (MENU_ID,MENU_NAME,MENU_TASKFLOW_URL,MENU_DESC,MENU_CATEGORY,PARENT_MENU_ID,MENU_MASTER_CATEGORY,MENU_ICON_URL,EXPIRED,SEQ) values ('SYS_PUR_REVIEW','审核','/WEB-INF/flows/po/MyPoVerifier.xml#MyPoVerifier','审核','PUR',null,'SYS','/images/icons/tasks.png','false','2');
Insert into OA.MENUS (MENU_ID,MENU_NAME,MENU_TASKFLOW_URL,MENU_DESC,MENU_CATEGORY,PARENT_MENU_ID,MENU_MASTER_CATEGORY,MENU_ICON_URL,EXPIRED,SEQ) values ('SYS_PUR_BUY','执行','/WEB-INF/flows/po/MyPoBuyer.xml#MyPoBuyer','执行','PUR',null,'SYS','/images/icons/cart.gif','false','4');
Insert into OA.MENUS (MENU_ID,MENU_NAME,MENU_TASKFLOW_URL,MENU_DESC,MENU_CATEGORY,PARENT_MENU_ID,MENU_MASTER_CATEGORY,MENU_ICON_URL,EXPIRED,SEQ) values ('SYS_PUR_RECEIVE','收货','/WEB-INF/flows/po/MyPoReceiver.xml#MyPoReceiver','收货','PUR',null,'SYS','/images/icons/package.png','false','5');
Insert into OA.MENUS (MENU_ID,MENU_NAME,MENU_TASKFLOW_URL,MENU_DESC,MENU_CATEGORY,PARENT_MENU_ID,MENU_MASTER_CATEGORY,MENU_ICON_URL,EXPIRED,SEQ) values ('SYS_PUR_PR','采购订单','/WEB-INF/flows/po/CreatePo.xml#CreatePo','采购订单','PUR',null,'SYS','/images/icons/log.png','false','6');
Insert into OA.MENUS (MENU_ID,MENU_NAME,MENU_TASKFLOW_URL,MENU_DESC,MENU_CATEGORY,PARENT_MENU_ID,MENU_MASTER_CATEGORY,MENU_ICON_URL,EXPIRED,SEQ) values ('SYS_HD_MY_REQ','我的报修','/WEB-INF/flows/helpdesk/MyHdCall.xml#MyHdCall','我的报修','HD',null,'SYS','/images/icons/communicate.png','false','1');
Insert into OA.MENUS (MENU_ID,MENU_NAME,MENU_TASKFLOW_URL,MENU_DESC,MENU_CATEGORY,PARENT_MENU_ID,MENU_MASTER_CATEGORY,MENU_ICON_URL,EXPIRED,SEQ) values ('SYS_HD_REQ','报修单','/WEB-INF/flows/helpdesk/CreateHdCall.xml#CreateHdCall','报修单','HD',null,'SYS','/images/icons/constructor.png','false','3');
Insert into OA.MENUS (MENU_ID,MENU_NAME,MENU_TASKFLOW_URL,MENU_DESC,MENU_CATEGORY,PARENT_MENU_ID,MENU_MASTER_CATEGORY,MENU_ICON_URL,EXPIRED,SEQ) values ('SYS_HD_PROC','报修处理','/WEB-INF/flows/helpdesk/MyHdCallCallee.xml#MyHdCallCallee','报修处理','HD',null,'SYS','/images/icons/show_failures.png','false','2');
Insert into OA.MENUS (MENU_ID,MENU_NAME,MENU_TASKFLOW_URL,MENU_DESC,MENU_CATEGORY,PARENT_MENU_ID,MENU_MASTER_CATEGORY,MENU_ICON_URL,EXPIRED,SEQ) values ('SYS_CLSRM_CAL','教室日历','/WEB-INF/flows/clsrm/ClsRmCalendar.xml#ClsRmCalendar','教室日历','CLSRM',null,'SYS','/images/icons/chooseDate.png','false','1');
Insert into OA.MENUS (MENU_ID,MENU_NAME,MENU_TASKFLOW_URL,MENU_DESC,MENU_CATEGORY,PARENT_MENU_ID,MENU_MASTER_CATEGORY,MENU_ICON_URL,EXPIRED,SEQ) values ('SYS_CLSRM_BATCH','批量预订','/WEB-INF/flows/clsrm/batch-reservation-btf.xml#batch-reservation-btf','批量预定','CLSRM',null,'SYS','/images/icons/group.png','false','2');
Insert into OA.MENUS (MENU_ID,MENU_NAME,MENU_TASKFLOW_URL,MENU_DESC,MENU_CATEGORY,PARENT_MENU_ID,MENU_MASTER_CATEGORY,MENU_ICON_URL,EXPIRED,SEQ) values ('SYS_CONFRM_CAL','会议室日历','/WEB-INF/flows/confRm/confRm-calendar-btf.xml#confRm-calendar-btf','会议室日历','CONFRM',null,'SYS','/images/icons/chooseDate.png','false','1');
Insert into OA.MENUS (MENU_ID,MENU_NAME,MENU_TASKFLOW_URL,MENU_DESC,MENU_CATEGORY,PARENT_MENU_ID,MENU_MASTER_CATEGORY,MENU_ICON_URL,EXPIRED,SEQ) values ('SYS_CONFRM_REQ','会议室预订','/WEB-INF/flows/confRm/confRm-application-btf.xml#confRm-application-btf','会议室预订','CONFRM',null,'SYS','/images/icons/team.png','false','2');
Insert into OA.MENUS (MENU_ID,MENU_NAME,MENU_TASKFLOW_URL,MENU_DESC,MENU_CATEGORY,PARENT_MENU_ID,MENU_MASTER_CATEGORY,MENU_ICON_URL,EXPIRED,SEQ) values ('SYS_CONFRM_APPROVE','审核','/WEB-INF/flows/confRm/confRm-approval-btf.xml#confRm-approval-btf','审核','CONFRM',null,'SYS','/images/icons/tasks.png','false','3');
Insert into OA.MENUS (MENU_ID,MENU_NAME,MENU_TASKFLOW_URL,MENU_DESC,MENU_CATEGORY,PARENT_MENU_ID,MENU_MASTER_CATEGORY,MENU_ICON_URL,EXPIRED,SEQ) values ('SYS_CAR_CAL','车辆日历','/WEB-INF/flows/vehicle/vehicle-cal-btf.xml#vehicle-cal-btf','车辆日历','CAR',null,'SYS','/images/icons/chooseDate.png','false','1');
Insert into OA.MENUS (MENU_ID,MENU_NAME,MENU_TASKFLOW_URL,MENU_DESC,MENU_CATEGORY,PARENT_MENU_ID,MENU_MASTER_CATEGORY,MENU_ICON_URL,EXPIRED,SEQ) values ('SYS_CAR_REQ','用车申请','/WEB-INF/flows/vehicle/vehicle-application-btf.xml#vehicle-application-btf','用车申请','CAR',null,'SYS','/images/icons/car_arrow.png','false','2');
Insert into OA.MENUS (MENU_ID,MENU_NAME,MENU_TASKFLOW_URL,MENU_DESC,MENU_CATEGORY,PARENT_MENU_ID,MENU_MASTER_CATEGORY,MENU_ICON_URL,EXPIRED,SEQ) values ('SYS_CAR_APPROVE','审核','/WEB-INF/flows/vehicle/vehicle-app-approver-btf.xml#vehicle-app-approver-btf','审核','CAR',null,'SYS','/images/icons/tasks.png','false','3');
Insert into OA.MENUS (MENU_ID,MENU_NAME,MENU_TASKFLOW_URL,MENU_DESC,MENU_CATEGORY,PARENT_MENU_ID,MENU_MASTER_CATEGORY,MENU_ICON_URL,EXPIRED,SEQ) values ('SYS_MEAL_REQ','订餐','/WEB-INF/flows/welcome/welcome-btf.xml#welcome-btf','订餐','MEAL',null,'SYS',null,'false',null);
Insert into OA.MENUS (MENU_ID,MENU_NAME,MENU_TASKFLOW_URL,MENU_DESC,MENU_CATEGORY,PARENT_MENU_ID,MENU_MASTER_CATEGORY,MENU_ICON_URL,EXPIRED,SEQ) values ('SYS_ANCMT_REQ','发通知','/WEB-INF/flows/welcome/welcome-btf.xml#welcome-btf','发通知','ANCMT',null,'SYS',null,'false',null);
Insert into OA.MENUS (MENU_ID,MENU_NAME,MENU_TASKFLOW_URL,MENU_DESC,MENU_CATEGORY,PARENT_MENU_ID,MENU_MASTER_CATEGORY,MENU_ICON_URL,EXPIRED,SEQ) values ('SYS_ANCMT_LIST','通知列表','/WEB-INF/flows/welcome/welcome-btf.xml#welcome-btf','通知列表','ANCMT',null,'SYS',null,'false',null);
Insert into OA.MENUS (MENU_ID,MENU_NAME,MENU_TASKFLOW_URL,MENU_DESC,MENU_CATEGORY,PARENT_MENU_ID,MENU_MASTER_CATEGORY,MENU_ICON_URL,EXPIRED,SEQ) values ('SYS_CAR_TRIP_PLAN','调度','/WEB-INF/flows/vehicle/vehicle-app-planner-btf.xml#vehicle-app-planner-btf','调度','CAR',null,'SYS','/images/icons/unbounded_task_flow.png','false','4');
Insert into OA.MENUS (MENU_ID,MENU_NAME,MENU_TASKFLOW_URL,MENU_DESC,MENU_CATEGORY,PARENT_MENU_ID,MENU_MASTER_CATEGORY,MENU_ICON_URL,EXPIRED,SEQ) values ('ADMIN_DEPT','部门','/WEB-INF/flows/admin/departments-btf.xml#departments-btf','部门','DEPT',null,'ADMIN','/images/icons/node_role.png','false','04');
Insert into OA.MENUS (MENU_ID,MENU_NAME,MENU_TASKFLOW_URL,MENU_DESC,MENU_CATEGORY,PARENT_MENU_ID,MENU_MASTER_CATEGORY,MENU_ICON_URL,EXPIRED,SEQ) values ('ADMIN_EMP','员工','/WEB-INF/flows/admin/employees-btf.xml#employees-btf','员工','EMP',null,'ADMIN','/images/icons/team.png','false','05');
Insert into OA.MENUS (MENU_ID,MENU_NAME,MENU_TASKFLOW_URL,MENU_DESC,MENU_CATEGORY,PARENT_MENU_ID,MENU_MASTER_CATEGORY,MENU_ICON_URL,EXPIRED,SEQ) values ('ADMIN_MENUS','菜单','/WEB-INF/flows/admin/menus-btf.xml#menus-btf','菜单','MENU',null,'ADMIN','/images/icons/tree.png','false','06');
Insert into OA.MENUS (MENU_ID,MENU_NAME,MENU_TASKFLOW_URL,MENU_DESC,MENU_CATEGORY,PARENT_MENU_ID,MENU_MASTER_CATEGORY,MENU_ICON_URL,EXPIRED,SEQ) values ('ADMIN_ROLE','角色','/WEB-INF/flows/admin/roles-btf.xml#roles-btf','角色','ROLE',null,'ADMIN','/images/icons/actor.png','false','07');
Insert into OA.MENUS (MENU_ID,MENU_NAME,MENU_TASKFLOW_URL,MENU_DESC,MENU_CATEGORY,PARENT_MENU_ID,MENU_MASTER_CATEGORY,MENU_ICON_URL,EXPIRED,SEQ) values ('ADMIN_CLASSROOM','教室数据','/WEB-INF/flows/admin/classroom-btf.xml#classroom-btf','教室信息维护','CLSRM',null,'ADMIN','/images/icons/group.png','false','01');
Insert into OA.MENUS (MENU_ID,MENU_NAME,MENU_TASKFLOW_URL,MENU_DESC,MENU_CATEGORY,PARENT_MENU_ID,MENU_MASTER_CATEGORY,MENU_ICON_URL,EXPIRED,SEQ) values ('ADMIN_CONFROOM','会议室数据','/WEB-INF/flows/admin/conference-room-btf.xml#conference-room-btf','会议室数据','CONFRM',null,'ADMIN','/images/icons/team.png','false','02');
Insert into OA.MENUS (MENU_ID,MENU_NAME,MENU_TASKFLOW_URL,MENU_DESC,MENU_CATEGORY,PARENT_MENU_ID,MENU_MASTER_CATEGORY,MENU_ICON_URL,EXPIRED,SEQ) values ('ADMIN_VEHICLE','车辆数据','/WEB-INF/flows/admin/vehicle-btf.xml#vehicle-btf','车辆数据','VEHICLE',null,'ADMIN','/images/icons/car_arrow.png','false','03');
Insert into OA.MENUS (MENU_ID,MENU_NAME,MENU_TASKFLOW_URL,MENU_DESC,MENU_CATEGORY,PARENT_MENU_ID,MENU_MASTER_CATEGORY,MENU_ICON_URL,EXPIRED,SEQ) values ('ADMIN_HD_REASONS','报修原因数据','/WEB-INF/flows/admin/hd-reason-btf.xml#hd-reason-btf','报修原因数据','HD_REASONS',null,'ADMIN','/images/icons/notstartedthread.png','false','08');
Insert into OA.MENUS (MENU_ID,MENU_NAME,MENU_TASKFLOW_URL,MENU_DESC,MENU_CATEGORY,PARENT_MENU_ID,MENU_MASTER_CATEGORY,MENU_ICON_URL,EXPIRED,SEQ) values ('ADMIN_HD_RESULT','报修结果数据','/WEB-INF/flows/admin/hd-result-btf.xml#hd-result-btf','报修结果数据','HD_RESULT',null,'ADMIN','/images/icons/completedthread.png','false','09');
Insert into OA.MENUS (MENU_ID,MENU_NAME,MENU_TASKFLOW_URL,MENU_DESC,MENU_CATEGORY,PARENT_MENU_ID,MENU_MASTER_CATEGORY,MENU_ICON_URL,EXPIRED,SEQ) values ('ADMIN_SMS','SMS管理','/WEB-INF/flows/admin/sms-enable-btf.xml#sms-enable-btf','SMS管理','SMS',null,'ADMIN',null,'false','10');
Insert into OA.MENUS (MENU_ID,MENU_NAME,MENU_TASKFLOW_URL,MENU_DESC,MENU_CATEGORY,PARENT_MENU_ID,MENU_MASTER_CATEGORY,MENU_ICON_URL,EXPIRED,SEQ) values ('ADMIN_PO_CATEGORY','采购类别数据','/WEB-INF/flows/admin/po-category-btf.xml#po-category-btf','采购类别数据','PO_CATEGORY',null,'ADMIN','/images/icons/accessors.png','false','11');
Insert into OA.MENUS (MENU_ID,MENU_NAME,MENU_TASKFLOW_URL,MENU_DESC,MENU_CATEGORY,PARENT_MENU_ID,MENU_MASTER_CATEGORY,MENU_ICON_URL,EXPIRED,SEQ) values ('ADMIN_PO_LIMIT','采购审批上限','/WEB-INF/flows/admin/po-approve-limit.xml#po-approve-limit','采购审批上限','PO_APPROVE_LIMIT',null,'ADMIN','/images/icons/clearhighlight.png','false','12');
REM INSERTING into OA.NOTIFICATIONS
Insert into OA.NOTIFICATIONS (ID,CATEGORY,PRIORITY,TITLE,CONTENT,EVENT_DATE,IS_SMS_SENT,STATE,TO_USER_ID) values ('343','DEFAULT',0,'您为事由：eeeeeeeeee 所做的教室预订已成功，请准时使用。 ',' 提交时间：2013-03-01 10:36:09',to_date('01-MAR-13','DD-MON-RR'),'Y','READ','gene');
Insert into OA.NOTIFICATIONS (ID,CATEGORY,PRIORITY,TITLE,CONTENT,EVENT_DATE,IS_SMS_SENT,STATE,TO_USER_ID) values ('344','DEFAULT',0,'您为事由：qqqqqqqqqq 所做的教室预订已成功，请准时使用。 ',' 提交时间：2013-03-01 10:39:20',to_date('01-MAR-13','DD-MON-RR'),'Y','READ','pairliu');
Insert into OA.NOTIFICATIONS (ID,CATEGORY,PRIORITY,TITLE,CONTENT,EVENT_DATE,IS_SMS_SENT,STATE,TO_USER_ID) values ('345','DEFAULT',0,'您为事由：eeeeeeeee 所做的教室预订已成功，请准时使用。 ',' 提交时间：2013-03-01 10:39:53',to_date('01-MAR-13','DD-MON-RR'),'Y','READ','gene');
Insert into OA.NOTIFICATIONS (ID,CATEGORY,PRIORITY,TITLE,CONTENT,EVENT_DATE,IS_SMS_SENT,STATE,TO_USER_ID) values ('346','DEFAULT',0,'您为事由：112 所做的教室预订已成功，请准时使用。 ',' 提交时间：2013-03-01 10:45:42',to_date('01-MAR-13','DD-MON-RR'),'Y','READ','gene');
Insert into OA.NOTIFICATIONS (ID,CATEGORY,PRIORITY,TITLE,CONTENT,EVENT_DATE,IS_SMS_SENT,STATE,TO_USER_ID) values ('347','DEFAULT',0,'您为事由：112 所做的教室预订已成功，请准时使用。 ',' 提交时间：2013-03-01 10:46:33',to_date('01-MAR-13','DD-MON-RR'),'Y','READ','gene');
Insert into OA.NOTIFICATIONS (ID,CATEGORY,PRIORITY,TITLE,CONTENT,EVENT_DATE,IS_SMS_SENT,STATE,TO_USER_ID) values ('348','DEFAULT',0,'您为事由：eeeeeee 所做的教室预订已成功，请准时使用。 ',' 提交时间：2013-03-01 10:48:21',to_date('01-MAR-13','DD-MON-RR'),'Y','READ','gene');
Insert into OA.NOTIFICATIONS (ID,CATEGORY,PRIORITY,TITLE,CONTENT,EVENT_DATE,IS_SMS_SENT,STATE,TO_USER_ID) values ('349','DEFAULT',0,'您为事由：eeeeeee 所做的教室预订已成功，请准时使用。 ',' 提交时间：2013-03-01 10:49:15',to_date('01-MAR-13','DD-MON-RR'),'Y','READ','gene');
Insert into OA.NOTIFICATIONS (ID,CATEGORY,PRIORITY,TITLE,CONTENT,EVENT_DATE,IS_SMS_SENT,STATE,TO_USER_ID) values ('350','DEFAULT',0,'您为事由：aaa 所做的教室预订已成功，请准时使用。 ',' 提交时间：2013-03-01 10:54:00',to_date('01-MAR-13','DD-MON-RR'),'Y','READ','gene');
REM INSERTING into OA.PS_TXN
Insert into OA.PS_TXN (ID,PARENTID,COLLID,CREATION_DATE) values (1,-1,9051,to_date('18-FEB-13','DD-MON-RR'));
Insert into OA.PS_TXN (ID,PARENTID,COLLID,CREATION_DATE) values (1,-1,9052,to_date('18-FEB-13','DD-MON-RR'));
Insert into OA.PS_TXN (ID,PARENTID,COLLID,CREATION_DATE) values (1,-1,9053,to_date('18-FEB-13','DD-MON-RR'));
Insert into OA.PS_TXN (ID,PARENTID,COLLID,CREATION_DATE) values (1,-1,9151,to_date('18-FEB-13','DD-MON-RR'));
Insert into OA.PS_TXN (ID,PARENTID,COLLID,CREATION_DATE) values (1,-1,9152,to_date('18-FEB-13','DD-MON-RR'));
Insert into OA.PS_TXN (ID,PARENTID,COLLID,CREATION_DATE) values (1,-1,9251,to_date('18-FEB-13','DD-MON-RR'));
Insert into OA.PS_TXN (ID,PARENTID,COLLID,CREATION_DATE) values (1,-1,9252,to_date('18-FEB-13','DD-MON-RR'));
Insert into OA.PS_TXN (ID,PARENTID,COLLID,CREATION_DATE) values (1,-1,9253,to_date('18-FEB-13','DD-MON-RR'));
Insert into OA.PS_TXN (ID,PARENTID,COLLID,CREATION_DATE) values (1,-1,9351,to_date('18-FEB-13','DD-MON-RR'));
Insert into OA.PS_TXN (ID,PARENTID,COLLID,CREATION_DATE) values (1,-1,9352,to_date('18-FEB-13','DD-MON-RR'));
Insert into OA.PS_TXN (ID,PARENTID,COLLID,CREATION_DATE) values (1,-1,9353,to_date('18-FEB-13','DD-MON-RR'));
Insert into OA.PS_TXN (ID,PARENTID,COLLID,CREATION_DATE) values (1,-1,9451,to_date('19-FEB-13','DD-MON-RR'));
Insert into OA.PS_TXN (ID,PARENTID,COLLID,CREATION_DATE) values (1,-1,9452,to_date('19-FEB-13','DD-MON-RR'));
Insert into OA.PS_TXN (ID,PARENTID,COLLID,CREATION_DATE) values (1,-1,10501,to_date('19-FEB-13','DD-MON-RR'));
Insert into OA.PS_TXN (ID,PARENTID,COLLID,CREATION_DATE) values (1,-1,10502,to_date('19-FEB-13','DD-MON-RR'));
Insert into OA.PS_TXN (ID,PARENTID,COLLID,CREATION_DATE) values (1,-1,10601,to_date('20-FEB-13','DD-MON-RR'));
Insert into OA.PS_TXN (ID,PARENTID,COLLID,CREATION_DATE) values (1,-1,11651,to_date('21-FEB-13','DD-MON-RR'));
Insert into OA.PS_TXN (ID,PARENTID,COLLID,CREATION_DATE) values (1,-1,11652,to_date('21-FEB-13','DD-MON-RR'));
Insert into OA.PS_TXN (ID,PARENTID,COLLID,CREATION_DATE) values (1,-1,11653,to_date('21-FEB-13','DD-MON-RR'));
Insert into OA.PS_TXN (ID,PARENTID,COLLID,CREATION_DATE) values (1,-1,11654,to_date('21-FEB-13','DD-MON-RR'));
Insert into OA.PS_TXN (ID,PARENTID,COLLID,CREATION_DATE) values (1,-1,11655,to_date('21-FEB-13','DD-MON-RR'));
Insert into OA.PS_TXN (ID,PARENTID,COLLID,CREATION_DATE) values (1,-1,11656,to_date('21-FEB-13','DD-MON-RR'));
Insert into OA.PS_TXN (ID,PARENTID,COLLID,CREATION_DATE) values (1,-1,11657,to_date('21-FEB-13','DD-MON-RR'));
Insert into OA.PS_TXN (ID,PARENTID,COLLID,CREATION_DATE) values (1,-1,11658,to_date('21-FEB-13','DD-MON-RR'));
Insert into OA.PS_TXN (ID,PARENTID,COLLID,CREATION_DATE) values (1,-1,11659,to_date('21-FEB-13','DD-MON-RR'));
Insert into OA.PS_TXN (ID,PARENTID,COLLID,CREATION_DATE) values (1,-1,12701,to_date('01-MAR-13','DD-MON-RR'));
REM INSERTING into OA.PURCHASE_ORDERS
REM INSERTING into OA.PURCHASE_ORDER_HISTORYS
REM INSERTING into OA.PURCHASE_ORDER_LINES
REM INSERTING into OA.REPAIR_CALLS
REM INSERTING into OA.ROLES
Insert into OA.ROLES (ROLE_ID,ROLE_NAME,ROLE_DESC,CREATED_AT,CREATED_BY,LAST_UPDATED_AT,LAST_UPDATED_BY,EXPIRED) values ('1','系统管理员','系统管理员',null,null,null,null,'N');
Insert into OA.ROLES (ROLE_ID,ROLE_NAME,ROLE_DESC,CREATED_AT,CREATED_BY,LAST_UPDATED_AT,LAST_UPDATED_BY,EXPIRED) values ('2','采购员',null,null,null,null,null,'N');
Insert into OA.ROLES (ROLE_ID,ROLE_NAME,ROLE_DESC,CREATED_AT,CREATED_BY,LAST_UPDATED_AT,LAST_UPDATED_BY,EXPIRED) values ('3','副院长',null,null,null,null,null,'N');
Insert into OA.ROLES (ROLE_ID,ROLE_NAME,ROLE_DESC,CREATED_AT,CREATED_BY,LAST_UPDATED_AT,LAST_UPDATED_BY,EXPIRED) values ('4','采购部主任',null,null,null,null,null,'N');
Insert into OA.ROLES (ROLE_ID,ROLE_NAME,ROLE_DESC,CREATED_AT,CREATED_BY,LAST_UPDATED_AT,LAST_UPDATED_BY,EXPIRED) values ('5','普通用户','普通用户',null,null,null,null,'N');
Insert into OA.ROLES (ROLE_ID,ROLE_NAME,ROLE_DESC,CREATED_AT,CREATED_BY,LAST_UPDATED_AT,LAST_UPDATED_BY,EXPIRED) values ('10','报修处理员','报修处理员',null,null,null,null,'N');
Insert into OA.ROLES (ROLE_ID,ROLE_NAME,ROLE_DESC,CREATED_AT,CREATED_BY,LAST_UPDATED_AT,LAST_UPDATED_BY,EXPIRED) values ('42','会议室审核','会议室审核',to_date('18-FEB-13','DD-MON-RR'),null,null,null,'N');
Insert into OA.ROLES (ROLE_ID,ROLE_NAME,ROLE_DESC,CREATED_AT,CREATED_BY,LAST_UPDATED_AT,LAST_UPDATED_BY,EXPIRED) values ('43','车辆调度','车辆调度',to_date('18-FEB-13','DD-MON-RR'),null,null,null,'N');
Insert into OA.ROLES (ROLE_ID,ROLE_NAME,ROLE_DESC,CREATED_AT,CREATED_BY,LAST_UPDATED_AT,LAST_UPDATED_BY,EXPIRED) values ('44','车辆审核','车辆审核',to_date('18-FEB-13','DD-MON-RR'),null,null,null,'N');
Insert into OA.ROLES (ROLE_ID,ROLE_NAME,ROLE_DESC,CREATED_AT,CREATED_BY,LAST_UPDATED_AT,LAST_UPDATED_BY,EXPIRED) values ('45','教室管理员','教室管理员',to_date('18-FEB-13','DD-MON-RR'),null,null,null,'N');
Insert into OA.ROLES (ROLE_ID,ROLE_NAME,ROLE_DESC,CREATED_AT,CREATED_BY,LAST_UPDATED_AT,LAST_UPDATED_BY,EXPIRED) values ('46','车辆申请','车辆申请',to_date('18-FEB-13','DD-MON-RR'),null,null,null,'N');
Insert into OA.ROLES (ROLE_ID,ROLE_NAME,ROLE_DESC,CREATED_AT,CREATED_BY,LAST_UPDATED_AT,LAST_UPDATED_BY,EXPIRED) values ('21','丽园IT报修处理员','丽园IT报修处理员',null,null,null,null,'N');
Insert into OA.ROLES (ROLE_ID,ROLE_NAME,ROLE_DESC,CREATED_AT,CREATED_BY,LAST_UPDATED_AT,LAST_UPDATED_BY,EXPIRED) values ('22','丽园电工报修处理员','丽园电工报修处理员',null,null,null,null,'N');
Insert into OA.ROLES (ROLE_ID,ROLE_NAME,ROLE_DESC,CREATED_AT,CREATED_BY,LAST_UPDATED_AT,LAST_UPDATED_BY,EXPIRED) values ('23','自忠IT报修处理员','自忠IT报修处理员',null,null,null,null,'N');
Insert into OA.ROLES (ROLE_ID,ROLE_NAME,ROLE_DESC,CREATED_AT,CREATED_BY,LAST_UPDATED_AT,LAST_UPDATED_BY,EXPIRED) values ('24','自忠电工报修处理员','自忠电工报修处理员',null,null,null,null,'N');
Insert into OA.ROLES (ROLE_ID,ROLE_NAME,ROLE_DESC,CREATED_AT,CREATED_BY,LAST_UPDATED_AT,LAST_UPDATED_BY,EXPIRED) values ('25','采购审核','采购审核',null,null,null,null,'N');
Insert into OA.ROLES (ROLE_ID,ROLE_NAME,ROLE_DESC,CREATED_AT,CREATED_BY,LAST_UPDATED_AT,LAST_UPDATED_BY,EXPIRED) values ('26','采购审批','采购审批',null,null,null,null,'N');
Insert into OA.ROLES (ROLE_ID,ROLE_NAME,ROLE_DESC,CREATED_AT,CREATED_BY,LAST_UPDATED_AT,LAST_UPDATED_BY,EXPIRED) values ('27','采购收货','采购收货',null,null,null,null,'N');
Insert into OA.ROLES (ROLE_ID,ROLE_NAME,ROLE_DESC,CREATED_AT,CREATED_BY,LAST_UPDATED_AT,LAST_UPDATED_BY,EXPIRED) values ('28','采购执行','采购执行',null,null,null,null,'N');
Insert into OA.ROLES (ROLE_ID,ROLE_NAME,ROLE_DESC,CREATED_AT,CREATED_BY,LAST_UPDATED_AT,LAST_UPDATED_BY,EXPIRED) values ('29','采购终审','采购终审',null,null,null,null,'N');
REM INSERTING into OA.ROLE_MENUS
Insert into OA.ROLE_MENUS (ROLE_ID,MENU_ID,CREATED_BY,CREATED_AT) values ('42','SYS_CONFRM_CAL',null,to_date('18-FEB-13','DD-MON-RR'));
Insert into OA.ROLE_MENUS (ROLE_ID,MENU_ID,CREATED_BY,CREATED_AT) values ('42','SYS_CONFRM_APPROVE',null,to_date('18-FEB-13','DD-MON-RR'));
Insert into OA.ROLE_MENUS (ROLE_ID,MENU_ID,CREATED_BY,CREATED_AT) values ('42','SYS_CONFRM_REQ',null,to_date('18-FEB-13','DD-MON-RR'));
Insert into OA.ROLE_MENUS (ROLE_ID,MENU_ID,CREATED_BY,CREATED_AT) values ('2','SYS_PUR_MY_PR',null,to_date('01-FEB-13','DD-MON-RR'));
Insert into OA.ROLE_MENUS (ROLE_ID,MENU_ID,CREATED_BY,CREATED_AT) values ('4','SYS_PUR_REVIEW',null,null);
Insert into OA.ROLE_MENUS (ROLE_ID,MENU_ID,CREATED_BY,CREATED_AT) values ('5','SYS_CLSRM_CAL',null,null);
Insert into OA.ROLE_MENUS (ROLE_ID,MENU_ID,CREATED_BY,CREATED_AT) values ('5','SYS_CONFRM_CAL',null,null);
Insert into OA.ROLE_MENUS (ROLE_ID,MENU_ID,CREATED_BY,CREATED_AT) values ('5','SYS_CONFRM_REQ',null,null);
Insert into OA.ROLE_MENUS (ROLE_ID,MENU_ID,CREATED_BY,CREATED_AT) values ('2','SYS_PUR_RECEIVE',null,to_date('01-FEB-13','DD-MON-RR'));
Insert into OA.ROLE_MENUS (ROLE_ID,MENU_ID,CREATED_BY,CREATED_AT) values ('4','SYS_CAR_CAL',null,null);
Insert into OA.ROLE_MENUS (ROLE_ID,MENU_ID,CREATED_BY,CREATED_AT) values ('5','SYS_CAR_CAL',null,null);
Insert into OA.ROLE_MENUS (ROLE_ID,MENU_ID,CREATED_BY,CREATED_AT) values ('3','SYS_PUR_APPROVE',null,to_date('01-FEB-13','DD-MON-RR'));
Insert into OA.ROLE_MENUS (ROLE_ID,MENU_ID,CREATED_BY,CREATED_AT) values ('3','SYS_CAR_CAL',null,to_date('01-FEB-13','DD-MON-RR'));
Insert into OA.ROLE_MENUS (ROLE_ID,MENU_ID,CREATED_BY,CREATED_AT) values ('3','SYS_PUR_RECEIVE',null,to_date('01-FEB-13','DD-MON-RR'));
Insert into OA.ROLE_MENUS (ROLE_ID,MENU_ID,CREATED_BY,CREATED_AT) values ('2','SYS_CAR_CAL',null,to_date('01-FEB-13','DD-MON-RR'));
Insert into OA.ROLE_MENUS (ROLE_ID,MENU_ID,CREATED_BY,CREATED_AT) values ('2','SYS_CAR_REQ',null,to_date('01-FEB-13','DD-MON-RR'));
Insert into OA.ROLE_MENUS (ROLE_ID,MENU_ID,CREATED_BY,CREATED_AT) values ('2','SYS_MEAL_REQ',null,to_date('01-FEB-13','DD-MON-RR'));
Insert into OA.ROLE_MENUS (ROLE_ID,MENU_ID,CREATED_BY,CREATED_AT) values ('45','SYS_CLSRM_CAL',null,to_date('18-FEB-13','DD-MON-RR'));
Insert into OA.ROLE_MENUS (ROLE_ID,MENU_ID,CREATED_BY,CREATED_AT) values ('45','SYS_CLSRM_BATCH',null,to_date('18-FEB-13','DD-MON-RR'));
Insert into OA.ROLE_MENUS (ROLE_ID,MENU_ID,CREATED_BY,CREATED_AT) values ('46','SYS_CAR_REQ',null,to_date('18-FEB-13','DD-MON-RR'));
Insert into OA.ROLE_MENUS (ROLE_ID,MENU_ID,CREATED_BY,CREATED_AT) values ('46','SYS_CAR_CAL',null,to_date('18-FEB-13','DD-MON-RR'));
Insert into OA.ROLE_MENUS (ROLE_ID,MENU_ID,CREATED_BY,CREATED_AT) values ('44','SYS_CAR_APPROVE',null,to_date('18-FEB-13','DD-MON-RR'));
Insert into OA.ROLE_MENUS (ROLE_ID,MENU_ID,CREATED_BY,CREATED_AT) values ('44','SYS_CAR_CAL',null,to_date('18-FEB-13','DD-MON-RR'));
Insert into OA.ROLE_MENUS (ROLE_ID,MENU_ID,CREATED_BY,CREATED_AT) values ('43','SYS_CAR_TRIP_PLAN',null,to_date('18-FEB-13','DD-MON-RR'));
Insert into OA.ROLE_MENUS (ROLE_ID,MENU_ID,CREATED_BY,CREATED_AT) values ('43','SYS_CAR_CAL',null,to_date('18-FEB-13','DD-MON-RR'));
Insert into OA.ROLE_MENUS (ROLE_ID,MENU_ID,CREATED_BY,CREATED_AT) values ('21','SYS_HD_PROC',null,to_date('01-FEB-13','DD-MON-RR'));
Insert into OA.ROLE_MENUS (ROLE_ID,MENU_ID,CREATED_BY,CREATED_AT) values ('22','SYS_HD_PROC',null,to_date('01-FEB-13','DD-MON-RR'));
Insert into OA.ROLE_MENUS (ROLE_ID,MENU_ID,CREATED_BY,CREATED_AT) values ('23','SYS_HD_PROC',null,to_date('01-FEB-13','DD-MON-RR'));
Insert into OA.ROLE_MENUS (ROLE_ID,MENU_ID,CREATED_BY,CREATED_AT) values ('24','SYS_HD_PROC',null,to_date('01-FEB-13','DD-MON-RR'));
Insert into OA.ROLE_MENUS (ROLE_ID,MENU_ID,CREATED_BY,CREATED_AT) values ('25','SYS_PUR_REVIEW',null,to_date('01-FEB-13','DD-MON-RR'));
Insert into OA.ROLE_MENUS (ROLE_ID,MENU_ID,CREATED_BY,CREATED_AT) values ('26','SYS_PUR_APPROVE',null,to_date('01-FEB-13','DD-MON-RR'));
Insert into OA.ROLE_MENUS (ROLE_ID,MENU_ID,CREATED_BY,CREATED_AT) values ('27','SYS_PUR_RECEIVE',null,to_date('01-FEB-13','DD-MON-RR'));
Insert into OA.ROLE_MENUS (ROLE_ID,MENU_ID,CREATED_BY,CREATED_AT) values ('28','SYS_PUR_BUY',null,to_date('01-FEB-13','DD-MON-RR'));
Insert into OA.ROLE_MENUS (ROLE_ID,MENU_ID,CREATED_BY,CREATED_AT) values ('29','SYS_PUR_APPROVE',null,to_date('01-FEB-13','DD-MON-RR'));
Insert into OA.ROLE_MENUS (ROLE_ID,MENU_ID,CREATED_BY,CREATED_AT) values ('2','SYS_PUR_BUY',null,to_date('01-FEB-13','DD-MON-RR'));
Insert into OA.ROLE_MENUS (ROLE_ID,MENU_ID,CREATED_BY,CREATED_AT) values ('1','SYS_ANCMT_REQ',null,to_date('01-MAR-13','DD-MON-RR'));
Insert into OA.ROLE_MENUS (ROLE_ID,MENU_ID,CREATED_BY,CREATED_AT) values ('1','SYS_ANCMT_LIST',null,to_date('01-MAR-13','DD-MON-RR'));
Insert into OA.ROLE_MENUS (ROLE_ID,MENU_ID,CREATED_BY,CREATED_AT) values ('1','SYS_CAR_APPROVE',null,to_date('01-MAR-13','DD-MON-RR'));
Insert into OA.ROLE_MENUS (ROLE_ID,MENU_ID,CREATED_BY,CREATED_AT) values ('1','SYS_CAR_REQ',null,to_date('01-MAR-13','DD-MON-RR'));
Insert into OA.ROLE_MENUS (ROLE_ID,MENU_ID,CREATED_BY,CREATED_AT) values ('1','SYS_CAR_CAL',null,to_date('01-MAR-13','DD-MON-RR'));
Insert into OA.ROLE_MENUS (ROLE_ID,MENU_ID,CREATED_BY,CREATED_AT) values ('1','SYS_CAR_TRIP_PLAN',null,to_date('01-MAR-13','DD-MON-RR'));
Insert into OA.ROLE_MENUS (ROLE_ID,MENU_ID,CREATED_BY,CREATED_AT) values ('1','ADMIN_CLASSROOM',null,to_date('01-MAR-13','DD-MON-RR'));
Insert into OA.ROLE_MENUS (ROLE_ID,MENU_ID,CREATED_BY,CREATED_AT) values ('1','SYS_CLSRM_BATCH',null,to_date('01-MAR-13','DD-MON-RR'));
Insert into OA.ROLE_MENUS (ROLE_ID,MENU_ID,CREATED_BY,CREATED_AT) values ('1','SYS_CLSRM_CAL',null,to_date('01-MAR-13','DD-MON-RR'));
Insert into OA.ROLE_MENUS (ROLE_ID,MENU_ID,CREATED_BY,CREATED_AT) values ('1','ADMIN_CONFROOM',null,to_date('01-MAR-13','DD-MON-RR'));
Insert into OA.ROLE_MENUS (ROLE_ID,MENU_ID,CREATED_BY,CREATED_AT) values ('1','SYS_CONFRM_REQ',null,to_date('01-MAR-13','DD-MON-RR'));
Insert into OA.ROLE_MENUS (ROLE_ID,MENU_ID,CREATED_BY,CREATED_AT) values ('1','SYS_CONFRM_APPROVE',null,to_date('01-MAR-13','DD-MON-RR'));
Insert into OA.ROLE_MENUS (ROLE_ID,MENU_ID,CREATED_BY,CREATED_AT) values ('1','SYS_CONFRM_CAL',null,to_date('01-MAR-13','DD-MON-RR'));
Insert into OA.ROLE_MENUS (ROLE_ID,MENU_ID,CREATED_BY,CREATED_AT) values ('1','ADMIN_DEPT',null,to_date('01-MAR-13','DD-MON-RR'));
Insert into OA.ROLE_MENUS (ROLE_ID,MENU_ID,CREATED_BY,CREATED_AT) values ('1','ADMIN_EMP',null,to_date('01-MAR-13','DD-MON-RR'));
Insert into OA.ROLE_MENUS (ROLE_ID,MENU_ID,CREATED_BY,CREATED_AT) values ('1','SYS_HD_REQ',null,to_date('01-MAR-13','DD-MON-RR'));
Insert into OA.ROLE_MENUS (ROLE_ID,MENU_ID,CREATED_BY,CREATED_AT) values ('1','SYS_HD_MY_REQ',null,to_date('01-MAR-13','DD-MON-RR'));
Insert into OA.ROLE_MENUS (ROLE_ID,MENU_ID,CREATED_BY,CREATED_AT) values ('1','SYS_HD_PROC',null,to_date('01-MAR-13','DD-MON-RR'));
Insert into OA.ROLE_MENUS (ROLE_ID,MENU_ID,CREATED_BY,CREATED_AT) values ('1','ADMIN_HD_RESULT',null,to_date('01-MAR-13','DD-MON-RR'));
Insert into OA.ROLE_MENUS (ROLE_ID,MENU_ID,CREATED_BY,CREATED_AT) values ('1','SYS_MEAL_REQ',null,to_date('01-MAR-13','DD-MON-RR'));
Insert into OA.ROLE_MENUS (ROLE_ID,MENU_ID,CREATED_BY,CREATED_AT) values ('1','ADMIN_MENUS',null,to_date('01-MAR-13','DD-MON-RR'));
Insert into OA.ROLE_MENUS (ROLE_ID,MENU_ID,CREATED_BY,CREATED_AT) values ('1','SYS_PUR_PR',null,to_date('01-MAR-13','DD-MON-RR'));
Insert into OA.ROLE_MENUS (ROLE_ID,MENU_ID,CREATED_BY,CREATED_AT) values ('1','SYS_PUR_RECEIVE',null,to_date('01-MAR-13','DD-MON-RR'));
Insert into OA.ROLE_MENUS (ROLE_ID,MENU_ID,CREATED_BY,CREATED_AT) values ('1','SYS_PUR_REVIEW',null,to_date('01-MAR-13','DD-MON-RR'));
Insert into OA.ROLE_MENUS (ROLE_ID,MENU_ID,CREATED_BY,CREATED_AT) values ('1','SYS_PUR_APPROVE',null,to_date('01-MAR-13','DD-MON-RR'));
Insert into OA.ROLE_MENUS (ROLE_ID,MENU_ID,CREATED_BY,CREATED_AT) values ('1','SYS_PUR_MY_PR',null,to_date('01-MAR-13','DD-MON-RR'));
Insert into OA.ROLE_MENUS (ROLE_ID,MENU_ID,CREATED_BY,CREATED_AT) values ('1','ADMIN_ROLE',null,to_date('01-MAR-13','DD-MON-RR'));
Insert into OA.ROLE_MENUS (ROLE_ID,MENU_ID,CREATED_BY,CREATED_AT) values ('1','ADMIN_VEHICLE',null,to_date('01-MAR-13','DD-MON-RR'));
Insert into OA.ROLE_MENUS (ROLE_ID,MENU_ID,CREATED_BY,CREATED_AT) values ('1','SYS_PUR_BUY',null,to_date('01-MAR-13','DD-MON-RR'));
Insert into OA.ROLE_MENUS (ROLE_ID,MENU_ID,CREATED_BY,CREATED_AT) values ('1','ADMIN_SMS',null,to_date('01-MAR-13','DD-MON-RR'));
Insert into OA.ROLE_MENUS (ROLE_ID,MENU_ID,CREATED_BY,CREATED_AT) values ('1','ADMIN_HD_REASONS',null,to_date('01-MAR-13','DD-MON-RR'));
Insert into OA.ROLE_MENUS (ROLE_ID,MENU_ID,CREATED_BY,CREATED_AT) values ('1','ADMIN_PO_CATEGORY',null,to_date('01-MAR-13','DD-MON-RR'));
Insert into OA.ROLE_MENUS (ROLE_ID,MENU_ID,CREATED_BY,CREATED_AT) values ('1','ADMIN_PO_LIMIT',null,to_date('01-MAR-13','DD-MON-RR'));
REM INSERTING into OA.ROLE_USERS
Insert into OA.ROLE_USERS (ROLE_ID,USER_ID,CREATED_AT,CREATED_BY) values ('1','1',null,null);
Insert into OA.ROLE_USERS (ROLE_ID,USER_ID,CREATED_AT,CREATED_BY) values ('2','2',null,null);
Insert into OA.ROLE_USERS (ROLE_ID,USER_ID,CREATED_AT,CREATED_BY) values ('3','2',null,null);
Insert into OA.ROLE_USERS (ROLE_ID,USER_ID,CREATED_AT,CREATED_BY) values ('4','2',null,null);
Insert into OA.ROLE_USERS (ROLE_ID,USER_ID,CREATED_AT,CREATED_BY) values ('1','2',null,null);
Insert into OA.ROLE_USERS (ROLE_ID,USER_ID,CREATED_AT,CREATED_BY) values ('5','3',null,null);
Insert into OA.ROLE_USERS (ROLE_ID,USER_ID,CREATED_AT,CREATED_BY) values ('10','4',null,null);
Insert into OA.ROLE_USERS (ROLE_ID,USER_ID,CREATED_AT,CREATED_BY) values ('43','43',null,null);
Insert into OA.ROLE_USERS (ROLE_ID,USER_ID,CREATED_AT,CREATED_BY) values ('45','24',null,null);
Insert into OA.ROLE_USERS (ROLE_ID,USER_ID,CREATED_AT,CREATED_BY) values ('44','44',null,null);
Insert into OA.ROLE_USERS (ROLE_ID,USER_ID,CREATED_AT,CREATED_BY) values ('46','45',null,null);
Insert into OA.ROLE_USERS (ROLE_ID,USER_ID,CREATED_AT,CREATED_BY) values ('42','46',null,null);
Insert into OA.ROLE_USERS (ROLE_ID,USER_ID,CREATED_AT,CREATED_BY) values ('21','5',null,null);
Insert into OA.ROLE_USERS (ROLE_ID,USER_ID,CREATED_AT,CREATED_BY) values ('22','6',null,null);
Insert into OA.ROLE_USERS (ROLE_ID,USER_ID,CREATED_AT,CREATED_BY) values ('23','7',null,null);
Insert into OA.ROLE_USERS (ROLE_ID,USER_ID,CREATED_AT,CREATED_BY) values ('24','8',null,null);
Insert into OA.ROLE_USERS (ROLE_ID,USER_ID,CREATED_AT,CREATED_BY) values ('25','9',null,null);
Insert into OA.ROLE_USERS (ROLE_ID,USER_ID,CREATED_AT,CREATED_BY) values ('26','10',null,null);
Insert into OA.ROLE_USERS (ROLE_ID,USER_ID,CREATED_AT,CREATED_BY) values ('27','11',null,null);
Insert into OA.ROLE_USERS (ROLE_ID,USER_ID,CREATED_AT,CREATED_BY) values ('28','12',null,null);
Insert into OA.ROLE_USERS (ROLE_ID,USER_ID,CREATED_AT,CREATED_BY) values ('29','13',null,null);
REM INSERTING into OA.TASKS
REM INSERTING into OA.VEHICLE_CALENDAR
--------------------------------------------------------
--  DDL for Index VEHICLE_ALENDAR_PK
--------------------------------------------------------

  CREATE UNIQUE INDEX "OA"."VEHICLE_ALENDAR_PK" ON "OA"."VEHICLE_CALENDAR" ("ID") 
  ;
--------------------------------------------------------
--  DDL for Index DEPARTMENT_PK
--------------------------------------------------------

  CREATE UNIQUE INDEX "OA"."DEPARTMENT_PK" ON "OA"."DEPARTMENTS" ("DEPT_ID") 
  ;
--------------------------------------------------------
--  DDL for Index TASKS_PK
--------------------------------------------------------

  CREATE UNIQUE INDEX "OA"."TASKS_PK" ON "OA"."TASKS" ("ID") 
  ;
--------------------------------------------------------
--  DDL for Index CLASSROOM_BATCH_RESERVATI_PK
--------------------------------------------------------

  CREATE UNIQUE INDEX "OA"."CLASSROOM_BATCH_RESERVATI_PK" ON "OA"."CLASSROOM_BATCH_RESERVATION" ("ID") 
  ;
--------------------------------------------------------
--  DDL for Index LOCATIONS_PK
--------------------------------------------------------

  CREATE UNIQUE INDEX "OA"."LOCATIONS_PK" ON "OA"."LOCATIONS" ("LOCATION_ID") 
  ;
--------------------------------------------------------
--  DDL for Index HELPDESK_CALLS_PK
--------------------------------------------------------

  CREATE UNIQUE INDEX "OA"."HELPDESK_CALLS_PK" ON "OA"."HELPDESK_CALLS" ("CALL_ID") 
  ;
--------------------------------------------------------
--  DDL for Index PS_TXN_IDX
--------------------------------------------------------

  CREATE INDEX "OA"."PS_TXN_IDX" ON "OA"."PS_TXN" ("COLLID", "ID") REVERSE 
  ;
--------------------------------------------------------
--  DDL for Index ROLE_MENUS_PK
--------------------------------------------------------

  CREATE UNIQUE INDEX "OA"."ROLE_MENUS_PK" ON "OA"."ROLE_MENUS" ("ROLE_ID", "MENU_ID") 
  ;
--------------------------------------------------------
--  DDL for Index NOTIFICATIONS_PK
--------------------------------------------------------

  CREATE UNIQUE INDEX "OA"."NOTIFICATIONS_PK" ON "OA"."NOTIFICATIONS" ("ID") 
  ;
--------------------------------------------------------
--  DDL for Index EMPLOYEES_PK
--------------------------------------------------------

  CREATE UNIQUE INDEX "OA"."EMPLOYEES_PK" ON "OA"."EMPLOYEES" ("ID") 
  ;
--------------------------------------------------------
--  DDL for Index CLASSROOM_BATCH_RESERVATI_UK1
--------------------------------------------------------

  CREATE UNIQUE INDEX "OA"."CLASSROOM_BATCH_RESERVATI_UK1" ON "OA"."CLASSROOM_BATCH_RESERVATION" ("BATCH_NO") 
  ;
--------------------------------------------------------
--  DDL for Index PURCHASE_ORDERS_PK
--------------------------------------------------------

  CREATE UNIQUE INDEX "OA"."PURCHASE_ORDERS_PK" ON "OA"."PURCHASE_ORDERS" ("ORDER_ID") 
  ;
--------------------------------------------------------
--  DDL for Index ROLE_USERS_PK
--------------------------------------------------------

  CREATE UNIQUE INDEX "OA"."ROLE_USERS_PK" ON "OA"."ROLE_USERS" ("ROLE_ID", "USER_ID") 
  ;
--------------------------------------------------------
--  DDL for Index ANNOUNCEMENTS_PK
--------------------------------------------------------

  CREATE UNIQUE INDEX "OA"."ANNOUNCEMENTS_PK" ON "OA"."ANNOUNCEMENTS" ("ID") 
  ;
--------------------------------------------------------
--  DDL for Index LOVS_PK
--------------------------------------------------------

  CREATE UNIQUE INDEX "OA"."LOVS_PK" ON "OA"."LOVS" ("ID") 
  ;
--------------------------------------------------------
--  DDL for Index PURCHASE_ORDER_ITEMS_PK
--------------------------------------------------------

  CREATE UNIQUE INDEX "OA"."PURCHASE_ORDER_ITEMS_PK" ON "OA"."PURCHASE_ORDER_LINES" ("ORDER_LINE_ID") 
  ;
--------------------------------------------------------
--  DDL for Index REPAIR_CALLS_PK
--------------------------------------------------------

  CREATE UNIQUE INDEX "OA"."REPAIR_CALLS_PK" ON "OA"."REPAIR_CALLS" ("CALL_ID") 
  ;
--------------------------------------------------------
--  DDL for Index ROLES_PK
--------------------------------------------------------

  CREATE UNIQUE INDEX "OA"."ROLES_PK" ON "OA"."ROLES" ("ROLE_ID") 
  ;
--------------------------------------------------------
--  DDL for Index MENUS_PK
--------------------------------------------------------

  CREATE UNIQUE INDEX "OA"."MENUS_PK" ON "OA"."MENUS" ("MENU_ID") 
  ;
--------------------------------------------------------
--  DDL for Index PURCHASE_ORDER_HISTORYS_PK
--------------------------------------------------------

  CREATE UNIQUE INDEX "OA"."PURCHASE_ORDER_HISTORYS_PK" ON "OA"."PURCHASE_ORDER_HISTORYS" ("ORDER_HISTORY_ID") 
  ;
--------------------------------------------------------
--  DDL for Index CLASSROOM_CALENDAR_PK
--------------------------------------------------------

  CREATE UNIQUE INDEX "OA"."CLASSROOM_CALENDAR_PK" ON "OA"."CLASSROOM_CALENDAR" ("ID") 
  ;
--------------------------------------------------------
--  Constraints for Table DEPARTMENTS
--------------------------------------------------------

  ALTER TABLE "OA"."DEPARTMENTS" ADD CONSTRAINT "DEPARTMENT_PK" PRIMARY KEY ("DEPT_ID") ENABLE;
  ALTER TABLE "OA"."DEPARTMENTS" MODIFY ("DEPT_ID" NOT NULL ENABLE);
--------------------------------------------------------
--  Constraints for Table ANNOUNCEMENTS
--------------------------------------------------------

  ALTER TABLE "OA"."ANNOUNCEMENTS" ADD CONSTRAINT "ANNOUNCEMENTS_PK" PRIMARY KEY ("ID") ENABLE;
  ALTER TABLE "OA"."ANNOUNCEMENTS" MODIFY ("ID" NOT NULL ENABLE);
--------------------------------------------------------
--  Constraints for Table NOTIFICATIONS
--------------------------------------------------------

  ALTER TABLE "OA"."NOTIFICATIONS" ADD CONSTRAINT "NOTIFICATIONS_PK" PRIMARY KEY ("ID") ENABLE;
  ALTER TABLE "OA"."NOTIFICATIONS" MODIFY ("ID" NOT NULL ENABLE);
--------------------------------------------------------
--  Constraints for Table EMPLOYEES
--------------------------------------------------------

  ALTER TABLE "OA"."EMPLOYEES" ADD CONSTRAINT "EMPLOYEES_PK" PRIMARY KEY ("ID") ENABLE;
  ALTER TABLE "OA"."EMPLOYEES" MODIFY ("ID" NOT NULL ENABLE);
  ALTER TABLE "OA"."EMPLOYEES" MODIFY ("PASSWORD" NOT NULL ENABLE);
  ALTER TABLE "OA"."EMPLOYEES" MODIFY ("USER_NAME" NOT NULL ENABLE);
--------------------------------------------------------
--  Constraints for Table LOCATIONS
--------------------------------------------------------

  ALTER TABLE "OA"."LOCATIONS" ADD CONSTRAINT "LOCATIONS_PK" PRIMARY KEY ("LOCATION_ID") ENABLE;
  ALTER TABLE "OA"."LOCATIONS" MODIFY ("LOCATION_ID" NOT NULL ENABLE);
--------------------------------------------------------
--  Constraints for Table PURCHASE_ORDER_LINES
--------------------------------------------------------

  ALTER TABLE "OA"."PURCHASE_ORDER_LINES" ADD CONSTRAINT "PURCHASE_ORDER_ITEMS_PK" PRIMARY KEY ("ORDER_LINE_ID") ENABLE;
  ALTER TABLE "OA"."PURCHASE_ORDER_LINES" MODIFY ("ORDER_LINE_ID" NOT NULL ENABLE);
--------------------------------------------------------
--  Constraints for Table PURCHASE_ORDER_HISTORYS
--------------------------------------------------------

  ALTER TABLE "OA"."PURCHASE_ORDER_HISTORYS" ADD CONSTRAINT "PURCHASE_ORDER_HISTORYS_PK" PRIMARY KEY ("ORDER_HISTORY_ID") ENABLE;
  ALTER TABLE "OA"."PURCHASE_ORDER_HISTORYS" MODIFY ("ORDER_HISTORY_ID" NOT NULL ENABLE);
--------------------------------------------------------
--  Constraints for Table TASKS
--------------------------------------------------------

  ALTER TABLE "OA"."TASKS" ADD CONSTRAINT "TASKS_PK" PRIMARY KEY ("ID") ENABLE;
  ALTER TABLE "OA"."TASKS" MODIFY ("ID" NOT NULL ENABLE);
--------------------------------------------------------
--  Constraints for Table CLASSROOM_BATCH_RESERVATION
--------------------------------------------------------

  ALTER TABLE "OA"."CLASSROOM_BATCH_RESERVATION" ADD CONSTRAINT "CLASSROOM_BATCH_RESERVATI_UK1" UNIQUE ("BATCH_NO") ENABLE;
  ALTER TABLE "OA"."CLASSROOM_BATCH_RESERVATION" ADD CONSTRAINT "CLASSROOM_BATCH_RESERVATI_PK" PRIMARY KEY ("ID") ENABLE;
  ALTER TABLE "OA"."CLASSROOM_BATCH_RESERVATION" MODIFY ("ID" NOT NULL ENABLE);
--------------------------------------------------------
--  Constraints for Table ROLES
--------------------------------------------------------

  ALTER TABLE "OA"."ROLES" ADD CONSTRAINT "ROLES_PK" PRIMARY KEY ("ROLE_ID") ENABLE;
  ALTER TABLE "OA"."ROLES" MODIFY ("ROLE_ID" NOT NULL ENABLE);
--------------------------------------------------------
--  Constraints for Table LOVS
--------------------------------------------------------

  ALTER TABLE "OA"."LOVS" ADD CONSTRAINT "LOVS_PK" PRIMARY KEY ("ID") ENABLE;
  ALTER TABLE "OA"."LOVS" MODIFY ("ID" NOT NULL ENABLE);
--------------------------------------------------------
--  Constraints for Table HELPDESK_CALLS
--------------------------------------------------------

  ALTER TABLE "OA"."HELPDESK_CALLS" ADD CONSTRAINT "HELPDESK_CALLS_PK" PRIMARY KEY ("CALL_ID") ENABLE;
  ALTER TABLE "OA"."HELPDESK_CALLS" MODIFY ("CALL_ID" NOT NULL ENABLE);
  ALTER TABLE "OA"."HELPDESK_CALLS" MODIFY ("CALL_READABLE_ID" NOT NULL ENABLE);
--------------------------------------------------------
--  Constraints for Table MENUS
--------------------------------------------------------

  ALTER TABLE "OA"."MENUS" ADD CONSTRAINT "MENUS_PK" PRIMARY KEY ("MENU_ID") ENABLE;
  ALTER TABLE "OA"."MENUS" MODIFY ("MENU_ID" NOT NULL ENABLE);
--------------------------------------------------------
--  Constraints for Table PURCHASE_ORDERS
--------------------------------------------------------

  ALTER TABLE "OA"."PURCHASE_ORDERS" ADD CONSTRAINT "PURCHASE_ORDERS_PK" PRIMARY KEY ("ORDER_ID") ENABLE;
  ALTER TABLE "OA"."PURCHASE_ORDERS" MODIFY ("ORDER_READABLE_ID" NOT NULL ENABLE);
  ALTER TABLE "OA"."PURCHASE_ORDERS" MODIFY ("ORDER_ID" NOT NULL ENABLE);
--------------------------------------------------------
--  Constraints for Table REPAIR_CALLS
--------------------------------------------------------

  ALTER TABLE "OA"."REPAIR_CALLS" MODIFY ("CALL_READABLE_ID" NOT NULL ENABLE);
  ALTER TABLE "OA"."REPAIR_CALLS" MODIFY ("CALL_ID" NOT NULL ENABLE);
  ALTER TABLE "OA"."REPAIR_CALLS" ADD CONSTRAINT "REPAIR_CALLS_PK" PRIMARY KEY ("CALL_ID") ENABLE;
--------------------------------------------------------
--  Constraints for Table ROLE_USERS
--------------------------------------------------------

  ALTER TABLE "OA"."ROLE_USERS" ADD CONSTRAINT "ROLE_USERS_PK" PRIMARY KEY ("ROLE_ID", "USER_ID") ENABLE;
  ALTER TABLE "OA"."ROLE_USERS" MODIFY ("USER_ID" NOT NULL ENABLE);
  ALTER TABLE "OA"."ROLE_USERS" MODIFY ("ROLE_ID" NOT NULL ENABLE);
--------------------------------------------------------
--  Constraints for Table ROLE_MENUS
--------------------------------------------------------

  ALTER TABLE "OA"."ROLE_MENUS" ADD CONSTRAINT "ROLE_MENUS_PK" PRIMARY KEY ("ROLE_ID", "MENU_ID") ENABLE;
  ALTER TABLE "OA"."ROLE_MENUS" MODIFY ("MENU_ID" NOT NULL ENABLE);
  ALTER TABLE "OA"."ROLE_MENUS" MODIFY ("ROLE_ID" NOT NULL ENABLE);
--------------------------------------------------------
--  Constraints for Table CLASSROOM_CALENDAR
--------------------------------------------------------

  ALTER TABLE "OA"."CLASSROOM_CALENDAR" ADD CONSTRAINT "CLASSROOM_CALENDAR_PK" PRIMARY KEY ("ID") ENABLE;
  ALTER TABLE "OA"."CLASSROOM_CALENDAR" MODIFY ("ID" NOT NULL ENABLE);
--------------------------------------------------------
--  Constraints for Table VEHICLE_CALENDAR
--------------------------------------------------------

  ALTER TABLE "OA"."VEHICLE_CALENDAR" MODIFY ("ID" NOT NULL ENABLE);
  ALTER TABLE "OA"."VEHICLE_CALENDAR" ADD CONSTRAINT "VEHICLE_ALENDAR_PK" PRIMARY KEY ("ID") ENABLE;
--------------------------------------------------------
--  Constraints for Table PS_TXN
--------------------------------------------------------

  ALTER TABLE "OA"."PS_TXN" ADD CONSTRAINT "PS_TXN_PK" PRIMARY KEY ("COLLID", "ID") ENABLE;
--------------------------------------------------------
--  DDL for Trigger ANNOUNCEMENTS_TRG
--------------------------------------------------------

  CREATE OR REPLACE TRIGGER "OA"."ANNOUNCEMENTS_TRG" BEFORE INSERT ON "OA"."ANNOUNCEMENTS"
FOR EACH ROW 
BEGIN
  <<COLUMN_SEQUENCES>>
  BEGIN
    IF :NEW.ID IS NULL THEN
      SELECT ANNOUNCEMENTS_SEQ.NEXTVAL INTO :NEW.ID FROM DUAL;
    END IF;
  END COLUMN_SEQUENCES;
END;
/
ALTER TRIGGER "OA"."ANNOUNCEMENTS_TRG" ENABLE;
--------------------------------------------------------
--  DDL for Trigger CLASSROOM_BATCH_RESERVATI_TRG
--------------------------------------------------------

  CREATE OR REPLACE TRIGGER "OA"."CLASSROOM_BATCH_RESERVATI_TRG" BEFORE INSERT ON "OA"."CLASSROOM_BATCH_RESERVATION" 
FOR EACH ROW 
BEGIN
  <<COLUMN_SEQUENCES>>
  BEGIN
    IF :NEW.ID IS NULL THEN
      SELECT CLASSROOM_BATCH_RESERVATI_SEQ.NEXTVAL INTO :NEW.ID FROM DUAL;
    END IF;
  END COLUMN_SEQUENCES;
END;
/
ALTER TRIGGER "OA"."CLASSROOM_BATCH_RESERVATI_TRG" ENABLE;
--------------------------------------------------------
--  DDL for Trigger CLASSROOM_CALENDAR_TRG
--------------------------------------------------------

  CREATE OR REPLACE TRIGGER "OA"."CLASSROOM_CALENDAR_TRG" BEFORE INSERT ON "OA"."CLASSROOM_CALENDAR" 
FOR EACH ROW 
BEGIN
  <<COLUMN_SEQUENCES>>
  BEGIN
    IF :NEW.ID IS NULL THEN
      SELECT CLASSROOM_CALENDAR_SEQ.NEXTVAL INTO :NEW.ID FROM DUAL;
    END IF;
  END COLUMN_SEQUENCES;
END;
/
ALTER TRIGGER "OA"."CLASSROOM_CALENDAR_TRG" ENABLE;
--------------------------------------------------------
--  DDL for Trigger CONF_ROOM_CALENDAR_TRG
--------------------------------------------------------

  CREATE OR REPLACE TRIGGER "OA"."CONF_ROOM_CALENDAR_TRG" BEFORE INSERT ON "OA"."CONF_ROOM_CALENDAR" 
FOR EACH ROW 
BEGIN
  <<COLUMN_SEQUENCES>>
  BEGIN
    IF :NEW.ID IS NULL THEN
      SELECT CONF_ROOM_CALENDAR_SEQ.NEXTVAL INTO :NEW.ID FROM DUAL;
    END IF;
  END COLUMN_SEQUENCES;
END;
/
ALTER TRIGGER "OA"."CONF_ROOM_CALENDAR_TRG" ENABLE;
--------------------------------------------------------
--  DDL for Trigger DEPARTMENT_TRG
--------------------------------------------------------

  CREATE OR REPLACE TRIGGER "OA"."DEPARTMENT_TRG" BEFORE INSERT ON "OA"."DEPARTMENTS" 
FOR EACH ROW 
BEGIN
  <<COLUMN_SEQUENCES>>
  BEGIN
    IF :NEW.DEPT_ID IS NULL THEN
      SELECT DEPARTMENT_SEQ.NEXTVAL INTO :NEW.DEPT_ID FROM DUAL;
    END IF;
  END COLUMN_SEQUENCES;
END;
/
ALTER TRIGGER "OA"."DEPARTMENT_TRG" ENABLE;
--------------------------------------------------------
--  DDL for Trigger EMPLOYEES_TRG
--------------------------------------------------------

  CREATE OR REPLACE TRIGGER "OA"."EMPLOYEES_TRG" BEFORE INSERT ON "OA"."EMPLOYEES" 
FOR EACH ROW 
BEGIN
  <<COLUMN_SEQUENCES>>
  BEGIN
    IF :NEW.ID IS NULL THEN
      SELECT EMPLOYEES_SEQ.NEXTVAL INTO :NEW.ID FROM DUAL;
    END IF;
  END COLUMN_SEQUENCES;
END;
/
ALTER TRIGGER "OA"."EMPLOYEES_TRG" ENABLE;
--------------------------------------------------------
--  DDL for Trigger HELPDESK_CALLS_TRG
--------------------------------------------------------

  CREATE OR REPLACE TRIGGER "OA"."HELPDESK_CALLS_TRG" BEFORE INSERT ON "OA"."HELPDESK_CALLS"
FOR EACH ROW
declare
  seqid varchar2(20);
BEGIN
  <<COLUMN_SEQUENCES>>
  BEGIN
    IF :NEW.CALL_ID IS NULL THEN
      SELECT HELPDESK_CALLS_SEQ.NEXTVAL INTO seqid FROM DUAL;
      SELECT seqid INTO :NEW.CALL_ID FROM DUAL;
      SELECT 'BX-' || seqid INTO :NEW.CALL_READABLE_ID FROM DUAL;
    END IF;
  END COLUMN_SEQUENCES;
END;
/
ALTER TRIGGER "OA"."HELPDESK_CALLS_TRG" ENABLE;
--------------------------------------------------------
--  DDL for Trigger LOCATIONS_TRG
--------------------------------------------------------

  CREATE OR REPLACE TRIGGER "OA"."LOCATIONS_TRG" BEFORE INSERT ON "OA"."LOCATIONS" 
FOR EACH ROW 
BEGIN
  <<COLUMN_SEQUENCES>>
  BEGIN
    IF :NEW.LOCATION_ID IS NULL THEN
      SELECT 'LOC-'||LOCATIONS_SEQ.NEXTVAL INTO :NEW.LOCATION_ID FROM DUAL;
    END IF;
  END COLUMN_SEQUENCES;
END;
/
ALTER TRIGGER "OA"."LOCATIONS_TRG" ENABLE;
--------------------------------------------------------
--  DDL for Trigger LOVS_TRG
--------------------------------------------------------

  CREATE OR REPLACE TRIGGER "OA"."LOVS_TRG" BEFORE INSERT ON "OA"."LOVS" 
FOR EACH ROW 
BEGIN
  <<COLUMN_SEQUENCES>>
  BEGIN
    IF :NEW.ID IS NULL THEN
      SELECT LOVS_SEQ.NEXTVAL INTO :NEW.ID FROM DUAL;
    END IF;
  END COLUMN_SEQUENCES;
END;
/
ALTER TRIGGER "OA"."LOVS_TRG" ENABLE;
--------------------------------------------------------
--  DDL for Trigger NOTIFICATIONS_TRG
--------------------------------------------------------

  CREATE OR REPLACE TRIGGER "OA"."NOTIFICATIONS_TRG" BEFORE INSERT ON "OA"."NOTIFICATIONS" 
FOR EACH ROW 
BEGIN
  <<COLUMN_SEQUENCES>>
  BEGIN
    IF :NEW.ID IS NULL THEN
      SELECT NOTIFICATIONS_SEQ.NEXTVAL INTO :NEW.ID FROM DUAL;
    END IF;
  END COLUMN_SEQUENCES;
END;
/
ALTER TRIGGER "OA"."NOTIFICATIONS_TRG" ENABLE;
--------------------------------------------------------
--  DDL for Trigger PURCHASE_ORDERS_TRG
--------------------------------------------------------

  CREATE OR REPLACE TRIGGER "OA"."PURCHASE_ORDERS_TRG" BEFORE INSERT ON "OA"."PURCHASE_ORDERS"
FOR EACH ROW
declare
  seqid varchar2(20);
BEGIN
  <<COLUMN_SEQUENCES>>
  BEGIN
    IF :NEW.ORDER_ID IS NULL THEN
      SELECT PURCHASE_ORDERS_SEQ.NEXTVAL INTO seqid FROM DUAL;
      SELECT seqid INTO :NEW.ORDER_ID FROM DUAL;
      SELECT 'CG-' || seqid INTO :NEW.ORDER_READABLE_ID FROM DUAL;
    END IF;
  END COLUMN_SEQUENCES;
END;
/
ALTER TRIGGER "OA"."PURCHASE_ORDERS_TRG" ENABLE;
--------------------------------------------------------
--  DDL for Trigger PURCHASE_ORDER_HISTORYS_TRG
--------------------------------------------------------

  CREATE OR REPLACE TRIGGER "OA"."PURCHASE_ORDER_HISTORYS_TRG" BEFORE INSERT ON "OA"."PURCHASE_ORDER_HISTORYS"
FOR EACH ROW
BEGIN
  <<COLUMN_SEQUENCES>>
  BEGIN
    IF :NEW.ORDER_HISTORY_ID IS NULL THEN
      SELECT PURCHASE_ORDER_HISTORYS_SEQ.NEXTVAL INTO :NEW.ORDER_HISTORY_ID FROM DUAL;
    END IF;
  END COLUMN_SEQUENCES;
END;
/
ALTER TRIGGER "OA"."PURCHASE_ORDER_HISTORYS_TRG" ENABLE;
--------------------------------------------------------
--  DDL for Trigger PURCHASE_ORDER_LINES_TRG
--------------------------------------------------------

  CREATE OR REPLACE TRIGGER "OA"."PURCHASE_ORDER_LINES_TRG" BEFORE INSERT ON "OA"."PURCHASE_ORDER_LINES"
FOR EACH ROW
BEGIN
  <<COLUMN_SEQUENCES>>
  BEGIN
    IF :NEW.ORDER_LINE_ID IS NULL THEN
      SELECT PURCHASE_ORDER_LINES_SEQ.NEXTVAL INTO :NEW.ORDER_LINE_ID FROM DUAL;
    END IF;
  END COLUMN_SEQUENCES;
END;
/
ALTER TRIGGER "OA"."PURCHASE_ORDER_LINES_TRG" ENABLE;
--------------------------------------------------------
--  DDL for Trigger REPAIR_CALLS_TRG
--------------------------------------------------------

  CREATE OR REPLACE TRIGGER "OA"."REPAIR_CALLS_TRG" BEFORE INSERT ON "OA"."REPAIR_CALLS"
FOR EACH ROW
declare
  seqid varchar2(20);
BEGIN
  <<COLUMN_SEQUENCES>>
  BEGIN
    IF :NEW.CALL_ID IS NULL THEN
      SELECT REPAIR_CALLS_SEQ.NEXTVAL INTO seqid FROM DUAL;
      SELECT seqid INTO :NEW.CALL_ID FROM DUAL;
      SELECT 'BX-' || seqid INTO :NEW.CALL_READABLE_ID FROM DUAL;
    END IF;
  END COLUMN_SEQUENCES;
END;
/
ALTER TRIGGER "OA"."REPAIR_CALLS_TRG" ENABLE;
--------------------------------------------------------
--  DDL for Trigger ROLES_TRG
--------------------------------------------------------

  CREATE OR REPLACE TRIGGER "OA"."ROLES_TRG" BEFORE INSERT ON "OA"."ROLES" 
FOR EACH ROW 
BEGIN
  <<COLUMN_SEQUENCES>>
  BEGIN
    IF :NEW.ROLE_ID IS NULL THEN
      SELECT ROLES_SEQ.NEXTVAL INTO :NEW.ROLE_ID FROM DUAL;
    END IF;
  END COLUMN_SEQUENCES;
END;
/
ALTER TRIGGER "OA"."ROLES_TRG" ENABLE;
--------------------------------------------------------
--  DDL for Trigger TASKS_TRG
--------------------------------------------------------

  CREATE OR REPLACE TRIGGER "OA"."TASKS_TRG" BEFORE INSERT ON "OA"."TASKS" 
FOR EACH ROW 
BEGIN
  <<COLUMN_SEQUENCES>>
  BEGIN
    IF :NEW.ID IS NULL THEN
      SELECT TASKS_SEQ.NEXTVAL INTO :NEW.ID FROM DUAL;
    END IF;
  END COLUMN_SEQUENCES;
END;
/
ALTER TRIGGER "OA"."TASKS_TRG" ENABLE;
--------------------------------------------------------
--  DDL for Trigger VEHICLE_ALENDAR_TRG
--------------------------------------------------------

  CREATE OR REPLACE TRIGGER "OA"."VEHICLE_ALENDAR_TRG" BEFORE INSERT ON "OA"."VEHICLE_CALENDAR" 
FOR EACH ROW 
BEGIN
  <<COLUMN_SEQUENCES>>
  BEGIN
    IF :NEW.ID IS NULL THEN
      SELECT VEHICLE_ALENDAR_SEQ.NEXTVAL INTO :NEW.ID FROM DUAL;
    END IF;
  END COLUMN_SEQUENCES;
END;
/
ALTER TRIGGER "OA"."VEHICLE_ALENDAR_TRG" ENABLE;


